20240102|688|702|4|9|15|20000|1|7|2|61.7537|3.0877|3.0877|14.4317|131.7637|0.1606|0.0080|0.0080|0.0375|0.3426
20240103|75|820|6|1|2|20000|2|2|6|110.6495|0.0000|0.0000|19.7622|683.6592|101.7975|0.0000|0.0000|18.1812|628.9665
20240104|577|647|5|15|14|20001|3|5|3|228.0505|11.4025|0.0000|15.7825|688.5315|234.8920|11.7446|0.0000|16.2560|709.1874
20240105|347|962|7|12|7|20001|4|7|5|21.3631|1.0682|1.0682|10.9657|115.6448|0.0555|0.0028|0.0028|0.0285|0.3007
20240106|137|27|10|2|18|20001|5|5|3|265.6040|13.2802|39.8406|8.2893|751.9805|273.5721|13.6786|41.0358|8.5380|774.5399
20240107|20|611|10|9|8|20002|6|3|1|214.8710|0.0000|10.7436|4.4611|208.5885|251.3991|0.0000|12.5700|5.2195|244.0485
20240108|252|988|7|5|8|20002|7|2|4|189.7808|9.4890|28.4671|14.6644|735.8315|174.5983|8.7299|26.1897|13.4912|676.9650
20240109|712|630|7|8|20|20002|8|7|3|271.6990|0.0000|13.5850|12.5632|814.0752|0.7064|0.0000|0.0353|0.0327|2.1166
20240110|277|791|4|11|16|20003|9|2|1|6.6788|0.3339|1.0018|14.0445|19.3876|6.1445|0.3072|0.9217|12.9209|17.8366
20240111|295|323|9|13|13|20003|10|4|5|296.4283|29.6428|0.0000|9.4172|1461.9159|53.3571|5.3357|0.0000|1.6951|263.1449
20240112|775|529|8|6|4|20003|11|2|5|26.7571|2.6757|4.0136|7.2730|134.3692|24.6165|2.4616|3.6925|6.6912|123.6197
20240113|640|296|1|11|20|20004|12|6|2|91.9175|9.1918|0.0000|9.2778|183.9210|8.0887|0.8089|0.0000|0.8164|16.1850
20240114|245|302|4|15|13|20004|13|2|4|168.0650|8.4032|25.2097|12.2539|650.9010|154.6198|7.7309|23.1929|11.2736|598.8289
20240115|790|35|1|10|19|20004|14|1|1|79.5336|3.9767|3.9767|7.3771|78.9573|79.5336|3.9767|3.9767|7.3771|78.9573
20240116|574|967|3|6|8|20005|15|7|2|262.0788|0.0000|13.1039|18.7149|529.7686|0.6814|0.0000|0.0341|0.0487|1.3774
20240117|449|466|9|5|11|20005|16|4|6|246.4840|0.0000|12.3242|9.8544|1476.4342|44.3671|0.0000|2.2184|1.7738|265.7582
20240118|745|696|8|2|10|20005|17|1|4|155.4135|0.0000|23.3120|19.9413|618.2833|155.4135|0.0000|23.3120|19.9413|618.2833
20240119|50|140|8|8|14|20006|18|7|4|74.5101|7.4510|11.1765|11.4074|290.8203|0.1937|0.0194|0.0291|0.0297|0.7561
20240120|725|675|2|14|13|20006|19|5|6|148.6645|0.0000|0.0000|3.7573|895.7443|153.1244|0.0000|0.0000|3.8700|922.6166
20240121|856|368|3|9|17|20006|20|4|6|97.0138|9.7014|14.5521|12.4918|570.3211|17.4625|1.7463|2.6194|2.2485|102.6578
20240122|840|165|9|15|6|20007|21|4|2|29.1783|2.9178|4.3767|2.0185|53.0806|5.2521|0.5252|0.7878|0.3633|9.5545
20240123|406|871|9|8|2|20007|22|5|3|244.4568|0.0000|12.2228|9.0841|730.2317|251.7905|0.0000|12.5895|9.3566|752.1387
20240124|733|425|5|8|3|20007|23|2|6|271.7128|27.1713|13.5856|7.0037|1596.5236|249.9758|24.9976|12.4988|6.4434|1468.8017
20240125|212|20|6|13|12|20008|24|3|5|71.4305|7.1430|3.5715|9.1674|355.6054|83.5737|8.3573|4.1787|10.7259|416.0583
20240126|799|425|6|3|6|20008|25|5|2|76.5935|3.8297|3.8297|15.3884|160.9160|78.8913|3.9446|3.9446|15.8501|165.7435
20240127|446|875|6|4|7|20008|26|7|1|6.2733|0.0000|0.0000|10.6746|16.9479|0.0163|0.0000|0.0000|0.0278|0.0441
20240128|192|909|6|13|18|20009|27|2|5|133.6699|0.0000|20.0505|18.6212|666.9202|122.9763|0.0000|18.4465|17.1315|613.5666
20240129|315|725|8|13|15|20009|28|5|5|273.4314|0.0000|41.0147|17.8052|1343.9475|281.6343|0.0000|42.2451|18.3394|1384.2659
20240130|507|673|3|10|11|20009|29|7|3|19.4293|0.0000|0.9715|13.5342|70.8506|0.0505|0.0000|0.0025|0.0352|0.1842
20240131|541|636|5|13|10|20010|30|6|4|147.1331|0.0000|7.3567|19.1210|600.2967|12.9477|0.0000|0.6474|1.6826|52.8261
20240201|449|335|7|4|8|20010|31|7|4|243.4723|12.1736|36.5208|11.8924|937.0872|0.6330|0.0317|0.0950|0.0309|2.4364
20240202|960|376|1|11|8|20010|32|3|3|66.5632|0.0000|9.9845|19.3159|209.0210|77.8789|0.0000|11.6819|22.5996|244.5546
20240203|147|729|6|4|18|20011|33|4|5|188.9668|0.0000|0.0000|18.4933|963.3273|34.0140|0.0000|0.0000|3.3288|173.3989
20240204|495|594|5|5|15|20011|34|6|5|242.1405|0.0000|12.1070|14.8634|1213.4589|21.3084|0.0000|1.0654|1.3080|106.7844
20240205|814|641|9|14|10|20011|35|6|4|154.3270|7.7164|7.7164|16.2806|618.1558|13.5808|0.6790|0.6790|1.4327|54.3977
20240206|831|943|8|3|12|20012|36|5|5|35.9575|1.7979|5.3936|19.9875|192.5835|37.0362|1.8518|5.5554|20.5871|198.3610
20240207|298|69|10|15|9|20012|37|6|1|77.3421|7.7342|0.0000|2.5633|72.1712|6.8061|0.6806|0.0000|0.2256|6.3511
20240208|193|542|2|15|12|20012|38|2|3|290.5290|0.0000|14.5265|16.0365|873.0970|267.2867|0.0000|13.3644|14.7536|803.2492
20240209|747|210|6|5|18|20013|39|5|4|36.7788|1.8389|5.5168|12.3775|152.1370|37.8822|1.8941|5.6823|12.7488|156.7011
20240210|924|659|9|9|19|20013|40|3|1|31.8276|3.1828|4.7741|16.4138|40.2845|37.2383|3.7239|5.5857|19.2041|47.1329
20240211|672|644|9|10|9|20013|41|7|3|168.3826|16.8383|8.4191|17.9075|497.7979|0.4378|0.0438|0.0219|0.0466|1.2943
20240212|406|807|10|7|14|20014|42|3|6|149.4909|0.0000|22.4236|14.0000|888.5218|174.9044|0.0000|26.2356|16.3800|1039.5705
20240213|10|202|10|1|15|20014|43|3|3|275.8931|27.5893|41.3840|5.0557|763.7617|322.7949|32.2795|48.4193|5.9152|893.6012
20240214|62|963|10|3|4|20014|44|5|1|225.4712|22.5471|33.8207|3.3735|172.4769|232.2353|23.2235|34.8353|3.4747|177.6512
20240215|264|279|8|10|4|20015|45|6|5|85.0017|0.0000|12.7503|17.4508|429.7090|7.4801|0.0000|1.1220|1.5357|37.8144
20240216|22|369|8|9|7|20015|46|1|3|158.3920|15.8392|23.7588|12.3567|447.9347|158.3920|15.8392|23.7588|12.3567|447.9347
20240217|361|750|5|15|20|20015|47|7|1|296.6464|14.8323|14.8323|17.1651|284.1469|0.7713|0.0386|0.0386|0.0446|0.7388
20240218|890|371|9|2|20|20016|48|1|6|16.7367|0.8368|2.5105|3.6699|100.7428|16.7367|0.8368|2.5105|3.6699|100.7428
20240219|174|494|5|10|16|20016|49|1|5|202.4871|20.2487|30.3731|5.1881|967.0018|202.4871|20.2487|30.3731|5.1881|967.0018
20240220|540|564|8|3|13|20016|50|3|5|141.3065|7.0653|7.0653|17.7622|710.1641|165.3286|8.2664|8.2664|20.7818|830.8920
20240221|593|58|5|11|10|20017|51|2|5|280.3201|0.0000|0.0000|6.9085|1408.5090|257.8945|0.0000|0.0000|6.3558|1295.8283
20240222|508|506|10|15|15|20017|52|7|2|84.4716|0.0000|12.6707|7.8926|164.1651|0.2196|0.0000|0.0329|0.0205|0.4268
20240223|495|10|3|6|15|20017|53|4|4|121.5419|0.0000|18.2313|4.5849|472.5212|21.8775|0.0000|3.2816|0.8253|85.0538
20240224|358|756|10|6|18|20018|54|5|1|54.5565|2.7278|8.1835|3.8254|47.4706|56.1932|2.8096|8.4290|3.9402|48.8947
20240225|598|506|4|8|18|20018|55|5|4|25.7672|1.2884|1.2884|7.8069|108.2989|26.5402|1.3271|1.3271|8.0411|111.5479
20240226|788|394|3|15|4|20018|56|4|2|66.8535|0.0000|0.0000|16.7266|150.4336|12.0336|0.0000|0.0000|3.0108|27.0780
20240227|263|736|8|11|6|20019|57|2|2|199.6551|0.0000|0.0000|14.2249|413.5351|183.6827|0.0000|0.0000|13.0869|380.4523
20240228|652|984|10|3|6|20019|58|5|3|30.3310|1.5166|0.0000|11.0574|100.5338|31.2409|1.5621|0.0000|11.3891|103.5498
20240229|501|715|9|12|8|20019|59|1|6|296.7432|14.8372|44.5115|8.4329|1729.5434|296.7432|14.8372|44.5115|8.4329|1729.5434
20240101|81|265|8|7|16|20020|60|3|2|250.6992|12.5350|37.6049|19.5991|470.8576|293.3181|14.6659|43.9977|22.9309|550.9034
20240102|497|582|1|3|7|20020|61|7|3|288.6760|0.0000|43.3014|3.4180|826.1446|0.7506|0.0000|0.1126|0.0089|2.1480
20240103|138|838|8|6|12|20020|62|2|6|180.0504|9.0025|0.0000|7.2877|1078.5876|165.6464|8.2823|0.0000|6.7047|992.3006
20240104|126|782|5|7|8|20021|63|6|6|125.8163|0.0000|6.2908|17.8056|766.4126|11.0718|0.0000|0.5536|1.5669|67.4443
20240105|743|739|5|3|11|20021|64|6|4|165.3298|8.2665|24.7995|15.7725|644.0257|14.5490|0.7275|2.1824|1.3880|56.6743
20240106|344|714|10|11|6|20021|65|3|2|74.8748|7.4875|11.2312|16.3654|147.3963|87.6035|8.7604|13.1405|19.1475|172.4537
20240107|380|860|3|14|1|20022|66|7|5|96.4291|9.6429|14.4644|13.2671|471.3053|0.2507|0.0251|0.0376|0.0345|1.2254
20240108|191|311|3|15|13|20022|67|2|3|131.7265|6.5863|0.0000|19.4050|407.9982|121.1884|6.0594|0.0000|17.8526|375.3583
20240109|113|870|6|2|3|20022|68|2|5|137.0363|6.8518|20.5554|5.9237|663.6980|126.0734|6.3037|18.9110|5.4498|610.6022
20240110|336|748|6|11|17|20023|69|2|5|55.4299|5.5430|0.0000|12.8525|284.4590|50.9955|5.0996|0.0000|11.8243|261.7023
20240111|649|864|8|1|9|20023|70|3|3|16.2730|0.0000|0.0000|2.9571|51.7761|19.0394|0.0000|0.0000|3.4598|60.5780
20240112|585|864|5|5|13|20023|71|5|1|292.6041|14.6302|43.8906|13.6353|247.7186|301.3822|15.0691|45.2073|14.0444|255.1502
20240113|73|432|6|1|20|20024|72|6|4|191.8518|9.5926|0.0000|4.9470|762.7616|16.8830|0.8441|0.0000|0.4353|67.1230
20240114|120|599|3|1|19|20024|73|7|2|244.8585|12.2429|36.7288|5.2503|445.9956|0.6366|0.0318|0.0955|0.0137|1.1596
20240115|132|111|10|7|15|20024|74|6|4|78.0196|3.9010|3.9010|17.7476|322.0240|6.8657|0.3433|0.3433|1.5618|28.3381
20240116|543|366|6|11|13|20025|75|5|1|62.3400|0.0000|3.1170|18.6961|77.9191|64.2102|0.0000|3.2105|19.2570|80.2567
20240117|187|198|6|8|15|20025|76|1|2|268.4602|26.8460|40.2690|18.4692|488.2746|268.4602|26.8460|40.2690|18.4692|488.2746
20240118|760|899|4|4|9|20025|77|5|1|253.0123|0.0000|37.9518|18.6725|233.7330|260.6027|0.0000|39.0904|19.2327|240.7450
20240119|918|817|8|5|12|20026|78|4|5|27.6127|2.7613|1.3806|4.0532|137.9748|4.9703|0.4970|0.2485|0.7296|24.8355
20240120|203|691|6|6|6|20026|79|1|4|181.1391|18.1139|0.0000|2.5229|708.9654|181.1391|18.1139|0.0000|2.5229|708.9654
20240121|642|993|2|2|17|20026|80|2|4|285.9093|14.2955|14.2955|3.7187|1118.7649|263.0366|13.1519|13.1519|3.4212|1029.2637
20240122|529|28|4|7|7|20027|81|2|3|92.1642|4.6082|0.0000|8.2990|280.1834|84.7911|4.2395|0.0000|7.6351|257.7687
20240123|396|569|6|14|11|20027|82|5|2|70.2572|7.0257|10.5386|15.8975|138.8476|72.3649|7.2365|10.8548|16.3744|143.0130
20240124|451|451|3|5|15|20027|83|3|4|12.0873|1.2087|1.8131|5.7277|51.0551|14.1421|1.4142|2.1213|6.7014|59.7345
20240125|145|436|1|15|2|20028|84|1|4|214.4891|0.0000|0.0000|13.4414|871.3978|214.4891|0.0000|0.0000|13.4414|871.3978
20240126|842|986|2|12|10|20028|85|4|6|12.8171|0.0000|1.9226|7.3331|82.3131|2.3071|0.0000|0.3461|1.3200|14.8164
20240127|542|300|8|1|12|20028|86|3|6|130.6433|0.0000|6.5322|18.0483|795.3759|152.8527|0.0000|7.6427|21.1165|930.5898
20240128|480|158|5|13|16|20029|87|3|5|171.5268|0.0000|25.7290|17.8740|849.7790|200.6864|0.0000|30.1029|20.9126|994.2414
20240129|587|384|10|2|17|20029|88|5|4|262.8471|13.1424|0.0000|13.8665|1052.1125|270.7325|13.5367|0.0000|14.2825|1083.6759
20240130|943|224|4|5|9|20029|89|5|2|195.3895|9.7695|29.3084|19.8877|371.5888|201.2512|10.0626|30.1877|20.4843|382.7365
20240131|228|171|1|7|15|20030|90|2|3|21.6287|1.0814|0.0000|13.1440|76.9487|19.8984|0.9949|0.0000|12.0925|70.7928
20240201|843|100|1|12|6|20030|91|5|2|169.1289|0.0000|25.3693|19.4612|332.3497|174.2028|0.0000|26.1304|20.0450|342.3202
20240202|457|685|6|9|10|20030|92|4|4|58.7495|2.9375|0.0000|18.2385|250.2990|10.5749|0.5287|0.0000|3.2829|45.0538
20240203|736|567|1|11|1|20031|93|4|2|19.8701|1.9870|2.9805|8.4498|43.2225|3.5766|0.3577|0.5365|1.5210|7.7800
20240204|419|742|6|7|19|20031|94|7|2|112.4021|11.2402|5.6201|2.6541|210.5980|0.2922|0.0292|0.0146|0.0069|0.5476
20240205|597|195|8|5|5|20031|95|1|2|187.3909|9.3695|0.0000|5.1349|370.5472|187.3909|9.3695|0.0000|5.1349|370.5472
20240206|60|121|10|2|5|20032|96|7|5|38.8752|0.0000|5.8313|9.9520|198.4967|0.1011|0.0000|0.0152|0.0259|0.5161
20240207|274|244|4|14|6|20032|97|2|4|160.8289|0.0000|0.0000|16.2822|659.5978|147.9626|0.0000|0.0000|14.9796|606.8300
20240208|567|104|4|12|10|20032|98|2|6|44.7504|0.0000|2.2375|19.9092|286.1741|41.1704|0.0000|2.0585|18.3165|263.2802
20240209|491|949|10|10|14|20033|99|7|5|144.1505|7.2075|7.2075|8.1341|714.4716|0.3748|0.0187|0.0187|0.0211|1.8576
20240210|72|804|2|15|20|20033|100|3|4|202.0650|0.0000|10.1033|5.0895|803.2462|236.4160|0.0000|11.8209|5.9547|939.7981
20240211|202|947|4|14|7|20033|101|7|3|101.2558|0.0000|5.0628|3.9845|302.6891|0.2633|0.0000|0.0132|0.0104|0.7870
20240212|529|23|8|3|13|20034|102|5|6|137.4099|0.0000|6.8705|12.9106|830.4995|141.5322|0.0000|7.0766|13.2979|855.4145
20240213|928|439|10|14|19|20034|103|6|2|75.5296|0.0000|3.7765|19.4423|166.7250|6.6466|0.0000|0.3323|1.7109|14.6718
20240214|285|956|5|8|8|20034|104|7|3|298.0083|29.8008|44.7012|11.8684|831.3913|0.7748|0.0775|0.1162|0.0309|2.1616
20240215|546|685|3|7|9|20035|105|1|3|186.8413|18.6841|28.0262|9.3457|523.1593|186.8413|18.6841|28.0262|9.3457|523.1593
20240216|988|235|1|4|13|20035|106|5|3|217.7983|21.7798|0.0000|18.5506|650.1657|224.3322|22.4332|0.0000|19.1071|669.6707
20240217|114|320|9|7|17|20035|107|4|4|216.3421|10.8171|32.4513|17.5396|839.6396|38.9416|1.9471|5.8412|3.1571|151.1351
20240218|914|672|8|7|6|20036|108|6|1|173.2759|8.6638|0.0000|11.6771|176.2892|15.2483|0.7624|0.0000|1.0276|15.5134
20240219|357|882|9|15|17|20036|109|6|3|206.8368|20.6837|10.3418|18.1892|607.6741|18.2016|1.8202|0.9101|1.6006|53.4753
20240220|142|484|4|11|20|20036|110|5|5|38.2890|3.8289|5.7434|16.5970|198.4697|39.4377|3.9438|5.9157|17.0949|204.4238
20240221|807|96|5|1|1|20037|111|3|1|15.6980|1.5698|0.0000|7.1753|21.3035|18.3667|1.8367|0.0000|8.3951|24.9251
20240222|717|322|4|12|8|20037|112|4|4|105.7330|5.2867|5.2867|13.8005|426.1591|19.0319|0.9516|0.9516|2.4841|76.7086
20240223|545|498|8|8|2|20037|113|5|2|198.0350|19.8035|29.7052|9.8386|356.3999|203.9761|20.3976|30.5964|10.1338|367.0919
20240224|748|199|9|15|12|20038|114|4|5|200.6606|10.0330|10.0330|8.7969|992.0339|36.1189|1.8059|1.8059|1.5834|178.5661
20240225|409|165|10|12|18|20038|115|4|6|57.8036|2.8902|2.8902|2.9699|344.0111|10.4046|0.5202|0.5202|0.5346|61.9220
20240226|623|107|1|6|12|20038|116|7|1|17.0579|0.8529|2.5587|16.4148|30.0611|0.0444|0.0022|0.0067|0.0427|0.0782
20240227|359|576|10|10|14|20039|117|3|2|231.8105|11.5905|0.0000|5.2842|457.3147|271.2183|13.5609|0.0000|6.1825|535.0582
20240228|650|712|7|7|5|20039|118|1|5|229.3610|0.0000|34.4041|2.4577|1114.8586|229.3610|0.0000|34.4041|2.4577|1114.8586
20240229|918|340|6|3|17|20039|119|1|3|55.9722|0.0000|0.0000|3.1252|171.0418|55.9722|0.0000|0.0000|3.1252|171.0418
20240101|145|942|7|7|20|20040|120|3|6|213.2914|10.6646|0.0000|9.7864|1278.8702|249.5509|12.4776|0.0000|11.4501|1496.2781
20240102|907|66|7|7|20|20040|121|7|5|152.4249|7.6212|0.0000|3.5742|758.0775|0.3963|0.0198|0.0000|0.0093|1.9710
20240103|1|98|6|4|4|20040|122|7|5|204.4260|10.2213|0.0000|6.3898|1018.2985|0.5315|0.0266|0.0000|0.0166|2.6476
20240104|244|376|3|12|19|20041|123|3|3|68.1861|3.4093|10.2279|17.6356|208.5567|79.7777|3.9889|11.9666|20.6337|244.0113
20240105|529|48|1|3|10|20041|124|6|4|15.0544|0.0000|0.7527|16.8539|76.3188|1.3248|0.0000|0.0662|1.4831|6.7161
20240106|781|58|3|13|15|20041|125|2|4|298.4916|29.8492|0.0000|6.8300|1170.9472|274.6123|27.4613|0.0000|6.2836|1077.2714
20240107|670|519|6|9|8|20042|126|4|3|243.7340|24.3734|12.1867|2.2101|696.8520|43.8721|4.3872|2.1936|0.3978|125.4334
20240108|208|679|4|4|16|20042|127|1|2|178.0622|8.9031|0.0000|8.9486|356.1699|178.0622|8.9031|0.0000|8.9486|356.1699
20240109|157|797|10|14|3|20042|128|5|2|229.9065|11.4953|34.4860|13.9478|427.7795|236.8037|11.8402|35.5206|14.3662|440.6129
20240110|103|867|6|7|11|20043|129|7|2|173.5152|8.6758|26.0273|12.7103|325.0376|0.4511|0.0226|0.0677|0.0330|0.8451
20240111|605|151|6|4|9|20043|130|5|6|60.4695|3.0235|0.0000|7.6034|367.3969|62.2836|3.1142|0.0000|7.8315|378.4188
20240112|573|324|8|12|14|20043|131|5|2|53.6268|2.6813|2.6813|4.6910|106.5820|55.2356|2.7617|2.7617|4.8317|109.7795
20240113|521|590|6|3|18|20044|132|5|5|170.1048|8.5052|0.0000|16.4333|858.4521|175.2079|8.7604|0.0000|16.9263|884.2057
20240114|779|82|1|6|20|20044|133|3|4|174.7587|17.4759|26.2138|2.9431|658.2882|204.4677|20.4468|30.6701|3.4434|770.1972
20240115|351|939|1|4|16|20044|134|7|3|250.8743|0.0000|0.0000|2.2549|754.8778|0.6523|0.0000|0.0000|0.0059|1.9627
20240116|135|154|5|10|4|20045|135|7|3|101.3371|5.0669|0.0000|7.0884|306.0328|0.2635|0.0132|0.0000|0.0184|0.7957
20240117|134|526|2|14|2|20045|136|7|3|93.1205|9.3121|0.0000|18.2573|288.3067|0.2421|0.0242|0.0000|0.0475|0.7496
20240118|655|313|9|10|10|20045|137|4|2|139.6684|6.9834|0.0000|17.5814|289.9348|25.1403|1.2570|0.0000|3.1647|52.1883
20240119|436|741|4|1|1|20046|138|7|4|248.2919|24.8292|37.2438|2.4133|933.5079|0.6456|0.0646|0.0968|0.0063|2.4271
20240120|884|7|7|2|12|20046|139|1|6|181.4801|0.0000|0.0000|17.8356|1106.7162|181.4801|0.0000|0.0000|17.8356|1106.7162
20240121|657|594|6|8|12|20046|140|5|1|20.6952|0.0000|0.0000|5.9943|26.6895|21.3161|0.0000|0.0000|6.1741|27.4902
20240122|509|317|5|7|9|20047|141|4|2|31.7279|0.0000|0.0000|10.1640|73.6198|5.7110|0.0000|0.0000|1.8295|13.2516
20240123|279|524|5|3|6|20047|142|7|2|283.3044|0.0000|42.4957|7.0244|531.1375|0.7366|0.0000|0.1105|0.0183|1.3810
20240124|487|797|2|8|15|20047|143|1|2|261.7817|0.0000|39.2673|3.4023|487.6984|261.7817|0.0000|39.2673|3.4023|487.6984
20240125|781|762|1|14|18|20048|144|4|1|67.0187|6.7019|10.0528|16.3202|66.5842|12.0634|1.2063|1.8095|2.9376|11.9852
20240126|908|713|1|6|18|20048|145|5|1|297.8294|0.0000|0.0000|5.0450|302.8744|306.7643|0.0000|0.0000|5.1963|311.9606
20240127|627|206|3|7|11|20048|146|5|1|171.6242|0.0000|0.0000|12.9889|184.6131|176.7729|0.0000|0.0000|13.3786|190.1515
20240128|965|223|8|7|14|20049|147|6|1|94.5584|4.7279|14.1838|5.7509|81.3976|8.3211|0.4161|1.2482|0.5061|7.1630
20240129|570|122|8|14|16|20049|148|7|3|171.5915|0.0000|8.5796|4.1368|510.3317|0.4461|0.0000|0.0223|0.0108|1.3269
20240130|405|726|9|2|7|20049|149|2|1|292.0731|29.2073|14.6037|16.0393|264.3014|268.7073|26.8707|13.4354|14.7562|243.1573
20240131|609|982|5|2|9|20050|150|6|4|91.2919|4.5646|0.0000|3.4616|364.0646|8.0337|0.4017|0.0000|0.3046|32.0377
20240201|511|490|1|14|4|20050|151|7|1|60.1688|3.0084|3.0084|7.9361|62.0881|0.1564|0.0078|0.0078|0.0206|0.1614
20240202|807|390|7|11|17|20050|152|5|2|258.3172|25.8317|38.7476|15.1130|467.1681|266.0667|26.6067|39.9100|15.5664|481.1831
20240203|701|61|7|5|5|20051|153|6|5|102.1754|0.0000|0.0000|4.8697|515.7467|8.9914|0.0000|0.0000|0.4285|45.3857
20240204|593|753|4|2|19|20051|154|6|4|59.5997|0.0000|8.9400|4.1234|233.5822|5.2448|0.0000|0.7867|0.3629|20.5552
20240205|524|121|5|6|10|20051|155|5|6|85.0591|0.0000|0.0000|8.6062|518.9608|87.6109|0.0000|0.0000|8.8644|534.5296
20240206|30|845|8|10|13|20052|156|2|4|50.4407|5.0441|7.5661|17.8817|207.0343|46.4054|4.6406|6.9608|16.4512|190.4716
20240207|146|128|8|3|16|20052|157|3|6|45.9246|4.5925|6.8887|5.9268|269.9932|53.7318|5.3732|8.0598|6.9344|315.8920
20240208|145|695|8|13|9|20052|158|7|4|87.8665|4.3933|13.1800|14.5717|348.4644|0.2285|0.0114|0.0343|0.0379|0.9060
20240209|350|183|5|15|3|20053|159|2|4|213.4079|10.6704|0.0000|17.9810|860.9422|196.3353|9.8168|0.0000|16.5425|792.0668
20240210|61|514|9|14|13|20053|160|7|1|205.3872|10.2694|0.0000|10.6795|205.7973|0.5340|0.0267|0.0000|0.0278|0.5351
20240211|634|169|2|12|8|20053|161|2|6|281.0643|28.1064|14.0532|2.3540|1646.5802|258.5792|25.8579|12.9289|2.1657|1514.8538
20240212|206|340|10|15|13|20054|162|7|6|123.2667|6.1633|18.4900|19.6718|734.6187|0.3205|0.0160|0.0481|0.0511|1.9100
20240213|841|489|7|7|14|20054|163|6|3|270.1875|27.0188|40.5281|19.4829|762.4985|23.7765|2.3777|3.5665|1.7145|67.0999
20240214|946|535|2|3|18|20054|164|7|1|21.8064|2.1806|0.0000|3.9128|23.5386|0.0567|0.0057|0.0000|0.0102|0.0612
20240215|176|723|6|6|12|20055|165|5|6|201.3832|10.0692|0.0000|14.6946|1212.9246|207.4247|10.3713|0.0000|15.1354|1249.3123
20240216|110|169|4|14|5|20055|166|5|6|268.1383|13.4069|0.0000|14.1238|1609.5467|276.1824|13.8091|0.0000|14.5475|1657.8331
20240217|231|806|4|15|6|20055|167|1|1|265.8292|0.0000|13.2915|8.2336|260.7713|265.8292|0.0000|13.2915|8.2336|260.7713
20240218|769|69|8|2|8|20056|168|2|1|129.7438|0.0000|0.0000|19.0443|148.7881|119.3643|0.0000|0.0000|17.5208|136.8851
20240219|407|780|7|1|9|20056|169|1|6|68.2804|0.0000|10.2421|13.4438|412.8841|68.2804|0.0000|10.2421|13.4438|412.8841
20240220|757|653|6|3|20|20056|170|2|1|40.2425|0.0000|0.0000|4.1758|44.4183|37.0231|0.0000|0.0000|3.8417|40.8648
20240221|738|547|7|4|15|20057|171|4|5|152.6854|15.2685|22.9028|15.1036|740.3593|27.4834|2.7483|4.1225|2.7186|133.2647
20240222|437|9|2|14|9|20057|172|2|1|19.9154|0.9958|2.9873|16.4930|32.4253|18.3222|0.9161|2.7483|15.1736|29.8313
20240223|1000|621|8|15|18|20057|173|2|1|188.5041|18.8504|28.2756|12.3718|153.7499|173.4238|17.3424|26.0136|11.3821|141.4499
20240224|431|584|5|10|9|20058|174|3|4|249.4645|24.9464|12.4732|10.6165|971.0549|291.8735|29.1873|14.5936|12.4213|1136.1342
20240225|483|328|4|3|6|20058|175|5|5|285.1764|28.5176|14.2588|5.5532|1388.6588|293.7317|29.3731|14.6866|5.7198|1430.3186
20240226|732|925|7|8|1|20058|176|3|3|63.4584|6.3458|3.1729|2.7823|183.6388|74.2463|7.4246|3.7123|3.2553|214.8574
20240227|569|211|2|2|15|20059|177|5|2|249.0037|24.9004|12.4502|17.5211|478.1779|256.4738|25.6474|12.8237|18.0467|492.5232
20240228|473|675|3|6|16|20059|178|2|1|89.9196|0.0000|13.4879|15.3519|91.7836|82.7260|0.0000|12.4089|14.1237|84.4409
20240229|666|686|7|1|13|20059|179|7|3|6.5164|0.6516|0.9775|8.5484|26.4685|0.0169|0.0017|0.0025|0.0222|0.0688
20240101|36|733|4|4|16|20060|180|5|5|238.7474|11.9374|0.0000|9.0013|1190.8009|245.9098|12.2955|0.0000|9.2713|1226.5249
20240102|518|285|6|7|5|20060|181|3|4|12.1538|1.2154|1.8231|4.7380|50.3147|14.2199|1.4220|2.1330|5.5435|58.8682
20240103|164|917|7|5|7|20060|182|2|1|208.8080|20.8808|31.3212|6.8500|163.4560|192.1034|19.2103|28.8155|6.3020|150.3795
20240104|579|360|8|10|1|20061|183|7|6|23.6576|0.0000|3.5486|16.6844|155.0814|0.0615|0.0000|0.0092|0.0434|0.4032
20240105|785|16|4|13|15|20061|184|3|1|187.2007|0.0000|9.3600|7.0048|184.8455|219.0248|0.0000|10.9512|8.1956|216.2692
20240106|34|934|4|6|9|20061|185|1|6|10.9506|0.0000|0.0000|17.3178|83.0214|10.9506|0.0000|0.0000|17.3178|83.0214
20240107|339|662|10|6|3|20062|186|1|4|11.3066|1.1307|0.0000|18.2571|62.3528|11.3066|1.1307|0.0000|18.2571|62.3528
20240108|926|310|2|13|10|20062|187|1|1|156.5501|0.0000|0.0000|19.7954|176.3455|156.5501|0.0000|0.0000|19.7954|176.3455
20240109|792|640|7|7|9|20062|188|7|2|13.9292|1.3929|2.0894|14.7223|39.0984|0.0362|0.0036|0.0054|0.0383|0.1017
20240110|550|523|4|6|1|20063|189|2|2|126.5644|12.6564|18.9847|7.1082|228.5959|116.4392|11.6439|17.4659|6.5395|210.3082
20240111|921|622|10|9|10|20063|190|5|1|14.6723|1.4672|0.0000|19.7474|32.9525|15.1125|1.5112|0.0000|20.3398|33.9411
20240112|352|507|10|8|16|20063|191|2|3|204.0019|10.2001|10.2001|17.3141|608.9196|187.6817|9.3841|9.3841|15.9290|560.2060
20240113|567|544|4|11|5|20064|192|5|5|105.3605|10.5361|15.8041|19.6707|520.1330|108.5213|10.8522|16.2782|20.2608|535.7370
20240114|746|484|2|12|12|20064|193|4|1|162.3642|16.2364|0.0000|7.4808|153.6086|29.2256|2.9226|0.0000|1.3465|27.6495
20240115|32|34|6|11|9|20064|194|2|6|90.7015|4.5351|0.0000|8.5267|548.2006|83.4454|4.1723|0.0000|7.8446|504.3446
20240116|598|581|10|5|2|20065|195|3|4|76.7451|0.0000|0.0000|8.0530|315.0334|89.7918|0.0000|0.0000|9.4220|368.5891
20240117|123|969|8|3|1|20065|196|4|1|217.7714|0.0000|0.0000|14.6447|232.4161|39.1989|0.0000|0.0000|2.6360|41.8349
20240118|638|98|3|12|9|20065|197|4|2|198.6555|9.9328|9.9328|11.3087|388.7541|35.7580|1.7879|1.7879|2.0356|69.9757
20240119|213|542|3|7|3|20066|198|6|6|96.3723|4.8186|4.8186|15.9453|584.5419|8.4808|0.4240|0.4240|1.4032|51.4397
20240120|687|345|5|3|19|20066|199|5|6|50.3351|5.0335|2.5168|18.9549|313.4152|51.8452|5.1845|2.5923|19.5235|322.8177
20240121|639|968|1|14|12|20066|200|5|1|160.8433|16.0843|8.0422|6.7657|143.4825|165.6686|16.5668|8.2835|6.9687|147.7870
20240122|788|905|8|5|15|20067|201|7|5|90.3329|9.0333|0.0000|4.0478|446.6790|0.2349|0.0235|0.0000|0.0105|1.1614
20240123|319|569|8|5|4|20067|202|1|6|131.2815|0.0000|19.6922|13.0684|781.0652|131.2815|0.0000|19.6922|13.0684|781.0652
20240124|222|826|7|15|16|20067|203|7|2|118.4547|0.0000|17.7682|19.4189|238.5601|0.3080|0.0000|0.0462|0.0505|0.6203
20240125|22|542|9|11|4|20068|204|2|4|11.3703|0.0000|0.0000|3.6293|49.1105|10.4607|0.0000|0.0000|3.3390|45.1817
20240126|350|976|3|11|3|20068|205|6|5|179.0265|17.9027|8.9513|18.9432|887.2217|15.7543|1.5754|0.7877|1.6670|78.0755
20240127|476|244|3|6|5|20068|206|4|3|226.4393|0.0000|0.0000|9.2677|688.5856|40.7591|0.0000|0.0000|1.6682|123.9454
20240128|380|978|6|11|5|20069|207|5|6|92.0108|9.2011|13.8016|4.9176|533.9797|94.7711|9.4771|14.2156|5.0651|549.9991
20240129|824|649|7|15|9|20069|208|6|5|239.4835|0.0000|35.9225|3.2419|1164.7369|21.0745|0.0000|3.1612|0.2853|102.4968
20240130|734|607|10|9|10|20069|209|1|4|255.0886|0.0000|38.2633|12.7118|994.8029|255.0886|0.0000|38.2633|12.7118|994.8029
20240131|692|817|9|8|13|20070|210|3|2|189.8225|0.0000|28.4734|16.4049|367.5765|222.0923|0.0000|33.3139|19.1937|430.0645
20240201|907|68|10|3|17|20070|211|6|6|103.2249|10.3225|0.0000|18.9967|628.0236|9.0838|0.9084|0.0000|1.6717|55.2661
20240202|488|119|3|6|4|20070|212|5|3|260.6234|0.0000|39.0935|16.5805|759.3572|268.4421|0.0000|40.2663|17.0779|782.1379
20240203|483|916|6|8|19|20071|213|3|1|25.7564|2.5756|1.2878|17.0823|38.9753|30.1350|3.0135|1.5067|19.9863|45.6011
20240204|29|590|7|4|10|20071|214|6|4|89.6404|0.0000|4.4820|7.1236|361.2032|7.8884|0.0000|0.3944|0.6269|31.7859
20240205|20|426|5|13|15|20071|215|4|2|160.2867|16.0287|8.0143|18.9539|315.4843|28.8516|2.8852|1.4426|3.4117|56.7872
20240206|625|717|2|3|7|20072|216|3|3|41.0319|2.0516|0.0000|19.7646|140.8087|48.0073|2.4004|0.0000|23.1246|164.7462
20240207|73|137|3|11|2|20072|217|6|5|43.9999|4.4000|6.6000|4.3517|213.3512|3.8720|0.3872|0.5808|0.3829|18.7749
20240208|908|830|10|2|18|20072|218|7|4|262.5859|26.2586|39.3879|16.6956|1001.3927|0.6827|0.0683|0.1024|0.0434|2.6036
20240209|614|50|8|5|8|20073|219|4|1|272.1331|0.0000|40.8200|6.4994|237.8125|48.9840|0.0000|7.3476|1.1699|42.8062
20240210|817|535|9|8|6|20073|220|5|4|128.3622|6.4181|19.2543|16.6864|504.4628|132.2131|6.6106|19.8319|17.1870|519.5967
20240211|908|638|10|10|4|20073|221|4|3|70.1930|7.0193|0.0000|13.2933|216.8530|12.6347|1.2635|0.0000|2.3928|39.0335
20240212|694|667|3|12|6|20074|222|3|4|179.7035|17.9703|8.9852|12.4945|704.3530|210.2531|21.0253|10.5127|14.6186|824.0930
20240213|297|924|1|5|16|20074|223|1|6|204.9163|0.0000|0.0000|19.4629|1248.9607|204.9163|0.0000|0.0000|19.4629|1248.9607
20240214|790|173|3|2|17|20074|224|3|6|120.4281|12.0428|6.0214|15.4013|719.9057|140.9009|14.0901|7.0450|18.0195|842.2897
20240215|121|799|3|1|2|20075|225|1|1|102.8546|10.2855|15.4282|11.4062|88.5471|102.8546|10.2855|15.4282|11.4062|88.5471
20240216|96|715|1|14|5|20075|226|7|2|75.4071|7.5407|0.0000|3.9500|147.2235|0.1961|0.0196|0.0000|0.0103|0.3828
20240217|854|255|1|15|2|20075|227|5|4|64.7032|3.2352|3.2352|11.3863|263.7287|66.6443|3.3323|3.3323|11.7279|271.6406
20240218|472|725|7|10|15|20076|228|6|4|147.9176|0.0000|0.0000|4.5296|596.2000|13.0167|0.0000|0.0000|0.3986|52.4656
20240219|813|97|1|2|9|20076|229|5|5|211.3369|10.5668|31.7005|19.3913|1033.8085|217.6770|10.8838|32.6515|19.9730|1064.8228
20240220|159|684|6|12|9|20076|230|6|2|177.1778|17.7178|26.5767|4.2422|314.3033|15.5916|1.5592|2.3387|0.3733|27.6587
20240221|611|694|3|11|10|20077|231|1|5|272.0157|13.6008|13.6008|16.1600|1349.0369|272.0157|13.6008|13.6008|16.1600|1349.0369
20240222|623|243|4|5|5|20077|232|6|6|236.3211|11.8161|35.4482|12.4501|1383.1124|20.7963|1.0398|3.1194|1.0956|121.7139
20240223|813|605|3|11|8|20077|233|7|4|257.5512|0.0000|0.0000|19.1369|1049.3417|0.6696|0.0000|0.0000|0.0498|2.7283
20240224|689|965|1|6|9|20078|234|3|3|270.3274|27.0327|0.0000|18.8871|802.8366|316.2831|31.6283|0.0000|22.0979|939.3188
20240225|420|799|7|2|2|20078|235|7|6|201.4753|20.1475|10.0738|2.2642|1180.8947|0.5238|0.0524|0.0262|0.0059|3.0703
20240226|338|176|10|12|7|20078|236|2|2|242.1786|12.1089|36.3268|15.8359|451.7574|222.8043|11.1402|33.4207|14.5690|415.6168
20240227|639|539|7|3|16|20079|237|3|6|134.2417|6.7121|0.0000|13.1866|811.9247|157.0628|7.8532|0.0000|15.4283|949.9519
20240228|985|908|6|7|19|20079|238|1|3|37.8935|3.7894|5.6840|16.1274|120.3345|37.8935|3.7894|5.6840|16.1274|120.3345
20240229|910|363|3|9|11|20079|239|1|2|108.1538|5.4077|0.0000|14.5653|225.4652|108.1538|5.4077|0.0000|14.5653|225.4652
20240101|391|714|7|10|9|20080|240|6|2|95.3934|0.0000|14.3090|6.0896|182.5674|8.3946|0.0000|1.2592|0.5359|16.0659
20240102|929|455|2|6|15|20080|241|3|6|161.5102|0.0000|8.0755|4.3090|965.2947|188.9669|0.0000|9.4483|5.0415|1129.3948
20240103|204|636|3|4|19|20080|242|4|3|120.5058|0.0000|6.0253|12.8039|368.2960|21.6910|0.0000|1.0846|2.3047|66.2933
20240104|907|642|7|4|13|20081|243|1|4|248.7680|12.4384|37.3152|11.8278|957.1462|248.7680|12.4384|37.3152|11.8278|957.1462
20240105|900|804|2|13|2|20081|244|6|4|18.3097|1.8310|0.9155|3.7678|74.2601|1.6113|0.1611|0.0806|0.3316|6.5349
20240106|167|929|10|13|16|20081|245|2|2|168.6227|16.8623|25.2934|5.7756|300.8653|155.1329|15.5133|23.2699|5.3136|276.7961
20240107|463|731|7|1|11|20082|246|4|3|123.7421|0.0000|18.5613|14.0567|366.7217|22.2736|0.0000|3.3410|2.5302|66.0099
20240108|565|9|10|9|9|20082|247|5|3|205.1540|10.2577|30.7731|11.6110|586.0422|211.3086|10.5654|31.6963|11.9593|603.6235
20240109|961|435|1|9|16|20082|248|7|3|102.3864|10.2386|15.3580|2.7711|284.3337|0.2662|0.0266|0.0399|0.0072|0.7393
20240110|591|48|7|13|17|20083|249|4|3|99.2978|9.9298|4.9649|15.3032|298.3019|17.8736|1.7874|0.8937|2.7546|53.6943
20240111|299|710|7|3|5|20083|250|1|4|249.8570|12.4929|0.0000|9.3723|996.3074|249.8570|12.4929|0.0000|9.3723|996.3074
20240112|108|572|8|13|12|20083|251|2|5|25.2759|2.5276|3.7914|7.1644|127.2249|23.2538|2.3254|3.4881|6.5912|117.0469
20240113|107|637|7|8|14|20084|252|3|2|136.9914|6.8496|0.0000|12.3349|279.4681|160.2799|8.0140|0.0000|14.4318|326.9777
20240114|270|880|9|1|15|20084|253|2|1|146.3122|14.6312|0.0000|19.6421|151.3231|134.6072|13.4607|0.0000|18.0707|139.2173
20240115|335|564|9|14|6|20084|254|3|4|125.9157|12.5916|6.2958|5.1426|489.9180|147.3214|14.7322|7.3661|6.0168|573.2041
20240116|413|492|4|8|8|20085|255|5|1|76.2283|7.6228|0.0000|6.3470|74.9525|78.5151|7.8515|0.0000|6.5374|77.2011
20240117|171|920|3|8|16|20085|256|7|5|208.7654|20.8765|10.4383|19.0062|1031.5184|0.5428|0.0543|0.0271|0.0494|2.6819
20240118|270|389|9|7|3|20085|257|2|5|14.2050|1.4205|2.1307|19.3802|86.8540|13.0686|1.3069|1.9602|17.8298|79.9057
20240119|471|939|9|8|1|20086|258|7|2|111.2455|5.5623|5.5623|6.6851|218.0515|0.2892|0.0145|0.0145|0.0174|0.5669
20240120|532|838|8|5|1|20086|259|5|3|224.6708|0.0000|33.7006|18.1324|658.4442|231.4109|0.0000|34.7116|18.6764|678.1975
20240121|791|703|1|4|17|20086|260|6|1|221.9920|11.0996|0.0000|19.4239|230.3163|19.5353|0.9768|0.0000|1.7093|20.2678
20240122|254|191|4|10|20|20087|261|7|2|128.7881|12.8788|0.0000|9.8257|254.5231|0.3348|0.0335|0.0000|0.0255|0.6618
20240123|212|232|8|9|18|20087|262|7|1|57.2566|2.8628|0.0000|19.2108|73.6046|0.1489|0.0074|0.0000|0.0499|0.1914
20240124|696|699|9|3|15|20087|263|2|4|116.5050|5.8253|5.8253|14.3706|468.7400|107.1846|5.3593|5.3593|13.2210|431.2408
20240125|2|839|3|15|14|20088|264|4|1|239.2348|11.9617|11.9617|2.7958|218.1072|43.0623|2.1531|2.1531|0.5032|39.2593
20240126|885|823|1|11|8|20088|265|1|4|101.2932|5.0647|15.1940|7.6932|392.6073|101.2932|5.0647|15.1940|7.6932|392.6073
20240127|716|826|9|8|8|20088|266|2|3|145.9317|7.2966|0.0000|6.9302|437.4287|134.2572|6.7129|0.0000|6.3758|402.4344
20240128|374|431|4|2|10|20089|267|1|2|22.8233|0.0000|1.1412|3.3213|47.8267|22.8233|0.0000|1.1412|3.3213|47.8267
20240129|66|19|4|5|15|20089|268|2|6|33.1954|1.6598|0.0000|18.1227|215.6353|30.5398|1.5270|0.0000|16.6729|198.3845
20240130|584|402|1|8|2|20089|269|3|5|98.4073|9.8407|14.7611|13.7336|481.1683|115.1365|11.5136|17.2705|16.0683|562.9669
20240131|297|502|2|4|12|20090|270|5|3|201.4124|0.0000|30.2119|18.1567|592.1820|207.4548|0.0000|31.1183|18.7014|609.9475
20240201|686|484|1|6|3|20090|271|1|2|272.0992|0.0000|0.0000|5.4646|549.6630|272.0992|0.0000|0.0000|5.4646|549.6630
20240202|640|456|10|8|3|20090|272|1|2|282.0131|28.2013|42.3020|13.6485|507.1714|282.0131|28.2013|42.3020|13.6485|507.1714
20240203|400|344|10|4|8|20091|273|1|6|81.6422|0.0000|0.0000|12.4461|502.2993|81.6422|0.0000|0.0000|12.4461|502.2993
20240204|603|353|2|9|16|20091|274|7|5|40.1500|0.0000|2.0075|2.7635|201.5060|0.1044|0.0000|0.0052|0.0072|0.5239
20240205|878|829|1|1|14|20091|275|4|4|68.2782|0.0000|0.0000|8.9456|282.0584|12.2901|0.0000|0.0000|1.6102|50.7705
20240206|167|379|4|9|12|20092|276|4|2|156.5582|7.8279|7.8279|18.5193|315.9799|28.1805|1.4090|1.4090|3.3335|56.8764
20240207|853|664|9|12|1|20092|277|7|1|68.5121|6.8512|3.4256|18.6513|76.8866|0.1781|0.0178|0.0089|0.0485|0.1999
20240208|802|336|3|6|20|20092|278|4|1|191.5044|9.5752|9.5752|19.7066|192.0606|34.4708|1.7235|1.7235|3.5472|34.5709
20240209|441|200|8|3|7|20093|279|6|3|253.4092|0.0000|38.0114|5.0032|727.2194|22.3000|0.0000|3.3450|0.4403|63.9953
20240210|164|240|6|8|11|20093|280|6|1|81.2247|0.0000|4.0612|17.9904|95.1539|7.1478|0.0000|0.3574|1.5832|8.3735
20240211|994|237|6|12|15|20093|281|2|4|133.8527|13.3853|0.0000|14.7305|536.7560|123.1445|12.3145|0.0000|13.5521|493.8155
20240212|329|756|6|5|4|20094|282|4|2|74.4608|7.4461|3.7230|6.2520|144.0045|13.4029|1.3403|0.6701|1.1254|25.9208
20240213|453|893|9|10|6|20094|283|4|4|193.8236|19.3824|29.0735|2.7933|729.6318|34.8882|3.4888|5.2332|0.5028|131.3337
20240214|691|761|9|14|3|20094|284|7|6|24.7615|0.0000|1.2381|5.9633|153.2942|0.0644|0.0000|0.0032|0.0155|0.3986
20240215|335|524|1|7|16|20095|285|1|1|286.0240|14.3012|0.0000|17.5982|289.3210|286.0240|14.3012|0.0000|17.5982|289.3210
20240216|15|287|6|1|5|20095|286|6|3|9.3596|0.4680|1.4039|12.2040|38.4109|0.8236|0.0412|0.1235|1.0740|3.3802
20240217|852|187|9|10|6|20095|287|6|5|127.3383|6.3669|0.0000|3.5307|633.8553|11.2058|0.5603|0.0000|0.3107|55.7793
20240218|202|844|9|7|13|20096|288|2|2|82.7359|4.1368|12.4104|10.5769|159.5015|76.1170|3.8059|11.4176|9.7307|146.7414
20240219|259|837|1|15|1|20096|289|5|2|268.1216|0.0000|13.4061|3.8913|526.7284|276.1652|0.0000|13.8083|4.0080|542.5303
20240220|243|481|8|2|19|20096|290|7|5|155.0155|7.7508|23.2523|2.5128|746.5872|0.4030|0.0202|0.0605|0.0065|1.9411
20240221|482|407|8|11|19|20097|291|2|6|72.8753|0.0000|10.9313|5.0403|431.3608|67.0453|0.0000|10.0568|4.6371|396.8519
20240222|74|551|3|14|9|20097|292|4|4|58.4003|2.9200|2.9200|19.7505|247.5117|10.5121|0.5256|0.5256|3.5551|44.5521
20240223|915|795|8|14|12|20097|293|4|6|198.0360|19.8036|0.0000|5.7904|1174.2028|35.6465|3.5646|0.0000|1.0423|211.3565
20240224|71|865|9|9|11|20098|294|1|1|76.7552|0.0000|3.8378|3.8414|76.7588|76.7552|0.0000|3.8378|3.8414|76.7588
20240225|53|166|7|11|20|20098|295|1|3|19.7575|1.9758|2.9636|18.4429|72.7760|19.7575|1.9758|2.9636|18.4429|72.7760
20240226|938|734|1|14|3|20098|296|4|2|53.1447|5.3145|7.9717|7.3941|100.3973|9.5660|0.9566|1.4349|1.3309|18.0715
20240227|474|749|7|13|2|20099|297|4|2|170.7449|8.5372|8.5372|8.4971|332.9125|30.7341|1.5367|1.5367|1.5295|59.9243
20240228|718|550|5|1|15|20099|298|3|5|87.3291|8.7329|13.0994|7.9182|422.7314|102.1750|10.2175|15.3263|9.2643|494.5957
20240229|858|616|10|4|12|20099|299|2|5|50.7595|0.0000|7.6139|6.9506|253.1342|46.6987|0.0000|7.0048|6.3946|232.8835
20240101|911|93|5|13|9|20100|300|6|3|262.4504|0.0000|0.0000|7.8867|795.2379|23.0956|0.0000|0.0000|0.6940|69.9809
20240102|906|36|8|4|6|20100|301|3|4|292.6660|0.0000|43.8999|17.4066|1144.1707|342.4192|0.0000|51.3629|20.3657|1338.6797
20240103|666|396|4|15|11|20100|302|6|3|17.7544|0.0000|2.6632|14.9985|65.5985|1.5624|0.0000|0.2344|1.3199|5.7727
20240104|284|785|10|7|11|20101|303|2|4|128.0223|6.4011|19.2033|10.4484|496.9332|117.7805|5.8890|17.6670|9.6125|457.1785
20240105|950|422|4|7|18|20101|304|3|1|225.9355|11.2968|0.0000|18.1424|232.7811|264.3445|13.2173|0.0000|21.2266|272.3539
20240106|911|175|2|11|10|20101|305|2|2|242.2214|12.1111|12.1111|3.9799|464.2005|222.8437|11.1422|11.1422|3.6615|427.0645
20240107|781|464|7|4|4|20102|306|3|4|10.8818|1.0882|1.6323|17.0682|57.8749|12.7317|1.2732|1.9098|19.9698|67.7136
20240108|452|303|5|9|19|20102|307|3|5|173.2000|8.6600|8.6600|11.5002|860.1802|202.6440|10.1322|10.1322|13.4552|1006.4108
20240109|215|619|5|1|16|20102|308|1|1|13.7939|0.6897|0.6897|13.0927|25.5072|13.7939|0.6897|0.6897|13.0927|25.5072
20240110|8|277|6|7|18|20103|309|2|6|5.7547|0.5755|0.2877|4.7632|38.4282|5.2943|0.5295|0.2647|4.3821|35.3539
20240111|352|213|7|12|1|20103|310|3|2|246.6440|24.6644|0.0000|11.1628|479.7864|288.5735|28.8573|0.0000|13.0605|561.3501
20240112|286|750|7|5|15|20103|311|7|4|105.1555|5.2578|15.7733|18.3664|417.9573|0.2734|0.0137|0.0410|0.0478|1.0867
20240113|283|349|10|12|2|20104|312|5|6|148.3131|7.4157|22.2470|12.4264|872.6423|152.7625|7.6382|22.9144|12.7992|898.8216
20240114|159|289|9|9|15|20104|313|3|1|238.4926|11.9246|0.0000|13.9247|240.4927|279.0363|13.9518|0.0000|16.2919|281.3765
20240115|683|208|8|13|14|20104|314|7|6|27.5114|1.3756|4.1267|18.6213|178.1874|0.0715|0.0036|0.0107|0.0484|0.4633
20240116|99|107|4|4|12|20105|315|5|3|265.5015|26.5502|0.0000|5.0714|775.0257|273.4665|27.3467|0.0000|5.2235|798.2765
20240117|346|746|5|1|2|20105|316|6|3|68.3412|0.0000|3.4171|15.9625|217.5690|6.0140|0.0000|0.3007|1.4047|19.1461
20240118|212|839|10|1|16|20105|317|2|5|78.0957|7.8096|3.9048|6.8211|385.5852|71.8480|7.1848|3.5924|6.2754|354.7384
20240119|321|872|10|4|11|20106|318|4|1|243.6574|0.0000|12.1829|7.6006|239.0751|43.8583|0.0000|2.1929|1.3681|43.0335
20240120|894|408|9|5|8|20106|319|4|1|234.8319|0.0000|11.7416|15.6015|238.6918|42.2697|0.0000|2.1135|2.8083|42.9645
20240121|328|618|4|2|8|20106|320|7|2|11.7264|0.0000|0.0000|9.0281|32.4809|0.0305|0.0000|0.0000|0.0235|0.0845
20240122|174|249|4|14|16|20107|321|5|6|272.3702|13.6185|13.6185|5.6768|1612.6610|280.5413|14.0271|14.0271|5.8471|1661.0408
20240123|587|121|4|10|10|20107|322|4|3|19.8541|1.9854|0.9927|13.8922|70.4764|3.5737|0.3574|0.1787|2.5006|12.6858
20240124|832|224|4|4|15|20107|323|1|1|167.6472|8.3824|8.3824|10.1567|161.0391|167.6472|8.3824|8.3824|10.1567|161.0391
20240125|780|460|2|2|5|20108|324|3|2|213.4503|0.0000|0.0000|3.4364|430.3370|249.7369|0.0000|0.0000|4.0206|503.4943
20240126|331|749|1|7|13|20108|325|5|1|276.9497|13.8475|41.5425|19.4121|240.9718|285.2582|14.2629|42.7888|19.9945|248.2010
20240127|788|688|6|15|4|20108|326|6|1|165.6690|8.2835|0.0000|5.7844|163.1699|14.5789|0.7289|0.0000|0.5090|14.3590
20240128|668|316|6|1|14|20109|327|4|3|244.4580|0.0000|36.6687|6.1636|702.8689|44.0024|0.0000|6.6004|1.1094|126.5164
20240129|777|248|5|4|20|20109|328|4|3|268.1159|13.4058|0.0000|12.6671|803.6090|48.2609|2.4130|0.0000|2.2801|144.6496
20240130|61|871|9|4|3|20109|329|4|6|253.9417|25.3942|38.0913|19.7651|1479.9298|45.7095|4.5710|6.8564|3.5577|266.3874
20240131|917|489|3|2|11|20110|330|4|1|58.8700|0.0000|0.0000|11.2290|70.0990|10.5966|0.0000|0.0000|2.0212|12.6178
20240201|541|594|3|2|7|20110|331|5|6|151.5585|7.5779|0.0000|4.9512|906.7243|156.1053|7.8052|0.0000|5.0997|933.9260
20240202|724|997|9|4|8|20110|332|3|2|61.5383|6.1538|9.2307|11.6466|119.3387|71.9998|7.1999|10.7999|13.6265|139.6263
20240203|636|863|7|14|5|20111|333|2|4|219.0840|0.0000|32.8626|3.3581|846.8315|201.5573|0.0000|30.2336|3.0895|779.0850
20240204|160|753|9|2|11|20111|334|2|4|167.5648|16.7565|8.3782|10.9847|656.1092|154.1596|15.4160|7.7079|10.1059|603.6205
20240205|402|942|7|3|4|20111|335|7|4|154.3709|15.4371|0.0000|15.8655|617.9120|0.4014|0.0401|0.0000|0.0413|1.6066
20240206|448|696|5|2|9|20112|336|2|6|164.3108|16.4311|0.0000|9.7378|979.1715|151.1659|15.1166|0.0000|8.9588|900.8378
20240207|165|873|7|5|16|20112|337|7|6|120.7339|12.0734|18.1101|4.6570|698.8769|0.3139|0.0314|0.0471|0.0121|1.8171
20240208|544|990|3|8|20|20112|338|4|1|115.8616|11.5862|0.0000|9.1571|113.4325|20.8551|2.0855|0.0000|1.6483|20.4179
20240209|363|771|4|5|10|20113|339|4|2|241.3126|12.0656|36.1969|7.7191|442.0818|43.4363|2.1718|6.5154|1.3894|79.5747
20240210|258|748|10|7|7|20113|340|7|2|209.2770|10.4639|0.0000|3.1022|411.1923|0.5441|0.0272|0.0000|0.0081|1.0691
20240211|467|643|2|11|5|20113|341|4|3|138.6528|0.0000|20.7979|13.5207|408.6812|24.9575|0.0000|3.7436|2.4337|73.5626
20240212|643|796|8|13|11|20114|342|5|6|31.3858|0.0000|1.5693|3.3745|190.1200|32.3274|0.0000|1.6164|3.4757|195.8236
20240213|316|55|5|1|19|20114|343|7|5|113.5852|0.0000|5.6793|5.0352|567.2819|0.2953|0.0000|0.0148|0.0131|1.4749
20240214|638|467|2|11|18|20114|344|7|2|20.5488|1.0274|0.0000|12.3608|52.4310|0.0534|0.0027|0.0000|0.0321|0.1363
20240215|733|268|1|13|4|20115|345|1|4|79.5429|3.9771|11.9314|11.3688|313.6319|79.5429|3.9771|11.9314|11.3688|313.6319
20240216|535|596|7|11|19|20115|346|2|6|227.4704|0.0000|0.0000|14.8957|1379.7181|209.2728|0.0000|0.0000|13.7040|1269.3407
20240217|886|667|7|15|14|20115|347|1|2|276.4944|0.0000|13.8247|13.6166|552.7807|276.4944|0.0000|13.8247|13.6166|552.7807
20240218|991|604|9|4|13|20116|348|2|3|57.7898|5.7790|8.6685|6.3726|165.2945|53.1666|5.3167|7.9750|5.8628|152.0709
20240219|87|889|8|9|11|20116|349|2|1|96.4897|9.6490|0.0000|8.4551|95.2958|88.7705|8.8771|0.0000|7.7787|87.6721
20240220|829|749|7|12|19|20116|350|3|3|179.0027|0.0000|0.0000|15.0741|552.0822|209.4332|0.0000|0.0000|17.6367|645.9362
20240221|404|908|5|6|16|20117|351|2|3|123.8060|6.1903|18.5709|4.6367|351.2935|113.9015|5.6951|17.0852|4.2658|323.1900
20240222|636|605|1|11|14|20117|352|5|3|38.2374|1.9119|0.0000|4.6588|117.4591|39.3845|1.9693|0.0000|4.7986|120.9829
20240223|744|839|8|1|15|20117|353|4|6|270.6194|0.0000|0.0000|5.1633|1628.8797|48.7115|0.0000|0.0000|0.9294|293.1983
20240224|719|492|5|4|7|20118|354|1|2|124.2010|6.2100|0.0000|16.5799|258.7719|124.2010|6.2100|0.0000|16.5799|258.7719
20240225|827|636|5|2|18|20118|355|7|4|85.2464|0.0000|0.0000|18.3242|359.3098|0.2216|0.0000|0.0000|0.0476|0.9342
20240226|640|466|4|9|2|20118|356|7|3|86.5860|4.3293|4.3293|10.9937|262.0931|0.2251|0.0113|0.0113|0.0286|0.6814
20240227|371|206|6|3|2|20119|357|2|6|255.5789|0.0000|38.3368|3.7260|1498.8626|235.1326|0.0000|35.2699|3.4279|1378.9536
20240228|950|156|10|15|14|20119|358|7|5|271.0274|27.1027|40.6541|2.8900|1290.2702|0.7047|0.0705|0.1057|0.0075|3.3547
20240229|47|90|10|8|16|20119|359|5|2|90.7910|9.0791|13.6186|14.1582|173.0425|93.5147|9.3515|14.0272|14.5829|178.2338
20240101|270|29|8|11|13|20120|360|2|1|265.3928|13.2696|0.0000|9.2020|261.3252|244.1614|12.2080|0.0000|8.4658|240.4192
20240102|934|489|9|4|13|20120|361|2|3|239.2858|23.9286|11.9643|15.9894|697.9539|220.1429|22.0143|11.0072|14.7102|642.1176
20240103|191|250|10|12|15|20120|362|6|5|164.6976|16.4698|0.0000|19.8321|826.8503|14.4934|1.4493|0.0000|1.7452|72.7628
20240104|583|322|4|13|13|20121|363|1|4|40.2384|0.0000|2.0119|16.3999|175.3416|40.2384|0.0000|2.0119|16.3999|175.3416
20240105|591|547|8|9|13|20121|364|3|4|209.3840|0.0000|0.0000|9.4976|847.0336|244.9793|0.0000|0.0000|11.1122|991.0293
20240106|886|642|10|15|9|20121|365|2|4|195.3298|9.7665|29.2995|16.0500|758.3032|179.7034|8.9852|26.9555|14.7660|697.6389
20240107|333|777|6|9|18|20122|366|3|6|203.7722|10.1886|30.5658|3.3127|1185.1915|238.4135|11.9207|35.7620|3.8759|1386.6741
20240108|158|948|8|9|6|20122|367|6|6|67.3810|6.7381|0.0000|12.9294|410.4773|5.9295|0.5930|0.0000|1.1378|36.1220
20240109|237|932|6|1|3|20122|368|6|2|61.4341|6.1434|9.2151|19.2859|126.7956|5.4062|0.5406|0.8109|1.6972|11.1580
20240110|272|480|2|6|8|20123|369|2|6|28.2090|2.8209|1.4104|19.6558|184.6785|25.9523|2.5952|1.2976|18.0833|169.9042
20240111|772|740|2|8|14|20123|370|6|6|174.4292|0.0000|8.7215|7.5503|1045.4040|15.3498|0.0000|0.7675|0.6644|91.9956
20240112|940|932|8|4|20|20123|371|6|3|61.4682|6.1468|3.0734|9.4648|184.6492|5.4092|0.5409|0.2705|0.8329|16.2491
20240113|664|716|9|4|3|20124|372|1|3|259.0469|0.0000|12.9523|16.2620|780.4504|259.0469|0.0000|12.9523|16.2620|780.4504
20240114|840|854|1|8|4|20124|373|1|6|90.6354|9.0635|0.0000|3.5405|538.2894|90.6354|9.0635|0.0000|3.5405|538.2894
20240115|457|656|7|10|4|20124|374|7|4|171.9444|17.1944|0.0000|10.1296|680.7128|0.4471|0.0447|0.0000|0.0263|1.7699
20240116|533|78|4|5|18|20125|375|3|4|115.0111|0.0000|0.0000|12.6095|472.6539|134.5630|0.0000|0.0000|14.7531|553.0051
20240117|728|559|5|10|8|20125|376|1|2|171.5205|8.5760|25.7281|17.5554|326.2923|171.5205|8.5760|25.7281|17.5554|326.2923
20240118|510|712|8|11|8|20125|377|4|6|66.4446|3.3222|0.0000|5.2326|400.5780|11.9600|0.5980|0.0000|0.9419|72.1040
20240119|150|459|3|13|16|20126|378|4|5|114.4588|11.4459|5.7229|13.5758|568.7010|20.6026|2.0603|1.0301|2.4436|102.3662
20240120|341|823|7|14|9|20126|379|3|1|218.8722|0.0000|10.9436|14.3311|222.2597|256.0805|0.0000|12.8040|16.7674|260.0438
20240121|498|670|6|4|11|20126|380|1|6|153.3995|7.6700|23.0099|17.2749|906.9920|153.3995|7.6700|23.0099|17.2749|906.9920
20240122|15|221|5|14|19|20127|381|7|5|40.1785|0.0000|2.0089|11.1540|210.0376|0.1045|0.0000|0.0052|0.0290|0.5461
20240123|938|1|5|8|8|20127|382|7|6|193.9196|19.3920|29.0879|16.9095|1131.9472|0.5042|0.0504|0.0756|0.0440|2.9431
20240124|350|5|6|12|15|20127|383|3|6|45.2148|4.5215|0.0000|10.7115|277.4788|52.9013|5.2902|0.0000|12.5325|324.6502
20240125|489|785|10|15|9|20128|384|7|6|178.8673|17.8867|8.9434|10.5381|1056.9118|0.4651|0.0465|0.0233|0.0274|2.7480
20240126|286|783|1|7|8|20128|385|1|6|133.1017|13.3102|6.6551|7.2743|785.9192|133.1017|13.3102|6.6551|7.2743|785.9192
20240127|133|787|5|11|6|20128|386|1|3|224.7151|11.2358|0.0000|11.0557|673.9652|224.7151|11.2358|0.0000|11.0557|673.9652
20240128|750|30|2|6|3|20129|387|3|2|113.0331|11.3033|16.9550|15.0597|212.8676|132.2487|13.2249|19.8373|17.6198|249.0551
20240129|263|364|7|10|15|20129|388|2|3|97.4528|4.8726|4.8726|17.8951|300.5083|89.6566|4.4828|4.4828|16.4635|276.4676
20240130|529|88|2|4|15|20129|389|7|5|90.0355|4.5018|0.0000|15.9226|461.5983|0.2341|0.0117|0.0000|0.0414|1.2002
20240131|754|682|2|14|1|20130|390|4|1|256.3615|12.8181|12.8181|6.8799|237.6052|46.1451|2.3073|2.3073|1.2384|42.7689
20240201|859|656|5|13|13|20130|391|6|6|214.1941|21.4194|0.0000|10.2606|1274.0058|18.8491|1.8849|0.0000|0.9029|112.1125
20240202|64|424|9|5|16|20130|392|6|3|269.1932|0.0000|0.0000|5.6914|813.2710|23.6890|0.0000|0.0000|0.5008|71.5678
20240203|586|643|5|4|6|20131|393|5|5|107.4181|5.3709|0.0000|13.8708|545.5904|110.6406|5.5320|0.0000|14.2869|561.9581
20240204|155|972|10|7|2|20131|394|2|5|271.4012|13.5701|40.7102|10.2730|1312.9987|249.6891|12.4845|37.4534|9.4512|1207.9588
20240205|113|377|6|1|7|20131|395|1|4|241.9772|0.0000|12.0989|19.5991|975.4090|241.9772|0.0000|12.0989|19.5991|975.4090
20240206|928|197|7|5|19|20132|396|2|5|9.4466|0.4723|0.0000|19.4823|66.2430|8.6909|0.4345|0.0000|17.9237|60.9436
20240207|917|276|4|8|8|20132|397|5|1|55.1206|5.5121|0.0000|10.6912|60.2997|56.7742|5.6775|0.0000|11.0119|62.1087
20240208|352|476|9|3|11|20132|398|7|3|188.4503|18.8450|9.4225|13.5729|550.6563|0.4900|0.0490|0.0245|0.0353|1.4317
20240209|488|461|4|7|15|20133|399|2|6|62.5554|3.1278|3.1278|7.0348|376.1116|57.5510|2.8776|2.8776|6.4720|346.0227
20240210|471|415|3|2|14|20133|400|2|5|199.2453|9.9623|9.9623|15.2378|991.5397|183.3057|9.1653|9.1653|14.0188|912.2165
20240211|854|199|5|9|11|20133|401|7|2|138.9463|0.0000|0.0000|17.5656|295.4582|0.3613|0.0000|0.0000|0.0457|0.7682
20240212|219|270|9|3|11|20134|402|3|5|258.6797|12.9340|38.8020|13.0804|1254.7429|302.6552|15.1328|45.3983|15.3041|1468.0492
20240213|74|324|9|10|11|20134|403|5|3|249.0085|0.0000|37.3513|14.5250|724.1992|256.4788|0.0000|38.4718|14.9608|745.9252
20240214|773|774|3|3|15|20134|404|6|2|18.1473|1.8147|0.0000|14.9229|49.4028|1.5970|0.1597|0.0000|1.3132|4.3474
20240215|265|608|7|3|15|20135|405|6|2|217.1697|10.8585|0.0000|10.6433|434.1242|19.1109|0.9555|0.0000|0.9366|38.2029
20240216|459|471|7|10|13|20135|406|3|5|135.4773|6.7739|20.3216|12.3563|662.6473|158.5084|7.9255|23.7763|14.4569|775.2973
20240217|66|429|10|4|15|20135|407|3|6|84.4475|8.4448|4.2224|14.9777|508.9955|98.8036|9.8804|4.9402|17.5239|595.5247
20240218|891|340|3|12|2|20136|408|3|6|132.5508|6.6275|0.0000|15.6011|804.2784|155.0844|7.7542|0.0000|18.2533|941.0057
20240219|210|342|4|2|17|20136|409|1|4|205.4937|20.5494|30.8241|15.6857|786.2870|205.4937|20.5494|30.8241|15.6857|786.2870
20240220|219|972|3|7|2|20136|410|3|5|229.0320|0.0000|34.3548|7.9226|1118.7278|267.9674|0.0000|40.1951|9.2694|1308.9115
20240221|382|878|8|14|11|20137|411|2|6|297.4143|14.8707|14.8707|2.5496|1757.2940|273.6212|13.6810|13.6810|2.3456|1616.7105
20240222|595|318|9|10|20|20137|412|2|5|26.7728|1.3386|0.0000|14.6252|147.1506|24.6310|1.2315|0.0000|13.4552|135.3786
20240223|103|795|5|10|15|20137|413|3|6|211.5286|10.5764|10.5764|4.1437|1252.1625|247.4885|12.3744|12.3744|4.8481|1465.0301
20240224|520|741|2|11|7|20138|414|3|5|145.0734|0.0000|7.2537|19.1782|737.2915|169.7359|0.0000|8.4868|22.4385|862.6311
20240225|771|559|7|8|16|20138|415|2|2|288.2559|0.0000|43.2384|10.4558|543.7292|265.1954|0.0000|39.7793|9.6193|500.2309
20240226|64|388|3|3|12|20138|416|6|6|291.6828|29.1683|0.0000|16.6663|1737.5948|25.6681|2.5668|0.0000|1.4666|152.9083
20240227|579|412|3|9|3|20139|417|7|3|25.2277|2.5228|1.2614|9.2651|81.1640|0.0656|0.0066|0.0033|0.0241|0.2110
20240228|217|619|4|8|10|20139|418|7|3|205.4221|20.5422|30.8133|5.7094|570.6202|0.5341|0.0534|0.0801|0.0148|1.4836
20240229|427|930|4|5|3|20139|419|6|6|44.0256|0.0000|0.0000|4.5145|268.6681|3.8743|0.0000|0.0000|0.3973|23.6428
20240101|474|583|4|14|14|20140|420|5|1|282.3886|28.2389|42.3583|10.7928|222.5842|290.8603|29.0861|43.6290|11.1166|229.2617
20240102|656|751|4|14|11|20140|421|3|5|190.7753|0.0000|9.5388|17.5500|961.8877|223.2071|0.0000|11.1604|20.5335|1125.4086
20240103|595|230|7|13|18|20140|422|5|5|222.4748|22.2475|33.3712|14.0657|1070.8210|229.1490|22.9149|34.3723|14.4877|1102.9456
20240104|622|714|5|9|11|20141|423|1|3|61.9918|3.0996|0.0000|5.2965|188.1723|61.9918|3.0996|0.0000|5.2965|188.1723
20240105|295|460|7|7|10|20141|424|7|6|16.9801|0.0000|2.5470|15.1655|114.4991|0.0441|0.0000|0.0066|0.0394|0.2977
20240106|685|226|1|11|18|20141|425|5|1|181.8035|18.1804|27.2705|10.9609|147.3135|187.2576|18.7258|28.0886|11.2897|151.7329
20240107|670|310|2|6|20|20142|426|7|5|221.8747|22.1875|11.0937|15.8526|1091.9449|0.5769|0.0577|0.0288|0.0412|2.8391
20240108|870|743|8|10|4|20142|427|2|2|93.8512|4.6926|0.0000|4.3173|187.3271|86.3431|4.3172|0.0000|3.9719|172.3409
20240109|568|692|5|7|5|20142|428|6|6|99.2863|0.0000|4.9643|7.7873|598.5408|8.7372|0.0000|0.4369|0.6853|52.6716
20240110|437|386|4|2|8|20143|429|4|6|51.7675|2.5884|7.7651|11.3323|311.5838|9.3181|0.4659|1.3977|2.0398|56.0851
20240111|756|311|6|10|3|20143|430|7|4|182.6012|9.1301|0.0000|4.4479|725.7226|0.4748|0.0237|0.0000|0.0116|1.8869
20240112|997|372|3|4|1|20143|431|4|2|168.5779|16.8578|25.2867|16.7573|311.7686|30.3440|3.0344|4.5516|3.0163|56.1183
20240113|951|893|10|12|3|20144|432|6|3|245.9253|12.2963|0.0000|4.5685|730.0481|21.6414|1.0821|0.0000|0.4020|64.2442
20240114|982|696|4|13|8|20144|433|7|5|249.1846|12.4592|0.0000|8.9072|1242.3710|0.6479|0.0324|0.0000|0.0232|3.2302
20240115|614|677|8|7|3|20144|434|5|4|197.8364|9.8918|0.0000|2.7385|784.1923|203.7715|10.1886|0.0000|2.8207|807.7181
20240116|591|330|7|10|9|20145|435|6|4|155.0850|7.7543|23.2628|7.6336|596.9565|13.6475|0.6824|2.0471|0.6718|52.5322
20240117|720|735|8|14|7|20145|436|4|2|286.3539|14.3177|42.9531|16.0116|531.4486|51.5437|2.5772|7.7316|2.8821|95.6607
20240118|411|573|9|6|10|20145|437|6|1|224.4032|11.2202|0.0000|3.8668|217.0498|19.7475|0.9874|0.0000|0.3403|19.1004
20240119|461|221|9|4|8|20146|438|6|2|127.0592|6.3530|6.3530|6.6148|248.0272|11.1812|0.5591|0.5591|0.5821|21.8264
20240120|386|900|1|2|8|20146|439|1|1|148.7329|14.8733|7.4366|7.3772|133.8002|148.7329|14.8733|7.4366|7.3772|133.8002
20240121|858|604|10|8|1|20146|440|7|1|188.9922|18.8992|0.0000|16.9814|187.0744|0.4914|0.0491|0.0000|0.0442|0.4864
20240122|751|486|8|3|16|20147|441|7|1|249.0112|12.4506|12.4506|9.4479|233.5579|0.6474|0.0324|0.0324|0.0246|0.6073
20240123|405|206|5|3|7|20147|442|1|6|42.2557|2.1128|6.3384|7.2693|252.3523|42.2557|2.1128|6.3384|7.2693|252.3523
20240124|496|305|10|7|18|20147|443|1|2|83.3089|4.1654|4.1654|9.3134|167.6004|83.3089|4.1654|4.1654|9.3134|167.6004
20240125|959|521|4|5|19|20148|444|3|3|12.2903|0.0000|0.0000|2.0157|38.8866|14.3797|0.0000|0.0000|2.3584|45.4973
20240126|699|712|1|9|12|20148|445|4|4|9.2834|0.4642|1.3925|10.4797|45.7566|1.6710|0.0836|0.2506|1.8863|8.2362
20240127|769|474|2|5|7|20148|446|5|2|155.8890|7.7945|0.0000|17.7278|321.7113|160.5657|8.0283|0.0000|18.2596|331.3626
20240128|1000|946|5|2|18|20149|447|6|3|241.9954|24.1995|36.2993|3.1718|668.6592|21.2956|2.1296|3.1943|0.2791|58.8420
20240129|298|882|1|1|14|20149|448|4|6|14.1685|0.0000|2.1253|16.2188|99.1045|2.5503|0.0000|0.3826|2.9194|17.8388
20240130|550|1000|7|14|13|20149|449|4|3|271.3561|13.5678|0.0000|5.8378|806.3383|48.8441|2.4422|0.0000|1.0508|145.1409
20240131|306|836|8|9|19|20150|450|5|1|47.1171|2.3559|0.0000|19.1453|63.9065|48.5306|2.4266|0.0000|19.7197|65.8237
20240201|350|480|6|4|15|20150|451|5|3|16.6279|0.8314|2.4942|17.9813|64.5394|17.1267|0.8563|2.5690|18.5207|66.4756
20240202|972|479|1|14|18|20150|452|4|1|174.3282|8.7164|26.1492|10.6627|150.1253|31.3791|1.5690|4.7069|1.9193|27.0226
20240203|520|753|3|6|8|20151|453|5|2|238.2211|23.8221|11.9111|8.3388|449.0478|245.3677|24.5368|12.2684|8.5890|462.5192
20240204|804|570|6|1|18|20151|454|5|6|47.1404|0.0000|2.3570|18.5634|299.0488|48.5546|0.0000|2.4277|19.1203|308.0203
20240205|585|266|7|6|20|20151|455|2|4|53.0431|5.3043|2.6522|16.5179|220.7338|48.7997|4.8800|2.4400|15.1965|203.0751
20240206|378|572|2|13|11|20152|456|6|3|281.5965|0.0000|42.2395|7.5122|810.0622|24.7805|0.0000|3.7171|0.6611|71.2855
20240207|731|246|5|12|13|20152|457|7|4|78.1754|7.8175|0.0000|15.9603|320.8444|0.2033|0.0203|0.0000|0.0415|0.8342
20240208|533|666|6|15|8|20152|458|5|4|21.4383|1.0719|0.0000|4.9401|89.6214|22.0814|1.1041|0.0000|5.0883|92.3100
20240209|108|794|7|1|4|20153|459|6|4|228.4698|22.8470|0.0000|4.6081|895.6403|20.1053|2.0105|0.0000|0.4055|78.8163
20240210|885|107|5|3|3|20153|460|4|2|266.1374|0.0000|39.9206|2.2699|494.6241|47.9047|0.0000|7.1857|0.4086|89.0323
20240211|341|885|4|2|6|20153|461|5|1|87.7237|0.0000|13.1586|8.8734|83.4385|90.3554|0.0000|13.5534|9.1396|85.9417
20240212|173|431|7|10|19|20154|462|6|5|211.9488|10.5974|10.5974|16.3444|1054.8936|18.6515|0.9326|0.9326|1.4383|92.8306
20240213|106|474|2|10|16|20154|463|4|1|183.8188|18.3819|0.0000|8.2084|173.6453|33.0874|3.3087|0.0000|1.4775|31.2562
20240214|904|814|3|3|15|20154|464|4|6|82.7295|8.2729|4.1365|15.7317|499.6993|14.8913|1.4891|0.7446|2.8317|89.9459
20240215|187|288|6|2|16|20155|465|4|2|207.0503|20.7050|0.0000|7.7049|401.1005|37.2691|3.7269|0.0000|1.3869|72.1981
20240216|246|560|9|3|12|20155|466|1|6|142.7299|7.1365|21.4095|11.3974|839.2308|142.7299|7.1365|21.4095|11.3974|839.2308
20240217|281|993|1|10|13|20155|467|6|2|295.3360|14.7668|14.7668|16.5577|577.6961|25.9896|1.2995|1.2995|1.4571|50.8373
20240218|477|619|7|6|17|20156|468|6|1|187.9539|9.3977|0.0000|10.0985|188.6547|16.5399|0.8270|0.0000|0.8887|16.6016
20240219|972|877|6|3|20|20156|469|6|1|97.5733|9.7573|4.8787|3.5976|86.5349|8.5865|0.8586|0.4293|0.3166|7.6151
20240220|714|152|6|9|14|20156|470|1|4|291.7897|14.5895|43.7685|15.0283|1123.8291|291.7897|14.5895|43.7685|15.0283|1123.8291
20240221|850|970|5|8|1|20157|471|2|2|183.8081|9.1904|27.5712|12.3325|343.1871|169.1035|8.4552|25.3655|11.3459|315.7321
20240222|139|39|5|9|4|20157|472|7|1|155.2589|7.7629|7.7629|8.2184|147.9515|0.4037|0.0202|0.0202|0.0214|0.3847
20240223|261|407|6|5|13|20157|473|7|5|268.7383|13.4369|40.3107|9.5622|1299.5061|0.6987|0.0349|0.1048|0.0249|3.3787
20240224|772|585|5|14|17|20158|474|4|4|24.9080|2.4908|1.2454|15.2602|111.1560|4.4834|0.4483|0.2242|2.7468|20.0081
20240225|69|632|10|2|10|20158|475|5|2|43.6985|2.1849|2.1849|18.6195|101.6467|45.0095|2.2504|2.2504|19.1781|104.6961
20240226|893|347|8|12|4|20158|476|6|3|113.6012|5.6801|17.0402|2.7516|320.8349|9.9969|0.4998|1.4995|0.2421|28.2335
20240227|649|232|3|9|11|20159|477|7|2|137.6667|13.7667|0.0000|12.8935|274.4602|0.3579|0.0358|0.0000|0.0335|0.7136
20240228|985|568|3|2|1|20159|478|3|5|193.2198|19.3220|9.6610|18.9888|956.1048|226.0672|22.6067|11.3034|22.2169|1118.6426
20240229|903|785|7|8|5|20159|479|7|6|66.7417|0.0000|10.0113|4.5833|395.0222|0.1735|0.0000|0.0260|0.0119|1.0271
20240101|471|927|6|10|4|20160|480|5|3|154.2939|0.0000|0.0000|10.4062|473.2879|158.9227|0.0000|0.0000|10.7184|487.4865
20240102|578|974|9|7|20|20160|481|6|6|218.2876|21.8288|0.0000|16.4096|1304.3064|19.2093|1.9209|0.0000|1.4440|114.7790
20240103|600|52|4|11|17|20160|482|7|3|278.0087|13.9004|13.9004|16.4774|822.7027|0.7228|0.0361|0.0361|0.0428|2.1390
20240104|686|777|7|6|3|20161|483|7|4|93.3698|0.0000|14.0055|8.7280|368.2017|0.2428|0.0000|0.0364|0.0227|0.9573
20240105|93|33|1|12|20|20161|484|2|3|270.0902|13.5045|13.5045|6.7233|789.9849|248.4830|12.4241|12.4241|6.1854|726.7861
20240106|743|848|4|10|8|20161|485|6|1|6.9193|0.3460|0.0000|8.9166|15.4899|0.6089|0.0304|0.0000|0.7847|1.3631
20240107|662|212|8|1|18|20162|486|5|2|104.0174|10.4017|0.0000|9.7095|207.3426|107.1379|10.7138|0.0000|10.0008|213.5629
20240108|374|794|9|5|3|20162|487|4|2|190.2634|9.5132|0.0000|19.7215|390.7351|34.2474|1.7124|0.0000|3.5499|70.3323
20240109|624|814|8|8|18|20162|488|6|1|254.4972|12.7249|12.7249|4.7699|233.8173|22.3958|1.1198|1.1198|0.4198|20.5759
20240110|931|366|9|4|16|20163|489|7|2|169.1001|8.4550|0.0000|15.7683|345.5135|0.4397|0.0220|0.0000|0.0410|0.8983
20240111|199|680|5|6|2|20163|490|5|5|123.9898|6.1995|0.0000|8.9366|622.6861|127.7095|6.3855|0.0000|9.2047|641.3667
20240112|760|555|6|13|6|20163|491|7|3|58.1616|0.0000|8.7242|16.7028|182.4634|0.1512|0.0000|0.0227|0.0434|0.4744
20240113|952|393|7|3|15|20164|492|1|5|191.8061|0.0000|0.0000|8.9162|967.9467|191.8061|0.0000|0.0000|8.9162|967.9467
20240114|349|417|9|9|5|20164|493|2|2|227.4718|0.0000|34.1208|11.9421|432.7649|209.2741|0.0000|31.3911|10.9867|398.1437
20240115|368|93|3|8|6|20164|494|2|4|220.9003|11.0450|33.1350|17.3607|856.7819|203.2283|10.1614|30.4842|15.9718|788.2393
20240116|535|13|9|7|16|20165|495|5|3|73.0716|3.6536|3.6536|10.7974|222.7050|75.2637|3.7632|3.7632|11.1213|229.3862
20240117|54|132|9|12|9|20165|496|6|4|215.4147|0.0000|0.0000|11.5646|873.2234|18.9565|0.0000|0.0000|1.0177|76.8437
20240118|521|854|1|11|2|20165|497|5|4|109.4925|0.0000|5.4746|18.2800|450.7754|112.7773|0.0000|5.6388|18.8284|464.2987
20240119|629|821|2|10|4|20166|498|4|3|154.2088|15.4209|0.0000|8.6664|455.8719|27.7576|2.7758|0.0000|1.5600|82.0569
20240120|624|681|3|10|3|20166|499|1|5|88.1074|4.4054|4.4054|14.3526|446.0788|88.1074|4.4054|4.4054|14.3526|446.0788
20240121|915|778|9|10|11|20166|500|7|2|227.8483|22.7848|11.3924|6.5403|428.0597|0.5924|0.0592|0.0296|0.0170|1.1130
20240122|540|759|4|13|12|20167|501|5|3|72.7672|3.6384|10.9151|15.3067|219.0548|74.9502|3.7476|11.2426|15.7659|225.6264
20240123|136|127|5|2|9|20167|502|2|3|101.8850|5.0943|15.2828|11.3544|296.6323|93.7342|4.6868|14.0602|10.4460|272.9017
20240124|773|236|5|11|17|20167|503|2|6|139.5288|6.9764|0.0000|9.7424|839.9388|128.3665|6.4183|0.0000|8.9630|772.7437
20240125|721|451|8|8|2|20168|504|5|3|92.8727|4.6436|4.6436|18.0893|287.4202|95.6589|4.7829|4.7829|18.6320|296.0428
20240126|730|110|5|6|12|20168|505|3|6|62.8021|0.0000|9.4203|9.7807|377.1730|73.4785|0.0000|11.0218|11.4434|441.2924
20240127|752|36|8|5|5|20168|506|2|2|273.3351|27.3335|13.6668|12.9795|518.6494|251.4683|25.1468|12.5735|11.9411|477.1574
20240128|507|527|10|4|8|20169|507|3|6|298.1494|29.8149|14.9075|7.3461|1751.5201|348.8348|34.8834|17.4418|8.5949|2049.2785
20240129|160|1|9|5|13|20169|508|5|2|94.4503|4.7225|4.7225|3.0372|182.4928|97.2838|4.8642|4.8642|3.1283|187.9676
20240130|595|870|3|6|7|20169|509|5|1|192.8235|0.0000|0.0000|12.4058|205.2293|198.6082|0.0000|0.0000|12.7780|211.3862
20240131|429|738|6|8|20|20170|510|4|3|104.4556|10.4456|15.6683|16.6182|303.8711|18.8020|1.8802|2.8203|2.9913|54.6968
20240201|959|379|10|14|20|20170|511|7|3|259.2740|25.9274|38.8911|6.3466|719.3501|0.6741|0.0674|0.1011|0.0165|1.8703
20240202|40|513|10|2|6|20170|512|1|4|69.1599|3.4580|10.3740|6.1526|268.9602|69.1599|3.4580|10.3740|6.1526|268.9602
20240203|843|83|6|4|12|20171|513|2|6|292.1816|14.6091|43.8272|14.0911|1708.7444|268.8071|13.4404|40.3210|12.9638|1572.0448
20240204|33|935|5|9|11|20171|514|4|6|249.1370|12.4569|0.0000|9.2653|1491.6304|44.8447|2.2422|0.0000|1.6678|268.4935
20240205|663|57|6|13|20|20171|515|2|4|228.8519|11.4426|11.4426|10.6671|903.1895|210.5437|10.5272|10.5272|9.8137|830.9343
20240206|294|977|9|3|11|20172|516|5|2|202.6654|20.2665|0.0000|14.5786|399.6429|208.7454|20.8745|0.0000|15.0160|411.6322
20240207|891|754|1|15|9|20172|517|1|1|213.6294|21.3629|0.0000|13.9099|206.1764|213.6294|21.3629|0.0000|13.9099|206.1764
20240208|45|558|1|6|13|20172|518|3|2|212.1827|10.6091|0.0000|6.4432|420.1995|248.2538|12.4126|0.0000|7.5385|491.6334
20240209|127|839|6|9|13|20173|519|3|1|124.3388|0.0000|0.0000|11.9395|136.2783|145.4764|0.0000|0.0000|13.9692|159.4456
20240210|311|28|7|15|3|20173|520|1|2|295.9510|14.7976|44.3927|5.1258|537.8375|295.9510|14.7976|44.3927|5.1258|537.8375
20240211|496|421|1|2|3|20173|521|6|2|22.0161|1.1008|3.3024|2.7067|42.3357|1.9374|0.0969|0.2906|0.2382|3.7255
20240212|624|682|5|13|5|20174|522|1|3|131.7898|0.0000|0.0000|19.8457|415.2151|131.7898|0.0000|0.0000|19.8457|415.2151
20240213|892|810|3|3|17|20174|523|6|1|64.9697|0.0000|9.7455|16.8192|72.0434|5.7173|0.0000|0.8576|1.4801|6.3398
20240214|39|107|8|7|19|20174|524|3|4|25.6933|1.2847|0.0000|2.5080|103.9965|30.0612|1.5031|0.0000|2.9344|121.6759
20240215|306|809|8|13|2|20175|525|5|4|118.0834|11.8083|17.7125|14.9127|457.7255|121.6259|12.1625|18.2439|15.3601|471.4573
20240216|465|497|2|8|12|20175|526|6|1|113.3872|0.0000|17.0081|19.3482|115.7273|9.9781|0.0000|1.4967|1.7026|10.1840
20240217|953|220|8|6|20|20175|527|4|2|125.7701|12.5770|18.8655|11.2586|231.3563|22.6386|2.2639|3.3958|2.0265|41.6441
20240218|961|732|6|5|13|20176|528|2|2|114.0033|5.7002|17.1005|8.8329|214.0388|104.8830|5.2442|15.7325|8.1263|196.9157
20240219|546|231|6|7|2|20176|529|1|6|33.4873|1.6744|1.6744|7.2432|204.8182|33.4873|1.6744|1.6744|7.2432|204.8182
20240220|644|440|7|7|15|20176|530|1|2|17.7637|0.0000|2.6646|13.0991|45.9619|17.7637|0.0000|2.6646|13.0991|45.9619
20240221|744|656|1|6|6|20177|531|3|1|86.9264|8.6926|13.0390|11.2009|76.3957|101.7039|10.1703|15.2556|13.1051|89.3830
20240222|897|409|8|10|15|20177|532|6|3|237.2467|11.8623|35.5870|7.2783|671.5691|20.8777|1.0439|3.1317|0.6405|59.0981
20240223|956|377|6|2|18|20177|533|5|3|87.8775|0.0000|0.0000|17.5591|281.1916|90.5138|0.0000|0.0000|18.0859|289.6273
20240224|292|377|1|14|9|20178|534|2|1|164.3898|8.2195|8.2195|9.9315|157.8823|151.2386|7.5619|7.5619|9.1370|145.2517
20240225|882|886|5|11|17|20178|535|2|6|26.0053|2.6005|0.0000|5.7614|159.1927|23.9249|2.3925|0.0000|5.3005|146.4573
20240226|486|775|9|7|6|20178|536|5|1|8.4000|0.4200|0.4200|19.5683|27.1283|8.6520|0.4326|0.4326|20.1553|27.9421
20240227|191|131|5|9|5|20179|537|4|4|167.6911|16.7691|0.0000|6.5804|660.5757|30.1844|3.0184|0.0000|1.1845|118.9036
20240228|603|619|10|15|20|20179|538|1|1|292.1723|0.0000|43.8258|15.4711|263.8176|292.1723|0.0000|43.8258|15.4711|263.8176
20240229|135|243|8|3|3|20179|539|2|1|206.3089|0.0000|0.0000|13.2022|219.5111|189.8042|0.0000|0.0000|12.1460|201.9502
20240101|49|871|9|7|7|20180|540|1|1|101.5436|10.1544|15.2315|6.1498|82.3075|101.5436|10.1544|15.2315|6.1498|82.3075
20240102|563|58|1|2|14|20180|541|6|1|10.1824|0.5091|0.5091|2.3172|11.4814|0.8961|0.0448|0.0448|0.2039|1.0104
20240103|399|664|1|10|1|20180|542|4|2|187.6907|9.3845|28.1536|10.2655|348.1088|33.7843|1.6892|5.0676|1.8478|62.6596
20240104|595|838|5|6|15|20181|543|2|2|134.5890|0.0000|20.1883|16.2160|265.2057|123.8219|0.0000|18.5732|14.9187|243.9892
20240105|809|234|5|2|18|20181|544|7|5|102.3275|0.0000|0.0000|14.5230|526.1605|0.2661|0.0000|0.0000|0.0378|1.3680
20240106|508|20|10|2|13|20181|545|4|3|162.0368|8.1018|24.3055|4.2318|457.9349|29.1666|1.4583|4.3750|0.7617|82.4283
20240107|876|290|10|15|10|20182|546|2|4|37.0821|1.8541|5.5623|18.1600|159.0720|34.1155|1.7058|5.1173|16.7072|146.3462
20240108|22|310|4|3|12|20182|547|7|4|286.2365|28.6236|0.0000|7.1052|1123.4276|0.7442|0.0744|0.0000|0.0185|2.9209
20240109|556|65|9|3|6|20182|548|4|2|72.5732|3.6287|3.6287|6.6391|144.5281|13.0632|0.6532|0.6532|1.1950|26.0151
20240110|918|943|2|5|14|20183|549|5|2|10.2943|0.5147|0.0000|10.8770|30.9509|10.6031|0.5301|0.0000|11.2033|31.8794
20240111|715|375|8|4|17|20183|550|5|6|192.2314|0.0000|9.6116|8.0006|1151.7774|197.9983|0.0000|9.8999|8.2406|1186.3307
20240112|333|730|1|13|4|20183|551|1|4|14.1063|1.4106|0.0000|3.4148|58.4294|14.1063|1.4106|0.0000|3.4148|58.4294
20240113|64|716|6|8|20|20184|552|5|1|46.9606|2.3480|0.0000|6.6075|51.2201|48.3694|2.4184|0.0000|6.8057|52.7567
20240114|736|482|1|15|19|20184|553|6|2|140.0417|14.0042|21.0063|13.9874|259.0603|12.3237|1.2324|1.8486|1.2309|22.7973
20240115|850|155|6|15|18|20184|554|6|2|109.8901|10.9890|16.4835|13.9566|206.2643|9.6703|0.9670|1.4505|1.2282|18.1513
20240116|339|897|5|3|15|20185|555|4|5|83.0351|8.3035|4.1518|11.9618|414.6820|14.9463|1.4946|0.7473|2.1531|74.6428
20240117|998|729|2|8|4|20185|556|7|4|208.5438|10.4272|10.4272|14.0826|827.4034|0.5422|0.0271|0.0271|0.0366|2.1512
20240118|391|496|8|3|18|20185|557|2|6|201.0375|0.0000|0.0000|12.3104|1218.5354|184.9545|0.0000|0.0000|11.3256|1121.0526
20240119|819|827|7|4|8|20186|558|5|4|125.6388|6.2819|18.8458|16.4506|493.8781|129.4080|6.4704|19.4112|16.9441|508.6944
20240120|22|536|4|7|17|20186|559|2|2|7.2848|0.7285|0.0000|3.9262|17.7673|6.7020|0.6702|0.0000|3.6121|16.3459
20240121|847|984|8|12|19|20186|560|2|3|81.4373|4.0719|4.0719|3.0246|239.1927|74.9223|3.7461|3.7461|2.7826|220.0573
20240122|501|799|3|1|18|20187|561|5|1|239.4429|0.0000|35.9164|17.4536|220.9801|246.6262|0.0000|36.9939|17.9772|227.6095
20240123|86|867|10|7|19|20187|562|6|4|209.3059|0.0000|10.4653|5.2197|831.9780|18.4189|0.0000|0.9209|0.4593|73.2141
20240124|11|485|5|2|19|20187|563|1|5|47.3846|2.3692|2.3692|7.9736|240.1582|47.3846|2.3692|2.3692|7.9736|240.1582
20240125|651|918|9|13|6|20188|564|4|6|94.9779|9.4978|4.7489|11.2424|566.8631|17.0960|1.7096|0.8548|2.0236|102.0354
20240126|702|756|6|7|17|20188|565|7|1|117.3628|11.7363|17.6044|18.9480|106.9701|0.3051|0.0305|0.0458|0.0493|0.2781
20240127|494|390|1|3|17|20188|566|5|2|144.2530|0.0000|0.0000|18.8134|307.3194|148.5806|0.0000|0.0000|19.3778|316.5390
20240128|344|625|9|6|15|20189|567|1|6|196.1011|19.6101|0.0000|14.8659|1171.8624|196.1011|19.6101|0.0000|14.8659|1171.8624
20240129|607|464|1|9|19|20189|568|6|1|21.8161|0.0000|0.0000|8.8706|30.6867|1.9198|0.0000|0.0000|0.7806|2.7004
20240130|826|94|7|3|7|20189|569|3|4|244.8605|24.4861|36.7291|14.9940|933.2208|286.4868|28.6487|42.9730|17.5430|1091.8683
20240131|61|939|5|6|9|20190|570|6|6|146.6066|0.0000|21.9910|5.0011|862.6497|12.9014|0.0000|1.9352|0.4401|75.9132
20240201|994|266|9|14|14|20190|571|5|4|12.9027|0.6451|1.9354|13.3315|62.3618|13.2898|0.6645|1.9935|13.7314|64.2327
20240202|386|393|7|13|14|20190|572|4|1|140.7948|7.0397|7.0397|18.9214|145.6368|25.3431|1.2671|1.2671|3.4059|26.2146
20240203|975|364|4|9|15|20191|573|1|2|153.7098|15.3710|7.6855|11.4886|295.8517|153.7098|15.3710|7.6855|11.4886|295.8517
20240204|720|684|5|8|4|20191|574|1|5|210.4003|21.0400|0.0000|12.6097|1043.5712|210.4003|21.0400|0.0000|12.6097|1043.5712
20240205|518|771|7|9|5|20191|575|3|2|36.9664|3.6966|5.5450|13.6298|78.3210|43.2507|4.3250|6.4876|15.9469|91.6356
20240206|760|778|2|13|14|20192|576|5|5|147.3167|14.7317|0.0000|5.9480|727.7998|151.7362|15.1737|0.0000|6.1264|749.6338
20240207|964|825|7|15|18|20192|577|4|5|152.8861|15.2886|22.9329|17.5382|743.7472|27.5195|2.7519|4.1279|3.1569|133.8745
20240208|808|204|6|14|18|20192|578|6|5|287.3936|14.3697|0.0000|12.1396|1434.7379|25.2906|1.2645|0.0000|1.0683|126.2569
20240209|734|850|2|3|6|20193|579|2|3|259.4536|12.9727|12.9727|6.0637|758.4791|238.6973|11.9349|11.9349|5.5786|697.8008
20240210|651|61|1|10|1|20193|580|5|1|176.8880|17.6888|26.5332|12.2764|144.9424|182.1946|18.2195|27.3292|12.6447|149.2907
20240211|542|285|8|3|8|20193|581|3|3|160.8990|16.0899|24.1349|2.1557|444.6279|188.2518|18.8252|28.2378|2.5222|520.2146
20240212|948|70|2|15|6|20194|582|3|1|243.3913|12.1696|36.5087|6.2156|200.9286|284.7678|14.2384|42.7152|7.2723|235.0865
20240213|435|914|10|9|3|20194|583|6|4|53.1894|2.6595|7.9784|13.0124|215.1321|4.6807|0.2340|0.7021|1.1451|18.9316
20240214|996|573|7|6|18|20194|584|1|5|234.5645|11.7282|11.7282|19.2652|1168.6313|234.5645|11.7282|11.7282|19.2652|1168.6313
20240215|760|268|3|14|18|20195|585|5|5|274.5155|13.7258|13.7258|2.7142|1347.8401|282.7510|14.1376|14.1376|2.7956|1388.2753
20240216|766|560|4|11|8|20195|586|7|6|197.9043|9.8952|9.8952|15.3289|1182.9643|0.5146|0.0257|0.0257|0.0399|3.0757
20240217|652|731|5|14|5|20195|587|3|5|222.9881|0.0000|11.1494|6.5215|1110.3126|260.8961|0.0000|13.0448|7.6302|1299.0657
20240218|286|64|2|10|8|20196|588|7|5|186.7618|9.3381|28.0143|6.3026|902.7592|0.4856|0.0243|0.0728|0.0164|2.3472
20240219|883|203|6|2|15|20196|589|7|4|255.2777|0.0000|38.2917|11.1431|993.9622|0.6637|0.0000|0.0996|0.0290|2.5843
20240220|81|49|9|4|9|20196|590|3|3|147.9969|0.0000|22.1995|12.3062|434.0974|173.1564|0.0000|25.9734|14.3983|507.8940
20240221|257|308|6|14|11|20197|591|3|1|295.3586|0.0000|14.7679|15.4646|296.0553|345.5696|0.0000|17.2784|18.0936|346.3847
20240222|654|279|10|11|7|20197|592|7|6|141.9743|7.0987|7.0987|14.1859|851.8343|0.3691|0.0185|0.0185|0.0369|2.2148
20240223|912|160|9|14|16|20197|593|1|5|63.1076|0.0000|0.0000|8.1644|323.7024|63.1076|0.0000|0.0000|8.1644|323.7024
20240224|909|231|4|1|9|20198|594|7|1|258.6644|12.9332|12.9332|13.3577|246.1557|0.6725|0.0336|0.0336|0.0347|0.6400
20240225|868|336|3|10|13|20198|595|3|5|259.4121|0.0000|0.0000|10.5714|1307.6319|303.5122|0.0000|0.0000|12.3685|1529.9293
20240226|121|482|9|5|5|20198|596|5|5|184.8848|9.2442|0.0000|4.8910|920.0708|190.4313|9.5215|0.0000|5.0377|947.6729
20240227|344|385|9|4|8|20199|597|4|4|226.9500|22.6950|0.0000|10.2136|895.3186|40.8510|4.0851|0.0000|1.8384|161.1573
20240228|484|817|1|1|9|20199|598|6|5|123.2225|0.0000|6.1611|6.6986|616.6500|10.8436|0.0000|0.5422|0.5895|54.2652
20240229|793|462|10|10|9|20199|599|6|6|177.2423|8.8621|8.8621|17.2877|1063.0173|15.5973|0.7799|0.7799|1.5213|93.5455
20240101|90|246|9|6|6|20200|600|5|1|202.0275|10.1014|10.1014|3.9404|185.7651|208.0883|10.4044|10.4044|4.0586|191.3381
20240102|887|315|7|5|1|20200|601|1|6|35.8610|3.5861|1.7931|15.5182|225.3050|35.8610|3.5861|1.7931|15.5182|225.3050
20240103|278|391|6|12|20|20200|602|7|6|53.1896|5.3190|7.9784|13.1372|318.9774|0.1383|0.0138|0.0207|0.0342|0.8293
20240104|861|28|4|2|4|20201|603|3|5|71.6331|7.1633|3.5817|10.9542|358.3747|83.8107|8.3811|4.1906|12.8164|419.2984
20240105|885|341|10|14|3|20201|604|7|4|140.8187|7.0409|7.0409|13.3813|562.5743|0.3661|0.0183|0.0183|0.0348|1.4627
20240106|338|353|2|7|17|20201|605|7|4|19.4012|0.9701|0.9701|3.2331|78.8977|0.0504|0.0025|0.0025|0.0084|0.2051
20240107|244|517|10|2|17|20202|606|2|6|173.4942|0.0000|26.0241|2.0113|1016.9524|159.6147|0.0000|23.9422|1.8504|935.5962
20240108|513|621|6|4|16|20202|607|2|2|167.5377|16.7538|8.3769|18.8508|328.7955|154.1347|15.4135|7.7067|17.3427|302.4919
20240109|189|677|7|11|8|20202|608|4|1|188.6039|0.0000|0.0000|5.2691|193.8730|33.9487|0.0000|0.0000|0.9484|34.8971
20240110|678|386|4|4|6|20203|609|2|1|170.4926|17.0493|8.5246|15.7738|160.6925|156.8532|15.6854|7.8426|14.5119|147.8371
20240111|758|59|5|5|19|20203|610|2|2|72.5654|3.6283|0.0000|18.8603|160.3628|66.7602|3.3380|0.0000|17.3515|147.5338
20240112|742|484|5|6|14|20203|611|7|2|90.3836|4.5192|4.5192|4.3161|176.0449|0.2350|0.0117|0.0117|0.0112|0.4577
20240113|763|637|8|9|15|20204|612|6|6|24.9600|0.0000|0.0000|7.6546|157.4146|2.1965|0.0000|0.0000|0.6736|13.8525
20240114|361|670|9|8|2|20204|613|7|6|18.4500|0.0000|0.9225|19.7605|129.5380|0.0480|0.0000|0.0024|0.0514|0.3368
20240115|522|618|5|6|19|20204|614|7|5|104.9771|0.0000|15.7466|4.2380|513.3769|0.2729|0.0000|0.0409|0.0110|1.3348
20240116|757|776|3|9|20|20205|615|1|6|31.7479|3.1748|0.0000|14.4040|201.7166|31.7479|3.1748|0.0000|14.4040|201.7166
20240117|487|881|9|9|16|20205|616|6|2|112.7873|11.2787|5.6394|12.0160|220.6725|9.9253|0.9925|0.4963|1.0574|19.4192
20240118|983|890|6|6|12|20205|617|1|5|21.4164|0.0000|0.0000|16.7757|123.8577|21.4164|0.0000|0.0000|16.7757|123.8577
20240119|916|206|7|12|9|20206|618|6|6|105.1396|10.5140|0.0000|6.3177|626.6413|9.2523|0.9252|0.0000|0.5560|55.1444
20240120|508|62|9|6|3|20206|619|5|4|297.5772|14.8789|0.0000|13.7734|1189.2033|306.5045|15.3253|0.0000|14.1866|1224.8794
20240121|798|574|9|7|8|20206|620|6|3|252.5873|25.2587|0.0000|8.1017|740.6049|22.2277|2.2228|0.0000|0.7129|65.1732
20240122|282|946|10|1|20|20207|621|7|1|276.6222|13.8311|41.4933|11.7596|233.0574|0.7192|0.0360|0.1079|0.0306|0.6059
20240123|279|268|10|2|2|20207|622|2|3|112.6645|5.6332|5.6332|16.7656|343.4927|103.6513|5.1825|5.1825|15.4244|316.0133
20240124|431|36|5|9|15|20207|623|3|5|267.3449|0.0000|40.1017|4.4585|1301.0813|312.7935|0.0000|46.9190|5.2164|1522.2651
20240125|464|235|5|9|16|20208|624|5|2|226.8236|0.0000|34.0235|4.7190|424.3427|233.6283|0.0000|35.0442|4.8606|437.0730
20240126|693|398|7|9|5|20208|625|6|6|95.5729|4.7786|4.7786|10.2059|574.0861|8.4104|0.4205|0.4205|0.8981|50.5196
20240127|84|225|9|12|10|20208|626|4|5|63.7262|6.3726|9.5589|12.4536|315.1531|11.4707|1.1471|1.7206|2.2416|56.7276
20240128|876|833|1|3|10|20209|627|6|5|299.8462|14.9923|0.0000|6.4490|1490.6877|26.3865|1.3193|0.0000|0.5675|131.1805
20240129|63|408|6|15|9|20209|628|5|5|186.4790|9.3240|9.3240|13.0568|926.8038|192.0734|9.6037|9.6037|13.4485|954.6079
20240130|819|764|3|11|16|20209|629|5|4|166.9251|16.6925|8.3463|15.7951|658.4567|171.9329|17.1933|8.5967|16.2690|678.2104
20240131|970|323|10|12|8|20210|630|3|2|121.8066|0.0000|18.2710|3.2193|228.5615|142.5137|0.0000|21.3771|3.7666|267.4170
20240201|426|488|1|9|16|20210|631|3|5|273.6168|13.6808|41.0425|4.4938|1317.8545|320.1317|16.0065|48.0197|5.2577|1541.8898
20240202|113|806|5|2|13|20210|632|2|5|99.2709|9.9271|14.8906|6.2886|477.8254|91.3292|9.1329|13.6994|5.7855|439.5994
20240203|79|9|2|15|19|20211|633|1|4|118.5256|5.9263|17.7788|18.6224|469.0197|118.5256|5.9263|17.7788|18.6224|469.0197
20240204|503|671|6|8|2|20211|634|5|6|134.1835|0.0000|0.0000|19.3507|824.4517|138.2090|0.0000|0.0000|19.9312|849.1853
20240205|558|166|9|6|12|20211|635|4|2|290.5821|29.0582|43.5873|9.4738|517.9925|52.3048|5.2305|7.8457|1.7053|93.2386
20240206|767|478|3|5|6|20212|636|5|1|96.9589|4.8479|0.0000|2.6721|94.7831|99.8677|4.9933|0.0000|2.7523|97.6266
20240207|268|903|2|3|13|20212|637|4|4|175.5166|17.5517|26.3275|17.0449|675.2321|31.5930|3.1593|4.7389|3.0681|121.5418
20240208|65|110|7|8|13|20212|638|6|1|276.3940|13.8197|0.0000|3.2012|265.7755|24.3227|1.2161|0.0000|0.2817|23.3882
20240209|116|825|1|14|11|20213|639|6|2|149.2391|7.4620|7.4620|18.0185|301.5727|13.1330|0.6567|0.6567|1.5856|26.5384
20240210|38|363|6|11|3|20213|640|3|1|237.8506|23.7851|35.6776|15.6675|194.0554|278.2852|27.8286|41.7428|18.3310|227.0448
20240211|700|571|7|15|16|20213|641|4|5|225.4757|0.0000|0.0000|7.9226|1135.3011|40.5856|0.0000|0.0000|1.4261|204.3542
20240212|764|743|3|11|10|20214|642|5|4|114.0674|11.4067|17.1101|14.5114|442.2642|117.4894|11.7489|17.6234|14.9467|455.5321
20240213|875|876|10|5|4|20214|643|1|3|237.0321|0.0000|0.0000|5.1952|716.2915|237.0321|0.0000|0.0000|5.1952|716.2915
20240214|869|243|10|4|7|20214|644|4|2|268.2437|26.8244|0.0000|14.8483|524.5113|48.2839|4.8284|0.0000|2.6727|94.4120
20240215|499|171|10|8|2|20215|645|3|5|149.1392|14.9139|22.3709|10.0969|718.5081|174.4929|17.4493|26.1740|11.8134|840.6545
20240216|675|978|7|8|7|20215|646|2|4|201.4348|0.0000|30.2152|9.1807|784.7047|185.3200|0.0000|27.7980|8.4462|721.9283
20240217|153|340|5|4|16|20215|647|2|2|228.8478|0.0000|11.4424|12.2237|458.4769|210.5400|0.0000|10.5270|11.2458|421.7987
20240218|148|194|1|5|19|20216|648|3|6|43.9052|0.0000|0.0000|15.2618|278.6930|51.3691|0.0000|0.0000|17.8563|326.0708
20240219|710|518|2|3|4|20216|649|7|3|25.0334|0.0000|0.0000|6.1939|81.2941|0.0651|0.0000|0.0000|0.0161|0.2114
20240220|857|666|8|15|4|20216|650|3|6|207.4250|20.7425|31.1137|3.8428|1196.5366|242.6873|24.2687|36.4030|4.4961|1399.9478
20240221|672|570|1|9|20|20217|651|3|1|29.6549|1.4827|0.0000|13.7434|41.9156|34.6962|1.7348|0.0000|16.0798|49.0413
20240222|686|163|8|5|15|20217|652|7|5|175.3928|17.5393|0.0000|10.8452|870.2699|0.4560|0.0456|0.0000|0.0282|2.2627
20240223|260|28|9|13|8|20217|653|6|2|201.1869|20.1187|30.1780|12.4404|364.5175|17.7044|1.7704|2.6557|1.0948|32.0775
20240224|656|785|6|7|9|20218|654|1|4|254.8500|12.7425|38.2275|18.2339|986.6639|254.8500|12.7425|38.2275|18.2339|986.6639
20240225|189|858|7|12|17|20218|655|6|6|260.0244|26.0024|0.0000|6.0095|1540.1535|22.8821|2.2882|0.0000|0.5288|135.5335
20240226|405|372|3|8|1|20218|656|6|5|233.0897|11.6545|34.9635|4.0592|1122.8897|20.5119|1.0256|3.0768|0.3572|98.8143
20240227|505|803|8|15|2|20219|657|2|5|163.4242|16.3424|24.5136|4.3070|780.5720|150.3503|15.0350|22.5525|3.9624|718.1262
20240228|561|185|7|5|6|20219|658|7|4|23.4182|2.3418|3.5127|17.8405|105.6588|0.0609|0.0061|0.0091|0.0464|0.2747
20240229|10|529|5|4|1|20219|659|5|6|104.7927|0.0000|5.2396|5.4106|628.9272|107.9365|0.0000|5.3968|5.5729|647.7950
20240101|922|341|5|2|19|20220|660|7|5|276.0307|13.8015|41.4046|4.4269|1329.3743|0.7177|0.0359|0.1077|0.0115|3.4564
20240102|253|492|1|5|19|20220|661|4|5|24.9055|1.2453|1.2453|2.4858|124.5227|4.4830|0.2242|0.2242|0.4474|22.4141
20240103|13|227|3|11|11|20220|662|7|2|209.1907|20.9191|31.3786|15.7871|381.8708|0.5439|0.0544|0.0816|0.0410|0.9929
20240104|320|918|5|8|8|20221|663|7|5|249.7143|24.9714|0.0000|4.4202|1228.0203|0.6493|0.0649|0.0000|0.0115|3.1929
20240105|345|724|1|12|6|20221|664|2|6|170.6208|0.0000|0.0000|13.6391|1037.3639|156.9711|0.0000|0.0000|12.5480|954.3748
20240106|843|246|6|5|15|20221|665|7|4|72.3300|0.0000|3.6165|19.9317|305.6352|0.1881|0.0000|0.0094|0.0518|0.7947
20240107|579|731|8|14|4|20222|666|7|2|26.7460|0.0000|0.0000|8.0808|61.5728|0.0695|0.0000|0.0000|0.0210|0.1601
20240108|866|337|5|15|18|20222|667|7|3|16.4773|1.6477|0.0000|15.2262|63.0104|0.0428|0.0043|0.0000|0.0396|0.1638
20240109|598|407|9|10|11|20222|668|5|5|254.1720|12.7086|12.7086|5.5922|1251.0350|261.7972|13.0899|13.0899|5.7600|1288.5661
20240110|276|401|7|14|15|20223|669|7|2|96.4082|9.6408|4.8204|9.8743|188.2295|0.2507|0.0251|0.0125|0.0257|0.4894
20240111|251|216|1|12|20|20223|670|5|1|154.6464|7.7323|7.7323|11.2213|150.4031|159.2858|7.9643|7.9643|11.5579|154.9152
20240112|947|262|8|4|3|20223|671|1|3|175.0112|0.0000|0.0000|15.5533|540.5869|175.0112|0.0000|0.0000|15.5533|540.5869
20240113|366|860|5|12|13|20224|672|6|1|174.2982|0.0000|26.1447|6.3394|154.4929|15.3382|0.0000|2.3007|0.5579|13.5954
20240114|789|408|3|11|2|20224|673|7|2|199.2418|19.9242|29.8863|2.1353|350.8084|0.5180|0.0518|0.0777|0.0056|0.9121
20240115|37|737|7|11|2|20224|674|3|3|30.9170|3.0917|0.0000|15.4513|105.1106|36.1729|3.6173|0.0000|18.0780|122.9794
20240116|266|509|2|6|13|20225|675|5|3|126.4302|6.3215|18.9645|8.1734|362.1780|130.2231|6.5111|19.5334|8.4186|373.0433
20240117|438|667|1|6|3|20225|676|1|6|107.4845|5.3742|16.1227|12.3282|635.7383|107.4845|5.3742|16.1227|12.3282|635.7383
20240118|673|294|6|15|16|20225|677|3|1|166.1817|16.6182|24.9273|8.5111|133.1473|194.4326|19.4433|29.1649|9.9580|155.7823
20240119|653|456|10|14|18|20226|678|4|5|69.5731|3.4787|3.4787|3.9215|344.8296|12.5232|0.6262|0.6262|0.7059|62.0693
20240120|58|777|7|4|11|20226|679|2|5|261.3148|26.1315|39.1972|9.3763|1250.6216|240.4096|24.0410|36.0614|8.6262|1150.5719
20240121|45|729|4|2|11|20226|680|1|1|222.4511|22.2451|33.3677|10.1314|176.9697|222.4511|22.2451|33.3677|10.1314|176.9697
20240122|344|80|4|11|14|20227|681|5|1|166.3353|16.6335|0.0000|19.6427|169.3445|171.3254|17.1325|0.0000|20.2320|174.4248
20240123|469|827|7|15|7|20227|682|3|1|249.1437|12.4572|12.4572|16.7048|240.9341|291.4981|14.5749|14.5749|19.5446|281.8929
20240124|241|579|7|6|18|20227|683|1|1|281.5798|0.0000|14.0790|3.3118|270.8126|281.5798|0.0000|14.0790|3.3118|270.8126
20240125|105|405|10|2|19|20228|684|1|1|196.2439|9.8122|29.4366|3.5789|160.5740|196.2439|9.8122|29.4366|3.5789|160.5740
20240126|630|147|10|7|15|20228|685|6|6|57.4646|5.7465|0.0000|17.7520|356.7931|5.0569|0.5057|0.0000|1.5622|31.3978
20240127|743|302|4|9|6|20228|686|2|4|146.0109|7.3005|21.9016|6.3534|561.1949|134.3300|6.7165|20.1495|5.8451|516.2993
20240128|598|66|5|9|5|20229|687|2|2|171.6996|8.5850|8.5850|5.8538|332.0830|157.9636|7.8982|7.8982|5.3855|305.5164
20240129|844|712|1|13|10|20229|688|7|2|45.8295|2.2915|6.8744|19.3573|101.8504|0.1192|0.0060|0.0179|0.0503|0.2648
20240130|46|274|6|9|11|20229|689|6|5|177.0325|17.7033|0.0000|14.8330|882.2922|15.5789|1.5579|0.0000|1.3053|77.6417
20240131|555|788|9|8|10|20230|690|4|3|225.8978|0.0000|33.8847|14.7211|658.5298|40.6616|0.0000|6.0992|2.6498|118.5354
20240201|741|946|1|4|7|20230|691|5|4|30.1616|0.0000|4.5242|3.8631|119.9853|31.0664|0.0000|4.6599|3.9790|123.5849
20240202|711|372|1|1|13|20230|692|7|4|132.2785|13.2279|19.8418|19.2124|515.2567|0.3439|0.0344|0.0516|0.0500|1.3397
20240203|489|665|1|2|13|20231|693|7|3|36.6943|3.6694|5.5041|11.1617|112.0711|0.0954|0.0095|0.0143|0.0290|0.2914
20240204|674|522|8|3|15|20231|694|3|5|173.3536|0.0000|26.0030|14.3435|855.1085|202.8237|0.0000|30.4235|16.7819|1000.4769
20240205|848|184|7|12|14|20231|695|3|6|113.9981|11.3998|0.0000|12.4241|685.0129|133.3778|13.3378|0.0000|14.5362|801.4651
20240206|392|115|3|4|17|20232|696|4|2|272.7954|13.6398|40.9193|10.6782|501.7099|49.1032|2.4552|7.3655|1.9221|90.3078
20240207|473|130|2|10|1|20232|697|2|3|139.1964|6.9598|20.8795|4.9201|394.6700|128.0607|6.4030|19.2091|4.5265|363.0964
20240208|957|577|5|3|9|20232|698|6|3|270.1986|13.5099|0.0000|3.6980|800.7839|23.7775|1.1889|0.0000|0.3254|70.4690
20240209|354|341|2|9|19|20233|699|1|2|29.5502|2.9550|1.4775|2.7042|57.3721|29.5502|2.9550|1.4775|2.7042|57.3721
20240210|300|832|10|8|7|20233|700|7|2|219.6490|10.9825|0.0000|14.9688|443.2843|0.5711|0.0286|0.0000|0.0389|1.1525
20240211|414|31|5|7|17|20233|701|6|1|167.6747|0.0000|8.3837|13.9068|173.1978|14.7554|0.0000|0.7378|1.2238|15.2414
20240212|172|904|5|12|18|20234|702|3|6|140.4307|14.0431|7.0215|8.3506|829.8702|164.3039|16.4304|8.2152|9.7702|970.9481
20240213|418|557|8|2|19|20234|703|1|3|78.1406|7.8141|11.7211|14.2113|229.0979|78.1406|7.8141|11.7211|14.2113|229.0979
20240214|405|245|3|1|7|20234|704|5|5|245.1618|24.5162|0.0000|15.2999|1216.5927|252.5167|25.2517|0.0000|15.7589|1253.0905
20240215|526|977|8|14|8|20235|705|6|5|92.6525|4.6326|13.8979|2.2753|447.0073|8.1534|0.4077|1.2230|0.2002|39.3366
20240216|699|778|4|8|6|20235|706|1|1|215.8899|10.7945|0.0000|18.1416|223.2370|215.8899|10.7945|0.0000|18.1416|223.2370
20240217|889|27|8|14|7|20235|707|2|6|167.3661|8.3683|8.3683|11.8552|999.3152|153.9768|7.6988|7.6988|10.9068|919.3700
20240218|556|363|10|15|10|20236|708|4|5|174.1353|17.4135|0.0000|13.5064|866.7694|31.3444|3.1344|0.0000|2.4312|156.0185
20240219|570|560|6|1|11|20236|709|2|3|199.9378|0.0000|0.0000|8.3143|608.1277|183.9428|0.0000|0.0000|7.6492|559.4775
20240220|130|534|2|3|8|20236|710|5|4|60.8166|6.0817|3.0408|4.3786|238.5225|62.6411|6.2642|3.1320|4.5100|245.6782
20240221|629|134|5|11|14|20237|711|7|2|241.1311|24.1131|36.1697|19.9374|441.9168|0.6269|0.0627|0.0940|0.0518|1.1490
20240222|873|572|4|9|16|20237|712|3|5|11.9868|1.1987|1.7980|17.7017|74.6390|14.0246|1.4025|2.1037|20.7110|87.3276
20240223|14|276|3|7|12|20237|713|3|3|54.1154|5.4115|0.0000|6.3596|163.2943|63.3150|6.3315|0.0000|7.4407|191.0543
20240224|678|22|5|5|16|20238|714|5|5|78.4753|3.9238|3.9238|10.3344|394.8633|80.8296|4.0415|4.0415|10.6444|406.7092
20240225|163|166|10|14|2|20238|715|3|4|20.3123|0.0000|0.0000|8.9261|90.1753|23.7654|0.0000|0.0000|10.4435|105.5051
20240226|885|978|1|3|9|20238|716|5|6|158.1772|0.0000|7.9089|15.8048|956.9591|162.9225|0.0000|8.1462|16.2789|985.6679
20240227|50|426|1|9|9|20239|717|3|1|46.9043|2.3452|7.0356|19.8643|57.3878|54.8780|2.7439|8.2317|23.2412|67.1437
20240228|635|372|7|5|9|20239|718|5|6|274.5444|13.7272|0.0000|4.3818|1637.9210|282.7807|14.1390|0.0000|4.5133|1687.0586
20240229|925|553|7|4|12|20239|719|2|1|14.8351|1.4835|2.2253|8.4687|19.5950|13.6483|1.3648|2.0473|7.7912|18.0274
20240101|205|287|4|1|12|20240|720|2|1|38.3454|3.8345|1.9173|9.6397|42.2333|35.2778|3.5277|1.7639|8.8685|38.8546
20240102|224|33|7|6|19|20240|721|6|5|83.5504|8.3550|4.1775|14.7055|419.9250|7.3524|0.7352|0.3676|1.2941|36.9534
20240103|613|852|8|5|17|20240|722|4|6|242.8342|0.0000|36.4251|3.0273|1423.6074|43.7102|0.0000|6.5565|0.5449|256.2493
20240104|734|556|7|10|10|20241|723|1|2|151.7924|0.0000|0.0000|6.2305|309.8153|151.7924|0.0000|0.0000|6.2305|309.8153
20240105|327|704|6|9|19|20241|724|4|5|138.7281|0.0000|0.0000|17.6246|711.2651|24.9711|0.0000|0.0000|3.1724|128.0277
20240106|164|698|10|7|2|20241|725|7|2|67.5520|6.7552|0.0000|12.9742|141.3230|0.1756|0.0176|0.0000|0.0337|0.3674
20240107|609|497|4|8|3|20242|726|2|3|227.5735|0.0000|0.0000|8.1498|690.8703|209.3676|0.0000|0.0000|7.4978|635.6007
20240108|752|646|2|13|14|20242|727|4|6|23.6461|1.1823|1.1823|3.0257|142.5377|4.2563|0.2128|0.2128|0.5446|25.6568
20240109|561|129|2|10|2|20242|728|6|5|61.4737|6.1474|3.0737|10.6216|308.7690|5.4097|0.5410|0.2705|0.9347|27.1717
20240110|938|756|7|11|18|20243|729|4|6|276.7193|13.8360|0.0000|7.6391|1654.1189|49.8095|2.4905|0.0000|1.3750|297.7414
20240111|540|337|8|1|20|20243|730|5|4|187.7709|0.0000|9.3885|3.2542|744.9493|193.4040|0.0000|9.6702|3.3518|767.2978
20240112|95|544|8|12|3|20243|731|4|3|57.6644|2.8832|2.8832|3.1482|170.3750|10.3796|0.5190|0.5190|0.5667|30.6675
20240113|199|659|6|7|4|20244|732|7|1|50.2895|0.0000|7.5434|2.1358|44.8819|0.1308|0.0000|0.0196|0.0056|0.1167
20240114|783|17|6|6|15|20244|733|4|6|281.8679|14.0934|42.2802|8.5226|1643.3564|50.7362|2.5368|7.6104|1.5341|295.8042
20240115|692|609|6|6|3|20244|734|7|2|201.1050|0.0000|30.1657|18.6629|390.7072|0.5229|0.0000|0.0784|0.0485|1.0158
20240116|905|783|1|15|12|20245|735|2|5|112.5255|5.6263|5.6263|8.5797|559.9546|103.5235|5.1762|5.1762|7.8933|515.1582
20240117|553|300|6|1|5|20245|736|2|4|173.7346|17.3735|0.0000|16.9401|694.5050|159.8358|15.9836|0.0000|15.5849|638.9446
20240118|686|577|10|6|10|20245|737|4|2|89.8729|4.4936|0.0000|10.1944|185.4466|16.1771|0.8088|0.0000|1.8350|33.3804
20240119|970|643|10|15|4|20246|738|3|3|133.8742|6.6937|0.0000|13.6256|408.5545|156.6328|7.8316|0.0000|15.9420|478.0088
20240120|668|917|8|3|1|20246|739|6|6|183.7494|18.3749|0.0000|13.2238|1097.3453|16.1699|1.6170|0.0000|1.1637|96.5664
20240121|761|685|1|1|11|20246|740|1|1|146.7022|7.3351|7.3351|17.4627|149.4947|146.7022|7.3351|7.3351|17.4627|149.4947
20240122|304|742|4|1|3|20247|741|1|2|196.3151|0.0000|29.4473|18.9561|382.1390|196.3151|0.0000|29.4473|18.9561|382.1390
20240123|519|299|2|6|13|20247|742|2|5|203.1378|10.1569|10.1569|16.8245|1012.1997|186.8868|9.3443|9.3443|15.4785|931.2237
20240124|80|126|7|3|13|20247|743|5|2|78.3719|0.0000|0.0000|14.2425|170.9863|80.7231|0.0000|0.0000|14.6698|176.1159
20240125|839|89|6|6|8|20248|744|3|5|42.5869|0.0000|2.1293|8.9047|219.7099|49.8267|0.0000|2.4913|10.4185|257.0606
20240126|220|77|10|7|12|20248|745|2|5|227.8313|22.7831|11.3916|5.1552|1110.1370|209.6048|20.9605|10.4803|4.7428|1021.3260
20240127|886|834|4|9|19|20248|746|6|6|169.9495|8.4975|8.4975|2.1670|1004.8690|14.9556|0.7478|0.7478|0.1907|88.4285
20240128|5|399|6|6|5|20249|747|2|4|269.1789|0.0000|0.0000|7.0832|1083.7988|247.6446|0.0000|0.0000|6.5165|997.0949
20240129|334|803|5|4|5|20249|748|6|6|19.0058|0.9503|0.0000|17.4329|130.5174|1.6725|0.0836|0.0000|1.5341|11.4855
20240130|195|715|3|15|6|20249|749|7|5|285.3621|28.5362|14.2681|6.8467|1390.8529|0.7419|0.0742|0.0371|0.0178|3.6162
20240131|267|73|8|11|15|20250|750|5|1|112.3691|0.0000|0.0000|4.6366|117.0057|115.7402|0.0000|0.0000|4.7757|120.5159
20240201|71|276|7|8|4|20250|751|4|3|285.3302|14.2665|14.2665|2.1678|829.6254|51.3594|2.5680|2.5680|0.3902|149.3326
20240202|417|443|4|10|4|20250|752|1|1|174.2963|8.7148|8.7148|14.6520|171.5187|174.2963|8.7148|8.7148|14.6520|171.5187
20240203|534|479|10|10|20|20251|753|3|6|278.9749|13.9487|13.9487|13.8472|1659.7992|326.4006|16.3200|16.3200|16.2012|1941.9651
20240204|492|786|1|14|7|20251|754|6|3|121.4632|0.0000|0.0000|17.2703|381.6599|10.6888|0.0000|0.0000|1.5198|33.5861
20240205|139|414|9|11|20|20251|755|2|2|208.1219|20.8122|31.2183|3.1037|367.3170|191.4721|19.1472|28.7208|2.8554|337.9316
20240206|315|426|10|15|4|20252|756|4|3|13.7611|1.3761|0.0000|13.1105|53.0177|2.4770|0.2477|0.0000|2.3599|9.5432
20240207|122|339|6|8|15|20252|757|5|3|100.5369|0.0000|0.0000|14.3771|315.9878|103.5530|0.0000|0.0000|14.8084|325.4674
20240208|934|869|1|2|1|20252|758|2|4|24.0678|1.2034|1.2034|19.7093|113.5737|22.1424|1.1071|1.1071|18.1326|104.4878
20240209|49|257|8|4|20|20253|759|3|6|222.9855|22.2986|0.0000|15.4529|1331.0673|260.8930|26.0894|0.0000|18.0799|1557.3487
20240210|118|915|2|11|3|20253|760|6|5|226.5158|0.0000|0.0000|12.8880|1145.4670|19.9334|0.0000|0.0000|1.1341|100.8011
20240211|968|143|6|14|16|20253|761|7|4|242.9013|12.1451|0.0000|5.6152|965.0753|0.6315|0.0316|0.0000|0.0146|2.5092
20240212|435|206|4|15|19|20254|762|6|3|20.3967|1.0198|1.0198|17.8912|77.0417|1.7949|0.0897|0.0897|1.5744|6.7797
20240213|957|217|8|11|12|20254|763|4|1|196.3454|19.6345|9.8173|13.2278|180.1214|35.3422|3.5342|1.7671|2.3810|32.4219
20240214|408|375|5|9|10|20254|764|6|1|192.1547|0.0000|9.6077|7.5597|190.1067|16.9096|0.0000|0.8455|0.6653|16.7294
20240215|72|933|3|2|6|20255|765|1|6|187.8679|0.0000|28.1802|10.4230|1109.4502|187.8679|0.0000|28.1802|10.4230|1109.4502
20240216|954|992|5|7|4|20255|766|6|5|207.5820|20.7582|31.1373|9.4799|995.4944|18.2672|1.8267|2.7401|0.8342|87.6035
20240217|131|479|4|8|20|20255|767|7|3|250.6206|25.0621|12.5310|19.3008|733.5695|0.6516|0.0652|0.0326|0.0502|1.9073
20240218|369|409|9|9|1|20256|768|4|6|99.1399|0.0000|4.9570|5.0782|594.9606|17.8452|0.0000|0.8923|0.9141|107.0929
20240219|434|785|9|13|19|20256|769|5|1|236.5035|11.8252|35.4755|6.2557|195.4585|243.5986|12.1800|36.5398|6.4434|201.3223
20240220|724|358|1|3|10|20256|770|3|3|90.8854|9.0885|0.0000|6.4216|269.9893|106.3359|10.6335|0.0000|7.5133|315.8875
20240221|634|872|2|13|14|20257|771|7|6|129.6295|6.4815|0.0000|15.2915|786.5870|0.3370|0.0169|0.0000|0.0398|2.0451
20240222|709|63|5|6|9|20257|772|4|2|67.3390|3.3670|3.3670|15.1558|143.0998|12.1210|0.6061|0.6061|2.7280|25.7580
20240223|130|532|8|3|19|20257|773|3|6|75.9652|3.7983|11.3948|17.5788|458.1769|88.8793|4.4440|13.3319|20.5672|536.0670
20240224|815|706|8|15|9|20258|774|2|4|23.2747|1.1637|0.0000|10.8310|102.7661|21.4127|1.0706|0.0000|9.9645|94.5448
20240225|54|167|9|9|17|20258|775|4|2|78.6457|3.9323|11.7969|15.3059|156.8681|14.1562|0.7078|2.1234|2.7551|28.2363
20240226|166|679|4|14|20|20258|776|5|5|147.1541|0.0000|7.3577|5.1509|733.5637|151.5687|0.0000|7.5784|5.3054|755.5706
20240227|963|438|8|15|18|20259|777|2|4|36.9716|0.0000|0.0000|16.1534|164.0398|34.0139|0.0000|0.0000|14.8611|150.9166
20240228|461|739|4|6|6|20259|778|3|4|186.0120|0.0000|0.0000|12.4718|756.5198|217.6340|0.0000|0.0000|14.5920|885.1282
20240229|132|327|3|10|6|20259|779|5|4|65.8926|3.2946|9.8839|14.5236|264.9155|67.8694|3.3934|10.1804|14.9593|272.8630
20240101|463|407|7|2|1|20260|780|7|6|37.8368|0.0000|1.8918|10.3579|235.4869|0.0984|0.0000|0.0049|0.0269|0.6123
20240102|139|146|7|8|9|20260|781|2|3|20.5711|0.0000|3.0857|9.1498|67.7774|18.9254|0.0000|2.8388|8.4178|62.3552
20240103|777|368|10|13|20|20260|782|2|5|208.4752|0.0000|0.0000|2.7132|1045.0892|191.7972|0.0000|0.0000|2.4961|961.4821
20240104|150|61|6|2|6|20261|783|1|2|124.6387|12.4639|18.6958|8.2190|226.3367|124.6387|12.4639|18.6958|8.2190|226.3367
20240105|675|544|3|1|8|20261|784|6|1|26.7089|0.0000|0.0000|3.7425|30.4514|2.3504|0.0000|0.0000|0.3293|2.6797
20240106|474|622|8|12|1|20261|785|4|3|120.8733|12.0873|18.1310|9.5551|341.9567|21.7572|2.1757|3.2636|1.7199|61.5522
20240107|249|446|5|8|12|20262|786|5|5|61.6392|0.0000|0.0000|17.8262|326.0222|63.4884|0.0000|0.0000|18.3610|335.8029
20240108|834|103|6|13|15|20262|787|6|3|242.2557|24.2256|36.3384|18.1187|684.3218|21.3185|2.1319|3.1978|1.5944|60.2203
20240109|998|70|3|7|18|20262|788|5|5|135.6364|13.5636|6.7818|4.6533|662.4899|139.7055|13.9705|6.9853|4.7929|682.3646
20240110|186|20|8|10|4|20263|789|1|1|133.5046|0.0000|6.6752|15.4349|142.2643|133.5046|0.0000|6.6752|15.4349|142.2643
20240111|224|816|6|4|18|20263|790|6|2|187.4668|18.7467|28.1200|19.5129|347.5798|16.4971|1.6497|2.4746|1.7171|30.5870
20240112|916|729|2|2|9|20263|791|7|4|280.6763|14.0338|0.0000|5.6057|1114.2771|0.7298|0.0365|0.0000|0.0146|2.8971
20240113|285|14|6|7|16|20264|792|5|6|197.3763|0.0000|9.8688|9.2220|1183.6110|203.2976|0.0000|10.1649|9.4987|1219.1193
20240114|133|382|7|15|10|20264|793|5|6|125.8046|6.2902|18.8707|8.9729|738.6396|129.5787|6.4789|19.4368|9.2421|760.7988
20240115|229|666|6|2|11|20264|794|4|5|248.7814|24.8781|37.3172|17.9588|1199.6705|44.7807|4.4781|6.7171|3.2326|215.9407
20240116|653|382|3|1|14|20265|795|7|4|102.6303|0.0000|5.1315|19.6137|425.0034|0.2668|0.0000|0.0133|0.0510|1.1050
20240117|534|983|2|15|10|20265|796|4|3|18.7691|1.8769|2.8154|18.2447|69.8597|3.3784|0.3378|0.5068|3.2840|12.5747
20240118|530|614|9|12|20|20265|797|5|2|116.1412|11.6141|17.4212|7.1784|210.4255|119.6254|11.9625|17.9438|7.3938|216.7383
20240119|280|987|1|8|2|20266|798|6|5|30.1781|0.0000|0.0000|3.2332|154.1237|2.6557|0.0000|0.0000|0.2845|13.5629
20240120|811|292|10|14|18|20266|799|4|1|235.6621|0.0000|0.0000|4.7433|240.4054|42.4192|0.0000|0.0000|0.8538|43.2730
20240121|868|631|5|7|11|20266|800|2|2|266.1766|13.3088|0.0000|15.6791|534.7235|244.8825|12.2441|0.0000|14.4248|491.9456
20240122|242|28|9|6|13|20267|801|2|3|181.9273|9.0964|9.0964|5.2216|532.8107|167.3731|8.3687|8.3687|4.8039|490.1858
20240123|692|520|5|5|17|20267|802|7|4|122.4317|0.0000|0.0000|12.2374|501.9642|0.3183|0.0000|0.0000|0.0318|1.3051
20240124|868|325|1|3|13|20267|803|4|4|255.4382|25.5438|0.0000|16.2257|1012.4347|45.9789|4.5979|0.0000|2.9206|182.2382
20240125|921|420|3|7|15|20268|804|4|6|93.1434|4.6572|4.6572|8.3414|557.8874|16.7658|0.8383|0.8383|1.5015|100.4197
20240126|25|784|7|15|6|20268|805|4|4|256.4304|12.8215|0.0000|18.9115|1031.8116|46.1575|2.3079|0.0000|3.4041|185.7261
20240127|668|939|5|12|15|20268|806|5|6|80.4919|8.0492|12.0738|2.5984|465.4268|82.9067|8.2907|12.4360|2.6764|479.3896
20240128|688|792|4|1|2|20269|807|3|4|295.9115|14.7956|0.0000|10.6269|1179.4773|346.2165|17.3109|0.0000|12.4335|1379.9884
20240129|797|616|4|6|19|20269|808|3|1|56.8436|5.6844|2.8422|7.8770|56.1940|66.5070|6.6507|3.3254|9.2161|65.7470
20240130|646|213|9|3|10|20269|809|6|5|212.2177|10.6109|31.8327|4.3559|1023.0008|18.6752|0.9338|2.8013|0.3833|90.0241
20240131|341|565|1|12|11|20270|810|5|2|252.9278|12.6464|12.6464|16.9772|497.5400|260.5156|13.0258|13.0258|17.4865|512.4662
20240201|674|254|6|6|1|20270|811|6|2|52.3136|2.6157|2.6157|11.7114|111.1072|4.6036|0.2302|0.2302|1.0306|9.7774
20240202|552|28|7|14|16|20270|812|2|2|147.9147|7.3957|22.1872|13.9331|280.1796|136.0815|6.8040|20.4122|12.8185|257.7652
20240203|352|409|10|12|19|20271|813|3|6|6.9488|0.3474|0.3474|19.6888|60.6868|8.1301|0.4065|0.4065|23.0359|71.0036
20240204|81|428|8|10|4|20271|814|5|6|114.7806|0.0000|17.2171|12.0601|683.5266|118.2240|0.0000|17.7336|12.4219|704.0324
20240205|222|159|4|11|19|20271|815|3|5|168.9934|16.8993|25.3490|8.0791|810.7978|197.7223|19.7722|29.6583|9.4525|948.6334
20240206|207|68|7|11|4|20272|816|1|4|171.5621|17.1562|25.7343|5.7109|649.0688|171.5621|17.1562|25.7343|5.7109|649.0688
20240207|108|592|8|4|1|20272|817|3|5|282.9226|14.1461|0.0000|6.4550|1406.9219|331.0194|16.5509|0.0000|7.5523|1646.0986
20240208|434|339|8|3|18|20272|818|2|5|185.4994|9.2750|27.8249|8.9534|899.3505|170.6594|8.5330|25.5989|8.2371|827.4025
20240209|941|242|3|4|7|20273|819|2|6|271.0405|13.5520|40.6561|7.7660|1579.8009|249.3573|12.4678|37.4036|7.1447|1453.4168
20240210|717|831|2|3|10|20273|820|1|6|52.6411|0.0000|7.8962|9.5584|317.5088|52.6411|0.0000|7.8962|9.5584|317.5088
20240211|600|202|1|2|11|20273|821|4|4|270.9530|27.0953|13.5476|3.7242|1046.8933|48.7715|4.8772|2.4386|0.6704|188.4408
20240212|233|668|2|8|11|20274|822|3|6|15.2798|1.5280|2.2920|10.2633|98.1221|17.8774|1.7878|2.6816|12.0081|114.8029
20240213|768|349|2|10|15|20274|823|5|1|59.7095|2.9855|8.9564|14.6687|62.4363|61.5008|3.0751|9.2251|15.1088|64.3094
20240214|621|633|5|12|1|20274|824|6|6|205.2004|10.2600|10.2600|9.8419|1220.5243|18.0576|0.9029|0.9029|0.8661|107.4061
20240215|936|696|1|10|18|20275|825|5|3|266.2695|26.6270|13.3135|2.0932|760.9612|274.2576|27.4258|13.7129|2.1560|783.7900
20240216|67|783|8|14|2|20275|826|1|1|97.9308|4.8965|4.8965|3.5202|91.6580|97.9308|4.8965|4.8965|3.5202|91.6580
20240217|848|920|2|12|9|20275|827|7|1|18.9519|1.8952|0.0000|9.7357|26.7924|0.0493|0.0049|0.0000|0.0253|0.0697
20240218|760|400|5|2|17|20276|828|2|3|49.7075|2.4854|0.0000|10.5608|157.1979|45.7309|2.2866|0.0000|9.7159|144.6221
20240219|649|486|7|15|10|20276|829|3|3|280.8149|0.0000|0.0000|11.6624|854.1071|328.5534|0.0000|0.0000|13.6450|999.3053
20240220|940|526|2|5|19|20276|830|3|2|240.0811|12.0041|0.0000|14.7466|482.9047|280.8949|14.0448|0.0000|17.2535|564.9985
20240221|528|52|10|11|1|20277|831|7|6|37.3405|1.8670|0.0000|7.1387|229.3147|0.0971|0.0049|0.0000|0.0186|0.5962
20240222|506|496|2|5|8|20277|832|1|5|104.5988|0.0000|0.0000|15.0148|538.0088|104.5988|0.0000|0.0000|15.0148|538.0088
20240223|104|579|5|14|4|20277|833|7|5|147.3590|0.0000|0.0000|12.9643|749.7593|0.3831|0.0000|0.0000|0.0337|1.9494
20240224|968|429|5|8|14|20278|834|5|5|220.1338|11.0067|33.0201|4.1145|1060.7567|226.7378|11.3369|34.0107|4.2379|1092.5794
20240225|260|124|5|7|9|20278|835|6|3|122.1300|12.2130|18.3195|7.5524|343.4099|10.7474|1.0747|1.6121|0.6646|30.2201
20240226|859|278|9|15|9|20278|836|5|4|257.7452|25.7745|0.0000|13.1967|1018.4030|265.4776|26.5477|0.0000|13.5926|1048.9551
20240227|446|970|10|5|5|20279|837|5|2|105.8819|10.5882|15.8823|12.1733|197.4666|109.0584|10.9058|16.3588|12.5385|203.3906
20240228|506|315|9|7|18|20279|838|7|3|109.3630|10.9363|16.4045|11.2644|312.0126|0.2843|0.0284|0.0427|0.0293|0.8112
20240229|767|898|2|14|14|20279|839|4|1|151.1942|15.1194|22.6791|5.6005|118.9962|27.2150|2.7215|4.0822|1.0081|21.4193
20240101|988|955|4|12|19|20280|840|2|2|279.5826|13.9791|13.9791|5.4249|536.6319|257.2160|12.8608|12.8608|4.9909|493.7013
20240102|858|959|2|12|7|20280|841|2|1|251.0934|25.1093|12.5547|7.4647|220.8941|231.0059|23.1006|11.5503|6.8675|203.2226
20240103|322|898|8|2|3|20280|842|7|6|57.7396|2.8870|0.0000|10.6863|354.2369|0.1501|0.0075|0.0000|0.0278|0.9210
20240104|741|227|5|9|3|20281|843|7|4|279.7041|0.0000|13.9852|4.3899|1109.2211|0.7272|0.0000|0.0364|0.0114|2.8840
20240105|537|581|9|8|8|20281|844|6|1|49.1053|2.4553|7.3658|3.7310|43.0152|4.3213|0.2161|0.6482|0.3283|3.7853
20240106|6|714|7|3|4|20281|845|7|1|173.7805|8.6890|26.0671|6.6611|145.6855|0.4518|0.0226|0.0678|0.0173|0.3788
20240107|391|202|7|5|9|20282|846|3|3|122.7827|6.1391|0.0000|14.5822|376.7912|143.6558|7.1827|0.0000|17.0612|440.8457
20240108|990|97|10|6|20|20282|847|3|6|163.0984|8.1549|0.0000|8.3986|978.8341|190.8251|9.5412|0.0000|9.8264|1145.2359
20240109|595|354|3|12|19|20282|848|3|2|142.0165|0.0000|7.1008|8.4701|285.4023|166.1593|0.0000|8.3079|9.9100|333.9207
20240110|804|872|5|5|20|20283|849|1|3|127.5676|0.0000|0.0000|10.7003|393.4031|127.5676|0.0000|0.0000|10.7003|393.4031
20240111|568|768|3|12|10|20283|850|6|1|135.2491|0.0000|20.2874|10.2158|125.1775|11.9019|0.0000|1.7853|0.8990|11.0156
20240112|335|976|3|12|4|20283|851|1|6|71.5532|0.0000|0.0000|12.1132|441.4324|71.5532|0.0000|0.0000|12.1132|441.4324
20240113|563|888|10|3|18|20284|852|6|1|217.5943|0.0000|0.0000|7.0386|224.6329|19.1483|0.0000|0.0000|0.6194|19.7677
20240114|460|234|5|15|18|20284|853|1|6|106.3537|10.6354|0.0000|3.2815|630.7683|106.3537|10.6354|0.0000|3.2815|630.7683
20240115|492|575|1|8|15|20284|854|5|5|247.9484|24.7948|37.1923|10.4129|1188.1678|255.3869|25.5386|38.3081|10.7253|1223.8128
20240116|456|354|4|4|1|20285|855|1|5|105.6591|5.2830|0.0000|5.4324|528.4449|105.6591|5.2830|0.0000|5.4324|528.4449
20240117|548|153|7|12|7|20285|856|6|3|32.6610|3.2661|0.0000|7.4121|102.1290|2.8742|0.2874|0.0000|0.6523|8.9874
20240118|99|192|5|6|14|20285|857|5|5|220.7645|11.0382|33.1147|15.6764|1075.3460|227.3874|11.3693|34.1081|16.1467|1107.6064
20240119|184|503|7|8|20|20286|858|2|2|150.3607|7.5180|22.5541|6.5180|277.1673|138.3318|6.9166|20.7498|5.9966|254.9939
20240120|771|41|5|1|15|20286|859|6|6|53.7039|0.0000|8.0556|7.3876|321.5554|4.7259|0.0000|0.7089|0.6501|28.2969
20240121|640|469|6|5|1|20286|860|4|6|49.9504|2.4975|0.0000|10.5809|307.7858|8.9911|0.4496|0.0000|1.9046|55.4014
20240122|750|824|5|13|7|20287|861|7|5|44.8594|0.0000|6.7289|11.6252|229.1933|0.1166|0.0000|0.0175|0.0302|0.5959
20240123|862|306|4|13|7|20287|862|3|1|110.8905|5.5445|0.0000|4.2565|109.6025|129.7419|6.4871|0.0000|4.9801|128.2349
20240124|516|32|5|11|3|20287|863|5|6|94.8122|0.0000|0.0000|8.7964|577.6696|97.6566|0.0000|0.0000|9.0603|594.9997
20240125|740|389|8|7|8|20288|864|5|1|39.4968|3.9497|5.9245|5.7998|35.4224|40.6817|4.0682|6.1022|5.9738|36.4851
20240126|561|257|6|2|17|20288|865|4|5|153.4655|15.3466|0.0000|7.8901|759.8710|27.6238|2.7624|0.0000|1.4202|136.7768
20240127|564|950|3|15|7|20288|866|3|3|128.3796|6.4190|19.2569|10.7157|370.1786|150.2041|7.5102|22.5306|12.5374|433.1090
20240128|468|970|10|1|8|20289|867|4|3|152.2291|7.6115|7.6115|9.2375|450.7018|27.4012|1.3701|1.3701|1.6628|81.1263
20240129|281|382|4|13|13|20289|868|5|4|101.6334|10.1633|0.0000|10.5010|406.8713|104.6824|10.4682|0.0000|10.8160|419.0774
20240130|532|267|1|9|10|20289|869|6|2|283.0353|0.0000|14.1518|5.4915|557.4103|24.9071|0.0000|1.2454|0.4833|49.0521
20240131|583|17|5|2|17|20290|870|1|1|179.5972|0.0000|0.0000|15.4918|195.0890|179.5972|0.0000|0.0000|15.4918|195.0890
20240201|974|159|1|11|17|20290|871|2|3|25.6510|2.5651|1.2826|9.6871|82.7924|23.5989|2.3599|1.1800|8.9121|76.1690
20240202|157|738|5|15|15|20290|872|6|6|119.2349|5.9617|0.0000|4.3751|713.8228|10.4927|0.5246|0.0000|0.3850|62.8164
20240203|840|362|1|9|6|20291|873|1|5|13.1783|0.6589|0.6589|12.3682|76.9419|13.1783|0.6589|0.6589|12.3682|76.9419
20240204|736|848|10|1|4|20291|874|4|2|39.8924|0.0000|1.9946|18.9829|96.7731|7.1806|0.0000|0.3590|3.4169|17.4192
20240205|182|927|10|6|3|20291|875|1|2|268.4611|0.0000|13.4231|11.2018|534.7009|268.4611|0.0000|13.4231|11.2018|534.7009
20240206|83|82|3|9|9|20292|876|4|3|35.8741|1.7937|1.7937|6.9204|110.9553|6.4573|0.3229|0.3229|1.2457|19.9720
20240207|572|206|5|2|18|20292|877|7|1|8.3348|0.0000|0.4167|12.3878|20.3059|0.0217|0.0000|0.0011|0.0322|0.0528
20240208|958|472|8|5|5|20292|878|6|6|255.9889|12.7994|0.0000|19.3209|1542.4549|22.5270|1.1263|0.0000|1.7002|135.7360
20240209|813|54|1|11|13|20293|879|6|6|152.2013|0.0000|7.6101|2.9185|908.5162|13.3937|0.0000|0.6697|0.2568|79.9494
20240210|917|692|1|7|5|20293|880|6|5|216.9777|21.6978|10.8489|8.9935|1061.3353|19.0940|1.9094|0.9547|0.7914|93.3975
20240211|824|736|3|3|13|20293|881|1|1|162.6093|0.0000|0.0000|14.4594|177.0687|162.6093|0.0000|0.0000|14.4594|177.0687
20240212|307|207|5|5|6|20294|882|4|3|29.3210|0.0000|4.3982|4.5603|88.1251|5.2778|0.0000|0.7917|0.8209|15.8625
20240213|55|831|5|12|15|20294|883|4|1|128.9996|0.0000|19.3499|8.8276|118.4773|23.2199|0.0000|3.4830|1.5890|21.3259
20240214|375|143|7|1|17|20294|884|2|5|56.1978|0.0000|8.4297|5.5453|278.1046|51.7020|0.0000|7.7553|5.1017|255.8562
20240215|368|571|8|15|20|20295|885|6|1|237.8571|23.7857|0.0000|13.5860|227.6574|20.9314|2.0931|0.0000|1.1956|20.0339
20240216|147|689|10|3|19|20295|886|5|4|292.5344|0.0000|0.0000|18.3835|1188.5211|301.3104|0.0000|0.0000|18.9350|1224.1767
20240217|310|244|10|9|18|20295|887|3|6|166.9634|8.3482|0.0000|13.0158|1006.4480|195.3472|9.7674|0.0000|15.2285|1177.5442
20240218|962|388|2|6|3|20296|888|2|6|104.0039|0.0000|15.6006|10.1916|618.6144|95.6836|0.0000|14.3526|9.3763|569.1252
20240219|771|798|10|1|20|20296|889|1|3|18.7726|1.8773|0.9386|19.7919|73.2938|18.7726|1.8773|0.9386|19.7919|73.2938
20240220|438|246|2|14|19|20296|890|4|4|187.4021|18.7402|28.1103|17.5071|720.2650|33.7324|3.3732|5.0599|3.1513|129.6477
20240221|235|48|8|10|12|20297|891|7|4|227.5141|0.0000|34.1271|8.8334|884.7627|0.5915|0.0000|0.0887|0.0230|2.3004
20240222|69|787|7|11|16|20297|892|1|5|156.4519|15.6452|7.8226|4.6186|763.4103|156.4519|15.6452|7.8226|4.6186|763.4103
20240223|297|431|2|1|15|20297|893|6|2|103.6253|10.3625|5.1813|12.3726|204.0794|9.1190|0.9119|0.4560|1.0888|17.9590
20240224|215|120|6|7|12|20298|894|1|4|147.4227|7.3711|0.0000|6.6444|588.9641|147.4227|7.3711|0.0000|6.6444|588.9641
20240225|774|253|4|7|5|20298|895|5|2|227.7065|11.3853|0.0000|7.3007|451.3284|234.5377|11.7269|0.0000|7.5197|464.8683
20240226|227|211|2|5|14|20298|896|3|6|252.3729|12.6186|0.0000|5.6004|1507.2192|295.2763|14.7638|0.0000|6.5525|1763.4465
20240227|727|616|1|11|6|20299|897|5|4|223.5811|22.3581|0.0000|17.0388|889.0051|230.2885|23.0288|0.0000|17.5500|915.6753
20240228|459|830|7|7|3|20299|898|5|2|153.8239|0.0000|23.0736|10.2854|294.8596|158.4386|0.0000|23.7658|10.5940|303.7054
20240229|243|762|7|13|5|20299|899|4|3|180.4556|9.0228|0.0000|11.2157|543.5597|32.4820|1.6241|0.0000|2.0188|97.8407
20240101|544|391|1|11|14|20300|900|1|3|95.4923|4.7746|4.7746|15.0221|291.9498|95.4923|4.7746|4.7746|15.0221|291.9498
20240102|565|740|6|2|8|20300|901|7|1|204.8994|0.0000|10.2450|13.4484|208.1028|0.5327|0.0000|0.0266|0.0350|0.5411
20240103|738|955|7|13|12|20300|902|7|3|82.8938|4.1447|4.1447|6.5235|246.9155|0.2155|0.0108|0.0108|0.0170|0.6420
20240104|384|310|8|15|9|20301|903|3|6|56.5359|5.6536|2.8268|7.7266|338.4616|66.1470|6.6147|3.3074|9.0401|396.0001
20240105|742|707|8|3|8|20301|904|6|2|231.7177|11.5859|0.0000|3.2547|455.1042|20.3912|1.0196|0.0000|0.2864|40.0492
20240106|307|636|6|7|14|20301|905|6|3|17.3878|1.7388|0.8694|7.3736|56.9288|1.5301|0.1530|0.0765|0.6489|5.0097
20240107|264|65|2|1|18|20302|906|7|4|180.8182|18.0818|9.0409|13.1213|709.2714|0.4701|0.0470|0.0235|0.0341|1.8441
20240108|340|745|2|1|13|20302|907|6|6|294.0675|0.0000|44.1101|9.2174|1729.5123|25.8779|0.0000|3.8817|0.8111|152.1971
20240109|883|998|6|11|2|20302|908|1|6|130.9524|0.0000|19.6429|13.2145|779.2860|130.9524|0.0000|19.6429|13.2145|779.2860
20240110|92|613|8|8|7|20303|909|7|6|201.8609|10.0930|0.0000|12.0509|1213.1233|0.5248|0.0262|0.0000|0.0313|3.1541
20240111|507|995|5|12|7|20303|910|1|4|271.7935|27.1793|0.0000|14.2241|1074.2188|271.7935|27.1793|0.0000|14.2241|1074.2188
20240112|550|141|7|14|9|20303|911|5|4|170.4197|17.0420|8.5210|16.8972|673.0130|175.5323|17.5533|8.7766|17.4041|693.2034
20240113|660|913|8|12|4|20304|912|4|2|121.5339|12.1534|18.2301|4.9016|217.5859|21.8761|2.1876|3.2814|0.8823|39.1655
20240114|441|638|4|15|19|20304|913|2|6|125.4326|12.5433|0.0000|7.2573|747.3096|115.3980|11.5398|0.0000|6.6767|687.5248
20240115|452|852|10|9|18|20304|914|2|2|160.1441|8.0072|0.0000|9.8656|322.1466|147.3326|7.3666|0.0000|9.0764|296.3749
20240116|10|191|4|14|12|20305|915|7|4|112.9789|11.2979|5.6489|6.6413|441.6101|0.2937|0.0294|0.0147|0.0173|1.1482
20240117|372|39|3|12|10|20305|916|3|6|80.4192|4.0210|12.0629|2.8347|469.2660|94.0905|4.7046|14.1136|3.3166|549.0412
20240118|620|110|6|15|13|20305|917|4|3|170.9583|17.0958|25.6437|8.3717|478.5071|30.7725|3.0772|4.6159|1.5069|86.1313
20240119|358|455|8|8|20|20306|918|2|4|98.7477|9.8748|14.8122|17.4985|387.8023|90.8479|9.0848|13.6272|16.0986|356.7781
20240120|448|297|10|7|17|20306|919|5|2|156.2693|0.0000|23.4404|5.3518|294.4500|160.9574|0.0000|24.1436|5.5124|303.2835
20240121|244|903|10|3|19|20306|920|7|5|247.0056|0.0000|12.3503|9.2078|1231.8855|0.6422|0.0000|0.0321|0.0239|3.2029
20240122|804|8|9|5|6|20307|921|6|5|138.1683|0.0000|6.9084|18.3132|702.2463|12.1588|0.0000|0.6079|1.6116|61.7977
20240123|337|243|3|11|8|20307|922|6|3|254.2893|12.7145|38.1434|3.1647|715.1747|22.3775|1.1189|3.3566|0.2785|62.9354
20240124|153|321|5|10|11|20307|923|3|2|184.8126|0.0000|9.2406|17.6045|377.9891|216.2307|0.0000|10.8115|20.5973|442.2472
20240125|849|784|3|8|8|20308|924|7|6|41.1429|4.1143|0.0000|19.9093|262.6524|0.1070|0.0107|0.0000|0.0518|0.6829
20240126|433|877|4|4|2|20308|925|5|2|86.0686|0.0000|4.3034|9.3561|177.1899|88.6507|0.0000|4.4325|9.6368|182.5056
20240127|434|695|2|6|8|20308|926|6|6|75.2407|3.7620|3.7620|12.5165|456.4367|6.6212|0.3311|0.3311|1.1015|40.1664
20240128|421|889|7|12|2|20309|927|7|2|31.9055|1.5953|1.5953|3.4625|64.0829|0.0830|0.0041|0.0041|0.0090|0.1666
20240129|609|753|4|12|15|20309|928|5|2|298.2828|14.9141|0.0000|7.6459|589.2974|307.2313|15.3615|0.0000|7.8753|606.9763
20240130|784|453|3|2|4|20309|929|2|2|31.5039|0.0000|4.7256|7.5040|65.7862|28.9836|0.0000|4.3476|6.9037|60.5233
20240131|454|856|8|4|13|20310|930|6|3|121.9413|6.0971|18.2912|9.7920|351.2276|10.7308|0.5365|1.6096|0.8617|30.9080
20240201|966|226|3|13|13|20310|931|7|2|188.1490|18.8149|9.4075|16.7569|364.8325|0.4892|0.0489|0.0245|0.0436|0.9486
20240202|817|383|10|1|12|20310|932|7|5|192.3447|0.0000|28.8517|15.7671|948.6389|0.5001|0.0000|0.0750|0.0410|2.4665
20240203|568|277|3|15|10|20311|933|4|2|111.5176|5.5759|5.5759|15.5369|227.4203|20.0732|1.0037|1.0037|2.7966|40.9357
20240204|867|693|8|9|14|20311|934|1|6|184.6008|0.0000|0.0000|5.0923|1112.6971|184.6008|0.0000|0.0000|5.0923|1112.6971
20240205|244|7|2|4|9|20311|935|3|4|147.6523|7.3826|0.0000|6.4221|589.6487|172.7532|8.6376|0.0000|7.5139|689.8890
20240206|581|435|4|5|2|20312|936|5|5|89.8810|4.4941|13.4821|3.6176|435.0464|92.5774|4.6289|13.8866|3.7261|448.0978
20240207|681|133|10|9|12|20312|937|5|4|26.4152|0.0000|3.9623|2.2032|103.9017|27.2077|0.0000|4.0812|2.2693|107.0188
20240208|340|368|1|7|19|20312|938|7|4|125.8059|0.0000|0.0000|15.4736|518.6972|0.3271|0.0000|0.0000|0.0402|1.3486
20240209|105|519|6|5|11|20313|939|6|5|68.4136|6.8414|3.4207|2.4251|334.2310|6.0204|0.6020|0.3010|0.2134|29.4123
20240210|385|572|9|7|15|20313|940|5|4|129.6602|12.9660|19.4490|9.6730|495.8988|133.5500|13.3550|20.0325|9.9632|510.7758
20240211|880|647|9|11|19|20313|941|3|4|63.9590|6.3959|3.1980|14.7028|260.9449|74.8320|7.4832|3.7417|17.2023|305.3055
20240212|888|112|7|12|10|20314|942|1|1|60.8832|0.0000|9.1325|2.1867|53.9374|60.8832|0.0000|9.1325|2.1867|53.9374
20240213|456|376|6|14|2|20314|943|4|3|101.1704|0.0000|0.0000|19.8605|323.3717|18.2107|0.0000|0.0000|3.5749|58.2069
20240214|119|248|1|3|12|20314|944|5|5|36.7330|1.8366|1.8366|4.3285|184.3203|37.8350|1.8917|1.8917|4.4584|189.8499
20240215|304|708|9|3|14|20315|945|4|3|232.4872|0.0000|11.6244|2.3607|688.1979|41.8477|0.0000|2.0924|0.4249|123.8756
20240216|701|854|7|7|10|20315|946|3|6|136.4854|13.6485|20.4728|4.5153|789.3064|159.6879|15.9687|23.9532|5.2829|923.4885
20240217|219|252|3|5|13|20315|947|7|6|171.6070|8.5804|8.5804|18.6246|1031.1058|0.4462|0.0223|0.0223|0.0484|2.6809
20240218|770|483|4|3|7|20316|948|5|3|48.1123|2.4056|0.0000|6.7543|148.6856|49.5557|2.4778|0.0000|6.9569|153.1462
20240219|975|737|1|11|5|20316|949|2|6|188.9940|0.0000|0.0000|8.4405|1142.4045|173.8745|0.0000|0.0000|7.7653|1051.0121
20240220|344|873|2|15|14|20316|950|2|2|244.3036|12.2152|12.2152|12.7142|476.8910|224.7593|11.2380|11.2380|11.6971|438.7397
20240221|920|419|10|4|6|20317|951|3|3|45.2577|2.2629|0.0000|13.3843|146.8945|52.9515|2.6476|0.0000|15.6596|171.8666
20240222|211|923|3|11|1|20317|952|2|4|112.0908|5.6045|0.0000|14.5159|457.2746|103.1235|5.1561|0.0000|13.3546|420.6926
20240223|416|942|4|2|6|20317|953|4|5|176.4021|0.0000|0.0000|17.7338|899.7443|31.7524|0.0000|0.0000|3.1921|161.9540
20240224|455|233|5|4|9|20318|954|5|2|10.8607|0.5430|0.5430|17.7791|38.4145|11.1865|0.5593|0.5593|18.3125|39.5669
20240225|18|453|6|2|1|20318|955|7|5|121.0612|0.0000|18.1592|15.1369|602.2837|0.3148|0.0000|0.0472|0.0394|1.5659
20240226|290|606|8|15|20|20318|956|5|6|192.3846|9.6192|9.6192|15.9356|1151.0048|198.1561|9.9078|9.9078|16.4137|1185.5349
20240227|477|420|4|13|6|20319|957|3|5|86.5266|0.0000|12.9790|13.0171|432.6711|101.2361|0.0000|15.1854|15.2300|506.2252
20240228|648|613|4|3|14|20319|958|6|5|166.1375|0.0000|0.0000|8.1843|838.8718|14.6201|0.0000|0.0000|0.7202|73.8207
20240229|938|110|7|6|9|20319|959|3|4|105.5696|0.0000|15.8354|4.2598|410.7028|123.5164|0.0000|18.5274|4.9840|480.5223
20240101|833|709|2|5|5|20320|960|6|6|104.0058|5.2003|0.0000|3.2145|622.0490|9.1525|0.4576|0.0000|0.2829|54.7403
20240102|569|716|2|3|1|20320|961|6|4|144.5076|7.2254|0.0000|12.3473|583.1523|12.7167|0.6358|0.0000|1.0866|51.3174
20240103|40|751|1|10|2|20320|962|5|2|257.6959|0.0000|12.8848|7.0460|509.5530|265.4268|0.0000|13.2713|7.2574|524.8396
20240104|23|995|6|15|3|20321|963|3|4|31.3767|0.0000|0.0000|10.0810|135.5878|36.7107|0.0000|0.0000|11.7948|158.6377
20240105|16|346|5|4|2|20321|964|7|6|137.5169|6.8758|20.6275|10.7734|808.3715|0.3575|0.0179|0.0536|0.0280|2.1018
20240106|644|470|9|1|17|20321|965|2|4|217.5452|10.8773|0.0000|14.0641|873.3676|200.1416|10.0071|0.0000|12.9390|803.4982
20240107|61|933|3|8|1|20322|966|2|3|76.2458|0.0000|11.4369|11.7556|229.0561|70.1461|0.0000|10.5219|10.8152|210.7316
20240108|302|70|10|5|6|20322|967|6|1|128.8485|6.4424|6.4424|17.6932|133.6569|11.3387|0.5669|0.5669|1.5570|11.7618
20240109|138|512|3|8|6|20322|968|5|4|181.1291|9.0565|9.0565|18.3394|724.7428|186.5630|9.3282|9.3282|18.8896|746.4851
20240110|416|580|7|13|2|20323|969|2|2|23.8837|1.1942|1.1942|2.4941|47.8731|21.9730|1.0987|1.0987|2.2946|44.0433
20240111|817|837|10|13|19|20323|970|4|1|77.1922|0.0000|3.8596|12.6012|85.9338|13.8946|0.0000|0.6947|2.2682|15.4681
20240112|169|433|7|15|2|20323|971|6|2|125.6338|0.0000|0.0000|13.7184|264.9860|11.0558|0.0000|0.0000|1.2072|23.3188
20240113|336|272|2|14|13|20324|972|1|2|14.4842|0.0000|2.1726|11.4937|38.2895|14.4842|0.0000|2.1726|11.4937|38.2895
20240114|636|140|5|10|17|20324|973|7|6|147.3404|14.7340|22.1011|6.5081|853.7154|0.3831|0.0383|0.0575|0.0169|2.2197
20240115|913|170|8|11|19|20324|974|5|1|66.6692|0.0000|10.0004|17.8098|74.4786|68.6693|0.0000|10.3004|18.3441|76.7130
20240116|766|780|8|4|12|20325|975|2|3|172.9320|0.0000|25.9398|19.6090|512.4652|159.0974|0.0000|23.8646|18.0403|471.4680
20240117|311|365|4|15|13|20325|976|5|4|144.0372|0.0000|21.6056|10.2935|564.8367|148.3583|0.0000|22.2538|10.6023|581.7818
20240118|298|816|7|2|1|20325|977|5|5|152.7876|0.0000|7.6394|5.5117|761.8103|157.3712|0.0000|7.8686|5.6771|784.6646
20240119|845|61|9|2|2|20326|978|3|4|237.1702|11.8585|35.5755|5.6690|906.9158|277.4891|13.8744|41.6233|6.6327|1061.0915
20240120|117|626|8|15|13|20326|979|1|2|204.7554|10.2378|30.7133|10.3295|378.8892|204.7554|10.2378|30.7133|10.3295|378.8892
20240121|950|63|1|6|12|20326|980|6|3|51.3996|5.1400|7.7099|18.8454|160.1943|4.5232|0.4523|0.6785|1.6584|14.0971
20240122|414|488|1|11|9|20327|981|5|1|222.4118|22.2412|0.0000|10.2863|210.4569|229.0842|22.9084|0.0000|10.5949|216.7706
20240123|223|605|10|1|19|20327|982|7|2|251.9432|12.5972|37.7915|11.8097|465.3074|0.6551|0.0328|0.0983|0.0307|1.2098
20240124|323|496|10|15|19|20327|983|6|5|99.3470|4.9673|4.9673|8.6495|495.4499|8.7425|0.4371|0.4371|0.7612|43.5996
20240125|291|430|5|10|11|20328|984|2|6|217.4410|21.7441|10.8721|18.7368|1290.7666|200.0457|20.0046|10.0023|17.2379|1187.5053
20240126|461|758|4|11|2|20328|985|2|2|95.8430|4.7922|0.0000|6.3740|193.2678|88.1756|4.4088|0.0000|5.8641|177.8064
20240127|401|229|2|10|9|20328|986|3|2|5.4752|0.5475|0.2738|19.8072|29.9363|6.4060|0.6406|0.3203|23.1744|35.0255
20240128|418|583|5|4|3|20329|987|1|5|140.9137|0.0000|21.1371|14.9490|698.3804|140.9137|0.0000|21.1371|14.9490|698.3804
20240129|88|571|5|2|8|20329|988|6|3|153.2501|7.6625|0.0000|11.4601|463.5479|13.4860|0.6743|0.0000|1.0085|40.7922
20240130|194|208|4|12|12|20329|989|7|2|49.9560|0.0000|7.4934|7.7144|100.1330|0.1299|0.0000|0.0195|0.0201|0.2603
20240131|461|741|9|7|18|20330|990|2|2|36.3384|0.0000|1.8169|10.3567|81.2166|33.4313|0.0000|1.6715|9.5282|74.7193
20240201|534|274|6|4|12|20330|991|4|3|163.5982|8.1799|0.0000|8.4398|491.0545|29.4477|1.4724|0.0000|1.5192|88.3898
20240202|998|846|8|14|2|20330|992|3|1|208.5902|10.4295|10.4295|10.7121|198.4433|244.0505|12.2025|12.2025|12.5332|232.1787
20240203|331|80|10|3|7|20331|993|2|3|96.7598|9.6760|0.0000|14.7472|295.3506|89.0190|8.9019|0.0000|13.5674|271.7226
20240204|913|156|4|2|8|20331|994|4|6|173.0794|8.6540|0.0000|7.2047|1037.0271|31.1543|1.5577|0.0000|1.2968|186.6649
20240205|733|261|10|12|20|20331|995|5|4|170.9055|0.0000|25.6358|17.3595|675.3457|176.0327|0.0000|26.4049|17.8803|695.6061
20240206|425|446|4|15|11|20332|996|5|2|179.9558|8.9978|8.9978|17.4436|359.3596|185.3545|9.2677|9.2677|17.9669|370.1404
20240207|597|494|3|15|16|20332|997|6|6|132.1158|6.6058|19.8174|11.3453|777.6169|11.6262|0.5813|1.7439|0.9984|68.4303
20240208|100|306|5|13|5|20332|998|3|2|23.9574|2.3957|1.1979|4.1128|48.4340|28.0302|2.8030|1.4015|4.8120|56.6678
20240209|480|15|10|13|2|20333|999|4|5|268.3255|0.0000|40.2488|19.3646|1320.7433|48.2986|0.0000|7.2448|3.4856|237.7338
20240210|119|650|1|2|10|20333|1000|5|3|222.4076|0.0000|0.0000|10.1901|677.4129|229.0798|0.0000|0.0000|10.4958|697.7353
