362113|10793|10003157|1|114|136.5000|2022-02-15|2024-12-13
363682|12447|10003166|1|127|452.9000|2022-12-08|2024-10-19
365287|12493|10003169|1|118|269.5000|2022-01-04|2023-11-19
369647|12562|10003213|1|125|254.5454|2022-01-21|2024-12-02
372402|6883|10003235|1|126|222.5000|2023-04-22|2024-05-17
373241|11015|10003240|1|125|218.0000|2022-10-19|2024-08-30
376314|11159|10003779|1|127|813.7500|2022-05-16|2024-08-29
378964|12754|10003792|1|115|175.0000|2022-10-24|2024-04-29
379101|11193|10003797|1|146|95.0000|2022-06-30|2024-01-19
380685|12780|10003828|1|127|199.5868|2022-10-18|2023-10-25
380818|12782|10003843|1|114|56.0000|2022-09-08|2024-03-26
381521|8383|10003927|1|14|135.0000|2023-05-27|2024-12-04
382151|11283|10003930|1|114|161.5000|2022-09-20|2024-06-17
382799|19226|10003932|1|14|163.0435|2022-01-03|2023-07-19
385775|11373|10004037|1|14|147.0000|2022-04-26|2023-09-16
386010|19362|10004039|1|14|163.0435|2023-05-29|2023-07-27
386011|19362|10004042|1|14|163.0435|2023-05-29|2023-07-27
387420|11284|10004047|1|127|717.0000|2023-06-28|2024-06-20
388305|11435|10004051|1|125|226.0000|2023-01-26|2024-05-09
388542|8507|10004052|1|139|198.1605|2022-01-27|2024-02-04
393899|11557|10004191|1|114|40.0000|2022-09-24|2024-01-06
395014|11379|10004195|1|127|124.5833|2022-01-02|2024-02-11
404570|7149|10004210|1|126|880.0000|2022-11-27|2024-09-23
405366|20161|10004215|1|14|163.0435|2022-01-24|2023-11-13
405367|20161|10004216|1|14|163.0435|2022-01-24|2023-11-13
407717|13268|10004240|1|127|48.5950|2022-05-27|2024-06-29
409091|8968|10004248|1|114|322.0000|2023-04-26|2023-09-21
409455|13301|10004249|1|116|247.1074|2022-07-21|2024-02-08
411493|6504|10004250|1|115|112.8099|2022-05-08|2024-01-21
412593|9083|10004255|1|14|198.9967|2023-01-08|2024-02-22
412678|13370|10004259|1|115|375.0000|2022-08-27|2024-03-29
414885|11661|10004269|1|115|654.1667|2022-05-07|2023-08-17
416224|20633|10004279|1|14|476.5886|2022-12-19|2024-04-08
417284|5153|10004281|1|127|190.0826|2022-10-10|2024-08-09
419285|5224|10004304|1|14|123.9669|2023-03-07|2024-02-23
420316|13493|10004312|1|127|318.1818|2022-09-11|2024-08-17
423038|11744|10004314|1|14|112.5000|2023-04-16|2023-10-27
425899|13593|10004338|1|118|177.5206|2022-12-27|2024-12-30
427783|21142|10004342|1|14|647.9933|2022-02-13|2024-11-27
428938|9491|10004347|1|14|1030.0000|2022-09-26|2024-09-27
431659|7687|10004351|1|118|189.0000|2022-05-11|2023-08-05
432138|13690|10004353|1|114|43.6363|2022-05-03|2024-12-17
432139|13690|10004354|1|114|44.6281|2022-05-03|2024-12-17
432376|7702|10004362|1|118|545.4545|2022-11-04|2023-09-20
432378|21320|10004365|1|14|163.0435|2022-12-04|2023-12-19
432595|7706|10004373|1|115|115.7025|2023-04-14|2024-06-16
432969|21352|10004377|1|14|430.6020|2023-01-27|2023-09-26
434636|9601|10004379|1|14|556.0000|2023-03-03|2024-09-15
435661|6589|10004544|1|14|276.8595|2022-09-12|2024-06-23
435953|21474|10004545|1|14|915.5518|2022-04-23|2024-02-19
436691|12227|10004551|1|146|170.0000|2022-11-24|2023-09-04
437053|6606|10004552|1|121|127.2727|2023-05-06|2023-12-24
437758|9667|10004559|1|115|219.8997|2023-02-21|2023-10-28
438126|7828|10004560|1|116|196.8000|2023-02-09|2024-10-06
439037|6014|10004561|1|111|285.1240|2023-04-29|2024-04-23
441349|13823|10004574|1|127|273.5537|2022-09-01|2023-09-30
441350|13823|10004577|1|127|359.5041|2022-09-01|2023-09-30
441724|13832|10004608|1|127|289.2562|2022-08-12|2024-02-10
441978|9763|10004621|1|14|152.1739|2022-05-03|2024-05-10
444106|7906|10004743|1|14|16.5289|2022-02-06|2024-09-15
446835|6458|10004759|1|114|61.9835|2022-01-21|2023-11-25
449685|22064|10004776|1|14|163.0435|2022-06-14|2024-07-29
452524|7272|10004807|1|114|292.0000|2023-03-12|2024-11-09
452880|14019|10004810|1|121|185.1240|2022-03-23|2024-08-25
456948|22409|10004835|1|14|163.0435|2023-02-15|2024-09-11
457530|6623|10004868|1|14|301.6529|2022-07-03|2023-07-01
458484|22464|10004876|1|14|163.0435|2022-01-10|2024-01-28
458758|6012|10004877|1|111|62.5000|2022-07-02|2023-08-05
459441|10109|10004879|1|14|183.0000|2022-10-05|2024-01-25
462018|22628|10004956|1|14|750.0000|2022-06-21|2024-10-25
462956|8202|10004972|1|111|138.8430|2022-05-03|2023-11-19
463615|22712|10004973|1|14|1485.0000|2023-05-25|2024-09-21
466635|14203|10004985|1|118|417.0000|2022-05-20|2024-12-30
467409|12796|10004989|1|146|299.0000|2022-10-26|2024-02-27
467879|10299|10004993|1|114|55.6019|2022-11-30|2024-05-14
468279|12807|10004998|1|116|160.0000|2023-02-18|2024-03-31
468280|12807|10005003|1|116|160.0000|2023-02-18|2024-03-31
469657|14242|10005008|1|127|396.6942|2022-03-26|2023-10-16
471707|12877|10005025|1|116|75.0000|2022-04-24|2024-03-26
471848|23043|10005026|1|14|543.4783|2022-02-16|2024-03-23
472333|14282|10005093|1|14|65.0000|2023-03-16|2023-11-26
472334|14282|10005097|1|14|65.0000|2023-03-16|2023-11-26
472335|14282|10005102|1|14|65.0000|2023-03-16|2023-11-26
472336|14282|10005103|1|112|89.0000|2023-03-16|2023-11-26
472583|10401|10005104|1|14|265.8862|2022-08-31|2023-09-22
473509|12921|10005108|1|146|94.0000|2022-01-18|2024-02-18
474001|14307|10005115|1|114|62.6400|2022-05-30|2024-03-07
474434|23159|10005128|1|14|192.5303|2022-05-30|2024-05-18
474775|10451|10005131|1|14|112.8762|2022-09-01|2023-09-06
474993|12945|10005133|1|131|595.0000|2022-04-20|2023-12-16
476029|12962|10005171|1|112|195.0000|2022-08-07|2024-10-07
477387|23288|10005180|1|14|1003.3445|2023-05-02|2024-06-16
477733|12206|10005181|1|14|297.8693|2022-05-04|2023-09-13
479829|23370|10005187|1|14|163.0435|2023-06-14|2024-05-30
480475|23400|10005195|1|14|163.0435|2023-05-29|2024-03-05
480569|7440|10005196|1|125|128.9256|2022-12-03|2023-10-04
481907|23456|10005200|1|14|596.1953|2022-12-12|2023-12-12
482443|23473|10005203|1|14|831.9398|2023-05-16|2024-07-13
484446|8487|10005208|1|116|202.4793|2023-04-09|2024-04-12
484447|8487|10005209|1|116|202.4793|2023-04-09|2024-04-12
485065|13160|10005215|1|112|60.0000|2022-07-25|2024-03-23
486563|12268|10005219|1|127|835.0000|2022-09-20|2023-07-13
486676|13198|10005221|1|146|180.0000|2022-03-30|2024-01-24
487818|13220|10005227|1|116|75.0000|2023-02-21|2024-08-28
487819|13220|10005228|1|116|70.0000|2023-02-21|2024-08-28
487903|14460|10005229|1|127|279.6694|2022-08-30|2023-11-26
487904|14460|10005230|1|127|185.9504|2022-08-30|2023-11-26
489882|7177|10005252|1|127|95.0000|2022-11-07|2024-07-11
491350|14485|10005259|1|118|227.2727|2022-11-28|2024-06-24
492256|8585|10005323|1|14|19.8347|2022-11-15|2024-05-25
492257|8585|10005324|1|14|19.8347|2022-11-15|2024-05-25
492258|8585|10005326|1|14|19.8347|2022-11-15|2024-05-25
492260|7434|10005327|1|114|193.3884|2023-06-23|2023-10-04
492555|8592|10005330|1|111|138.8429|2022-08-17|2023-12-03
493577|13329|10005332|1|112|109.0000|2022-11-02|2024-07-17
493839|6485|10005335|1|131|262.5000|2023-04-28|2024-04-02
494908|10809|10005339|1|14|217.7257|2022-01-23|2024-01-11
495015|7851|10005340|1|126|451.2396|2022-03-07|2024-04-26
495863|7609|10005345|1|127|185.9504|2023-03-23|2024-08-13
495879|23897|10005350|1|14|163.0435|2023-03-12|2024-11-20
495955|7612|10005357|1|14|1535.9505|2023-05-22|2024-11-22
496326|25467|10005359|1|110|108.7461|2022-11-17|2023-11-15
496347|7631|10005364|1|127|404.1322|2022-06-28|2024-06-07
497781|23940|10005374|1|14|163.0435|2023-06-14|2023-10-17
499496|23998|10005384|1|14|163.0435|2023-02-28|2024-04-30
500380|12354|10005385|1|129|344.1666|2022-02-24|2024-11-21
501644|24062|10005395|1|14|163.0435|2022-06-22|2024-01-25
502975|7974|10005402|1|114|78.0991|2023-02-10|2023-09-30
505254|8010|10005448|1|14|194.2149|2022-01-27|2024-09-18
505882|8759|10005456|1|114|62.8099|2022-05-25|2024-08-03
507084|14646|10005465|1|14|442.5619|2022-11-02|2024-03-16
508658|12451|10005511|1|127|1331.1000|2022-04-28|2024-06-17
508722|8198|10005513|1|118|328.5124|2023-02-09|2024-11-28
508723|8198|10005516|1|114|185.9504|2023-02-09|2024-11-28
510309|24630|10005522|1|14|163.0435|2022-03-03|2024-03-01
510310|24630|10005523|1|14|163.0435|2022-03-03|2024-03-01
510928|8287|10005524|1|14|371.9008|2022-04-05|2024-05-13
512000|25569|10005533|1|110|111.5134|2022-07-20|2024-03-26
512370|8845|10005534|1|114|181.8181|2023-06-27|2024-06-10
513515|14703|10005537|1|14|163.3057|2022-06-14|2023-10-30
515831|24936|10005541|1|14|1475.0000|2022-02-11|2024-10-15
516955|14732|10005545|1|114|259.5041|2022-10-10|2024-03-29
517042|12543|10005546|1|115|57.4999|2022-01-03|2023-12-09
518014|8528|10005547|1|118|231.4050|2022-12-06|2023-12-12
518269|14747|10005548|1|114|325.0000|2022-07-24|2024-09-02
518277|8153|10005549|1|142|206.5000|2023-05-07|2024-06-30
518859|8185|10005550|1|118|105.0000|2023-05-15|2024-09-10
518900|13725|10005551|1|112|98.0000|2023-05-03|2023-11-10
518945|25091|10005553|1|14|525.0000|2022-11-05|2024-04-13
520689|14765|10005555|1|127|304.5000|2023-04-08|2023-08-24
521518|13750|10005556|1|114|75.0000|2023-01-13|2024-06-24
521519|13750|10005557|1|114|45.0000|2023-01-13|2024-06-24
521545|25219|10005558|1|14|438.9632|2023-04-10|2023-11-29
522328|14791|10005559|1|115|145.7851|2023-03-01|2024-07-18
523273|13765|10005638|1|112|235.0000|2023-02-24|2024-12-11
524494|8754|10005639|1|14|1066.1157|2023-03-24|2024-03-25
526525|14849|10005663|1|115|147.1074|2023-03-28|2024-02-04
527127|25485|10005815|1|14|438.9632|2022-05-21|2023-11-21
528760|8360|10005819|1|126|306.0330|2022-07-30|2024-12-13
529719|7121|10005820|1|114|37.5000|2023-06-28|2023-10-27
532474|9118|10005830|1|114|79.3388|2022-04-01|2023-12-08
532532|9066|10005857|1|14|63.0000|2023-04-19|2024-11-06
533418|14937|10005864|1|114|349.5868|2022-02-28|2024-05-17
533690|8438|10005865|1|118|174.5454|2023-05-22|2024-06-01
534237|14954|10005867|1|127|172.9000|2023-04-11|2024-09-13
535256|9176|10005870|1|14|731.0000|2023-06-13|2023-08-22
535300|12698|10005871|1|115|34.9999|2022-10-19|2024-02-05
535425|5336|10005872|1|115|80.5000|2023-02-25|2023-11-16
535950|7620|10005880|1|114|92.5619|2022-12-05|2024-03-03
535951|7620|10005881|1|114|104.1322|2022-12-05|2024-03-03
536274|25804|10005885|1|14|206.9397|2022-03-31|2023-12-22
536609|13870|10005886|1|146|150.0000|2022-01-27|2024-11-16
536785|7576|10005888|1|14|260.3305|2023-04-02|2024-01-12
537307|25844|10005896|1|14|685.6187|2022-09-15|2023-09-19
537896|11325|10005899|1|111|225.4000|2022-02-10|2024-09-06
537990|9210|10005900|1|114|56.1983|2022-07-13|2024-09-10
537991|9210|10005901|1|114|56.1983|2022-07-13|2024-09-10
537992|9210|10005915|1|114|56.1983|2022-07-13|2024-09-10
539231|9225|10006139|1|114|99.1735|2023-05-22|2024-01-08
539728|13917|10006184|1|146|279.0000|2022-12-19|2023-08-06
543012|15048|10006188|1|127|135.5372|2022-12-04|2024-05-02
543479|26089|10006197|1|14|627.0903|2022-09-24|2024-08-18
544273|8684|10006199|1|115|38.5000|2022-02-06|2023-12-26
546015|26209|10006849|1|14|163.0435|2022-04-24|2023-08-15
548361|14124|10008035|1|114|86.0000|2023-01-01|2024-05-04
548490|8781|10008041|1|14|196.9565|2022-06-04|2024-07-14
549852|8821|10008051|1|131|603.4782|2022-07-05|2024-10-26
550512|8615|10008063|1|14|162.8068|2022-01-16|2024-08-23
550525|8837|10008064|1|126|895.0000|2022-02-14|2024-08-27
552362|26513|10008071|1|14|668.8963|2022-06-24|2024-07-08
553671|9790|10008077|1|115|503.3058|2022-01-16|2023-10-20
553716|11586|10008078|1|14|268.3946|2023-02-17|2023-07-17
556098|9888|10008245|1|114|105.3719|2023-05-28|2023-07-21
556099|9888|10008248|1|118|119.0082|2023-05-28|2023-07-21
556310|12869|10008253|1|126|70.8333|2022-01-21|2024-07-17
556872|14348|10008258|1|112|45.0000|2022-01-01|2024-04-14
557057|7604|10008265|1|114|40.8333|2022-02-19|2024-07-13
557778|9958|10008279|1|114|243.8017|2022-04-25|2023-10-23
558419|11647|10008287|1|14|163.0435|2022-04-06|2024-12-02
560300|8472|10008320|1|114|326.4463|2022-05-19|2023-07-27
560565|10066|10008327|1|14|237.6033|2022-03-31|2024-11-14
562655|14600|10008350|1|114|31.0000|2022-01-07|2024-09-27
562656|14600|10008353|1|114|32.0000|2022-01-07|2024-09-27
562657|14600|10008359|1|114|45.0000|2022-01-07|2024-09-27
562960|10167|10008368|1|115|59.9173|2022-09-03|2024-03-03
564252|14677|10008388|1|14|45.0000|2023-06-14|2024-05-15
567501|7759|10008575|1|114|60.0000|2023-01-07|2024-08-29
567502|7759|10008592|1|114|65.0000|2023-01-07|2024-08-29
568875|15443|10008623|1|115|131.4049|2023-04-22|2024-11-25
569424|10452|10008658|1|115|537.1901|2022-11-22|2024-06-25
569564|7863|10008668|1|118|652.0661|2022-07-22|2023-08-17
569990|12977|10008714|1|115|83.3333|2022-01-18|2024-06-10
570479|10503|10008720|1|118|297.5000|2022-09-02|2024-12-11
571066|14827|10008727|1|112|99.0000|2022-10-16|2024-07-21
572718|15523|10008745|1|116|80.1652|2022-07-29|2024-04-26
573070|7845|10008746|1|114|210.0000|2022-07-22|2024-06-01
573071|7845|10008748|1|114|140.0000|2022-07-22|2024-06-01
574112|8647|10008760|1|129|228.5123|2022-11-19|2024-08-11
574300|14852|10008761|1|116|209.0000|2022-09-02|2024-07-09
575486|14890|10008931|1|114|183.0000|2023-04-24|2024-10-27
577388|10767|10009229|1|14|47.5000|2022-12-02|2024-01-14
577887|11984|10009234|1|125|297.0000|2022-08-29|2024-06-13
578222|14942|10009238|1|14|14.0000|2022-03-11|2023-08-03
578753|8970|10009240|1|14|226.4463|2023-03-02|2023-07-23
579514|13028|10009373|1|127|290.8333|2022-05-12|2024-01-06
580964|9838|10009376|1|118|150.0000|2023-06-01|2024-01-12
581260|12052|10009445|1|14|125.4180|2022-03-26|2024-09-18
581261|12052|10009449|1|14|376.2541|2022-03-26|2024-09-18
582584|8748|10009497|1|115|66.1157|2022-07-11|2023-11-25
584854|9922|10009501|1|114|40.0000|2023-03-06|2024-01-29
585152|27694|10009507|1|14|200.6689|2022-09-04|2024-12-22
585315|13078|10009570|1|115|145.8333|2023-06-01|2023-11-15
586433|12165|10009577|1|126|1331.9398|2022-04-25|2024-12-26
588278|27833|10009579|1|14|1045.1505|2022-01-13|2024-01-21
589399|11145|10009597|1|115|415.2892|2022-04-27|2023-07-31
592340|10057|10009602|1|118|122.3140|2023-01-03|2023-12-25
592341|10057|10009604|1|114|145.4545|2023-01-03|2023-12-25
594401|11290|10009614|1|115|293.3884|2022-04-10|2023-09-20
594973|8903|10009707|1|117|190.0000|2022-12-12|2024-04-17
595762|15248|10009718|1|114|45.0000|2022-10-31|2023-09-20
595871|15817|10009817|1|115|190.0826|2022-01-09|2023-12-14
596124|10113|10009951|1|118|170.2479|2022-03-29|2023-09-16
599925|15883|10010073|1|14|313.2231|2022-05-11|2024-01-19
600127|15288|10010074|1|114|40.0000|2023-03-13|2024-12-03
600355|11522|10010075|1|125|144.6281|2022-04-06|2024-07-28
600480|6043|10010114|1|127|247.1074|2022-12-17|2024-05-18
601908|12547|10010153|1|139|204.0000|2022-08-21|2023-12-28
601985|15918|10010155|1|114|51.9008|2022-12-03|2024-04-19
602151|9748|10010157|1|127|665.2174|2022-06-02|2023-11-30
602245|7935|10010163|1|14|25.0000|2022-11-11|2023-07-09
602832|12572|10010417|1|14|134.6153|2022-07-19|2024-04-24
603112|15338|10010606|1|116|229.0000|2022-10-14|2023-07-31
603409|6053|10010616|1|115|1066.1157|2023-04-21|2023-08-02
604014|11637|10010619|1|14|123.9669|2022-02-06|2023-10-21
604370|10230|10010644|1|14|115.7025|2022-11-05|2024-10-05
604502|11656|10010708|1|125|124.0000|2023-03-03|2024-08-12
604503|11656|10010775|1|115|98.0000|2023-03-03|2024-08-12
605474|8265|10010817|1|114|175.0000|2023-03-03|2024-04-06
605475|8265|10010847|1|114|75.0000|2023-03-03|2024-04-06
605726|15970|10010873|1|14|65.2893|2023-03-16|2023-11-23
605901|12629|10010878|1|138|403.0100|2022-02-22|2023-11-07
607101|12657|10010889|1|14|268.3946|2023-04-16|2023-12-10
607267|28646|10010911|1|14|430.6020|2023-01-31|2023-09-12
609722|11829|10010976|1|115|173.5537|2022-07-01|2023-10-30
616356|12015|10011066|1|127|819.6721|2022-05-23|2023-08-03
616397|16120|10011068|1|114|73.9583|2022-07-13|2024-01-12
616821|29018|10011071|1|14|163.0435|2022-05-19|2023-12-20
618393|6170|10011181|1|114|122.9508|2023-06-23|2024-05-26
619185|12123|10011287|1|142|69.5232|2022-07-19|2024-08-07
619268|12127|10011288|1|142|85.2458|2023-01-18|2023-08-27
619269|12127|10011380|1|14|54.9180|2023-01-18|2023-08-27
621041|7402|10011667|1|115|309.0466|2022-04-26|2023-07-08
621207|29187|10011853|1|14|163.0435|2022-06-13|2023-10-17
621513|5357|10011854|1|115|205.9612|2022-07-07|2024-05-13
621977|4976|10011954|1|115|239.3783|2023-06-16|2024-07-04
622913|12967|10012079|1|114|273.0000|2022-03-07|2023-09-13
623077|12259|10012085|1|142|159.8360|2022-09-21|2023-08-09
623484|7999|10012087|1|114|207.0000|2023-05-03|2023-12-03
623763|8482|10012088|1|115|66.6666|2022-09-19|2024-05-27
624622|9548|10012100|1|118|314.4000|2022-11-05|2024-05-30
625772|26526|10012101|1|1|118.6940|2023-05-20|2023-11-12
626199|13027|10012103|1|14|561.8729|2022-11-22|2024-08-25
628573|5014|10012118|1|14|527.8689|2023-03-26|2023-07-06
628605|12417|10012122|1|115|862.9845|2022-05-01|2024-11-16
629106|16297|10012134|1|115|234.4262|2022-09-30|2024-02-11
629199|12433|10012137|1|127|345.0878|2022-05-06|2024-02-19
630036|29480|10012138|1|14|163.0435|2022-03-14|2023-07-11
630244|16312|10012141|1|115|487.7049|2022-03-14|2024-11-12
632830|10554|10012276|1|14|778.6885|2022-08-08|2024-11-06
633722|16365|10012979|1|14|65.5738|2023-04-25|2024-04-02
634645|10414|10013344|1|14|539.1304|2022-05-26|2024-11-28
635596|16389|10013353|1|114|96.0000|2022-09-06|2024-09-30
635603|10594|10013372|1|14|198.3606|2022-12-05|2024-11-17
637484|15874|10013444|1|14|154.0000|2023-02-04|2024-09-03
639309|16445|10013476|1|115|210.1784|2022-05-30|2023-11-19
641092|13468|10013486|1|126|360.0000|2023-05-15|2024-10-01
641094|13468|10013487|1|115|299.0000|2023-05-15|2024-10-01
641669|8690|10013488|1|126|1166.6667|2022-05-12|2024-08-06
642637|8576|10013498|1|14|151.6393|2022-11-17|2024-07-12
642834|10577|10013500|1|125|295.6522|2022-12-07|2023-11-13
643001|29988|10013501|1|14|1295.9866|2022-06-29|2024-03-07
644457|15993|10013981|1|114|115.0000|2022-11-30|2023-09-01
645085|9910|10013991|1|114|216.3669|2023-01-14|2024-10-05
645225|12895|10014008|1|14|145.0000|2022-10-07|2024-12-29
646159|12917|10014012|1|14|78.6885|2022-09-09|2023-07-11
646648|30102|10014022|1|14|163.0435|2022-03-18|2023-08-01
647114|13494|10014031|1|142|99.1667|2023-06-12|2024-06-24
648551|13398|10014043|1|118|406.3545|2022-09-03|2024-04-28
649946|13433|10014046|1|121|270.0000|2022-09-18|2024-06-27
650523|16579|10014050|1|14|115.0000|2023-02-10|2024-12-12
651047|16586|10014069|1|114|211.4754|2022-02-02|2024-08-15
654533|13145|10014090|1|115|28.6885|2022-08-07|2023-10-18
654861|16629|10014097|1|115|131.1475|2023-01-15|2024-12-12
656338|7748|10014123|1|127|304.9180|2023-06-26|2024-07-27
656677|16658|10014124|1|14|65.5738|2023-01-09|2024-12-28
656746|8714|10014125|1|14|135.2459|2022-07-27|2024-08-14
658083|10162|10014142|1|116|90.9835|2023-04-17|2023-08-10
659255|13620|10014146|1|14|480.0000|2022-05-23|2023-07-03
660642|5740|10014167|1|114|315.0000|2022-03-13|2024-10-03
660951|16300|10014351|1|146|170.0000|2022-04-01|2024-09-11
661356|16707|10014352|1|131|359.0000|2022-12-15|2024-07-03
662667|10951|10014353|1|14|80.0000|2022-08-20|2024-11-24
662772|10953|10014354|1|114|234.7826|2022-07-21|2024-12-23
663419|5818|10014357|1|115|73.7705|2022-02-04|2024-06-16
666679|16387|10014367|1|14|115.0000|2022-01-06|2023-09-29
666680|16387|10014369|1|14|273.0000|2022-01-06|2023-09-29
668789|13557|10014371|1|111|172.1311|2022-12-21|2024-12-28
669101|6396|10014385|1|14|118.6992|2022-10-06|2024-06-15
669102|6396|10014387|1|14|640.6504|2022-10-06|2024-06-15
669576|13630|10014404|1|127|398.0000|2023-05-11|2023-08-13
670743|13699|10014553|1|14|381.1475|2023-01-05|2023-12-05
671291|11120|10015234|1|14|580.0000|2022-06-04|2024-08-09
671836|13752|10015392|1|118|122.9508|2023-04-18|2023-09-03
671927|13759|10015394|1|14|221.3115|2022-03-24|2024-09-21
672149|13771|10015395|1|129|796.7213|2022-08-01|2023-07-14
672497|11260|10015397|1|111|204.0000|2023-06-03|2024-01-31
676592|16500|10015421|1|114|125.0000|2022-08-19|2024-06-17
676593|16500|10015422|1|114|66.0000|2022-08-19|2024-06-17
676594|16500|10015423|1|114|55.0000|2022-08-19|2024-06-17
677421|16519|10015426|1|114|29.0000|2023-01-02|2024-12-04
677850|14126|10015427|1|118|536.0655|2023-03-12|2023-08-18
678621|14182|10015445|1|14|308.8658|2023-06-26|2023-07-14
679263|14216|10015463|1|14|415.5737|2022-05-26|2024-08-11
679332|14222|10015464|1|146|200.8196|2023-04-27|2023-12-08
680130|16548|10015595|1|14|495.0000|2022-01-21|2023-11-06
682124|16890|10015650|1|14|75.0000|2022-04-16|2024-10-16
682182|16891|10015654|1|14|111.4754|2022-08-16|2024-05-19
682183|16891|10015684|1|14|111.4754|2022-08-16|2024-05-19
683322|16584|10015866|1|112|98.0000|2022-01-13|2023-08-16
683804|14426|10015925|1|14|75.0000|2023-03-13|2023-08-12
684346|14459|10015960|1|14|31.1475|2023-04-29|2024-10-07
684868|16606|10015994|1|114|143.0000|2022-01-22|2024-11-09
685293|14504|10016001|1|118|415.5737|2022-04-03|2024-01-21
685527|14039|10016007|1|14|365.3846|2022-03-12|2024-04-05
685897|16916|10016015|1|131|165.0000|2023-05-22|2024-12-07
686649|6750|10016064|1|14|455.2846|2022-05-13|2023-09-29
687006|14069|10016067|1|114|1652.0000|2023-05-05|2023-07-02
687714|16931|10016138|1|115|361.4753|2023-06-24|2023-10-20
687944|14084|10016143|1|14|114.5485|2022-10-30|2024-01-09
688037|4495|10016145|1|114|137.0901|2023-06-27|2023-11-21
688894|4855|10016165|1|118|78.6885|2023-03-02|2023-10-11
689792|14717|10016178|1|127|108.6885|2022-12-13|2023-08-16
691187|14782|10016197|1|115|114.7541|2022-05-26|2024-06-17
691358|14149|10016198|1|14|1045.9866|2023-05-20|2023-07-14
692505|16977|10016200|1|127|319.0000|2022-02-27|2023-12-12
692743|14180|10016212|1|14|294.0000|2022-08-15|2023-09-14
693020|8454|10016216|1|114|236.0000|2022-06-05|2024-05-15
693046|16982|10016219|1|14|180.0000|2023-01-27|2024-01-10
693284|14191|10016221|1|14|385.0000|2022-01-04|2024-09-01
693528|16712|10016229|1|114|600.0000|2023-01-26|2024-08-12
694250|14900|10016236|1|114|122.9508|2022-02-27|2024-10-19
694315|14902|10016238|1|127|230.1639|2022-11-15|2023-11-08
694546|14914|10016250|1|14|98.3606|2023-05-16|2024-02-22
694547|14914|10016251|1|115|344.2623|2023-05-16|2024-02-22
695184|10857|10016264|1|114|220.9836|2022-09-27|2024-02-16
695825|14247|10016309|1|14|301.0033|2023-05-19|2024-10-20
696411|17013|10016314|1|114|125.4097|2023-06-13|2023-12-13
696421|16757|10016534|1|14|100.0000|2022-04-14|2024-05-19
696610|11713|10016582|1|111|186.0000|2022-06-09|2023-07-26
697205|6292|10016624|1|114|208.7704|2023-05-22|2023-11-13
697276|11720|10016633|1|14|115.0000|2022-02-14|2023-07-27
697936|17023|10016652|1|14|90.1639|2022-12-07|2023-11-07
698634|16793|10016782|1|115|446.0000|2022-10-30|2024-03-10
698803|7167|10016786|1|14|918.0327|2022-06-18|2024-01-31
699508|15126|10016793|1|14|292.6229|2022-05-13|2024-06-24
700581|11767|10016840|1|116|161.3114|2022-05-01|2023-07-15
701037|14356|10017033|1|14|377.0903|2022-06-13|2024-12-08
701419|11728|10017046|1|127|161.3043|2022-12-08|2024-07-19
701566|13776|10017055|1|14|255.6477|2023-06-24|2023-10-14
701959|16842|10017059|1|115|128.0000|2023-01-19|2023-12-29
703861|11830|10017071|1|118|224.3852|2022-02-22|2024-10-31
704221|17076|10017074|1|114|310.6557|2022-08-29|2024-08-24
704222|17076|10017100|1|114|310.6557|2022-08-29|2024-08-24
704652|9458|10017215|1|14|110.6557|2022-11-30|2023-08-14
705081|14436|10017510|1|129|1289.3812|2022-07-09|2023-10-05
705130|11849|10017585|1|14|626.2295|2023-03-12|2024-01-26
705395|11031|10017636|1|146|353.5000|2022-09-12|2024-08-10
706059|11827|10017667|1|14|100.0000|2022-10-13|2024-08-28
706207|11871|10017679|1|118|303.0000|2023-02-10|2023-07-07
706666|14457|10017682|1|14|135.0000|2022-07-09|2024-06-26
706667|14457|10017683|1|14|135.0000|2022-07-09|2024-06-26
707380|15495|10017707|1|111|525.0000|2023-05-25|2023-11-17
710135|15647|10017727|1|114|59.0164|2022-11-24|2024-02-13
710136|15647|10017734|1|114|46.7213|2022-11-24|2024-02-13
710879|15684|10017765|1|114|102.4590|2022-07-08|2023-12-31
710880|15684|10017776|1|114|118.8525|2022-07-08|2023-12-31
711009|16986|10017780|1|14|177.0000|2022-01-06|2023-07-10
711860|17124|10017782|1|114|128.0000|2022-02-07|2024-01-22
711861|17124|10017783|1|114|128.0000|2022-02-07|2024-01-22
712207|15745|10017795|1|127|195.0000|2022-10-02|2024-10-12
712781|17016|10017820|1|14|165.0000|2022-05-06|2024-10-16
713573|15825|10017872|1|14|100.0000|2022-11-19|2023-09-18
713574|15825|10018192|1|14|28.0000|2022-11-19|2023-09-18
714697|15869|10018235|1|14|77.8689|2022-08-05|2024-06-25
714738|17057|10018349|1|114|795.0000|2022-07-15|2024-06-23
715335|8042|10018365|1|127|799.1803|2022-10-26|2024-03-04
715858|14553|10018388|1|115|63.3333|2022-03-19|2023-08-12
715917|9358|10018389|1|115|251.2500|2023-01-13|2024-05-16
715951|15930|10018396|1|14|234.7553|2023-06-14|2024-09-12
716045|8067|10018418|1|14|717.0000|2023-02-11|2024-02-11
716046|17082|10018461|1|14|40.6000|2022-01-27|2024-08-23
716097|15938|10018483|1|14|50.0000|2022-06-23|2024-07-17
716443|15947|10018575|1|14|151.6393|2023-01-02|2024-05-31
716787|15960|10018754|1|127|327.6000|2023-06-27|2024-10-23
716788|15960|10018999|1|127|136.8000|2023-06-27|2024-10-23
717290|17099|10019061|1|112|94.0000|2022-05-01|2024-03-17
717922|16005|10019064|1|114|122.9508|2022-12-09|2023-11-23
718106|17172|10019065|1|127|398.0000|2022-06-01|2024-08-24
718229|16019|10019074|1|14|65.9835|2023-06-27|2024-05-08
718937|17179|10019076|1|14|86.0656|2022-11-15|2024-01-26
719749|9650|10019086|1|118|587.5000|2023-03-09|2024-08-11
720376|16109|10019092|1|14|660.0000|2023-01-17|2024-04-07
720659|7522|10019101|1|114|62.1951|2022-06-03|2024-10-12
720877|11313|10019103|1|14|978.9344|2023-05-16|2023-07-09
721410|12168|10019107|1|118|336.0000|2022-03-27|2024-06-10
721411|12168|10019108|1|118|1104.0000|2022-03-27|2024-06-10
722042|16181|10019112|1|114|86.0655|2022-07-04|2024-12-31
722354|12193|10019115|1|115|340.0000|2022-12-15|2024-05-05
722622|9719|10019426|1|114|65.8333|2022-06-04|2024-03-15
722983|10186|10019556|1|114|204.0000|2022-09-24|2023-09-09
722984|10186|10019735|1|114|228.0000|2022-09-24|2023-09-09
723788|16253|10020146|1|111|189.3442|2022-05-24|2024-05-08
723904|12154|10020175|1|114|121.1065|2023-03-31|2023-07-17
723905|12154|10020229|1|114|96.5163|2023-03-31|2023-07-17
724338|16281|10020287|1|114|520.0000|2023-06-26|2023-11-07
724687|8423|10020306|1|14|197.5000|2022-07-10|2023-09-10
725585|14682|10020481|1|14|238.0000|2022-02-21|2024-05-02
725732|9675|10020483|1|14|135.0000|2022-09-06|2024-03-22
726383|7654|10020561|1|14|83.7398|2022-12-01|2024-10-31
726420|16359|10020595|1|14|169.6720|2023-05-21|2023-09-05
726946|16380|10020714|1|14|232.9508|2023-03-25|2024-12-12
728442|9801|10020720|1|14|650.0000|2023-02-20|2023-09-07
729197|16460|10020728|1|127|731.3114|2023-01-19|2023-09-27
729409|7722|10020732|1|14|178.8618|2022-08-01|2024-09-05
729499|16475|10020734|1|14|34.4262|2022-07-18|2024-01-31
729554|16479|10020735|1|117|1721.3115|2022-07-25|2024-05-24
729987|12438|10020742|1|126|250.0000|2023-06-26|2024-08-09
731851|16556|10020754|1|14|1140.1639|2022-09-15|2024-05-21
731996|16568|10020758|1|14|35.0000|2023-06-01|2023-09-30
732285|16587|10020760|1|115|361.4754|2022-01-04|2023-10-22
733304|7075|10020894|1|14|124.5901|2022-11-17|2024-04-06
734135|12287|10021172|1|14|88.4835|2022-08-23|2023-11-28
734168|17392|10021173|1|114|120.0000|2022-12-30|2024-08-26
734519|12298|10021175|1|116|114.7540|2022-11-12|2024-01-06
735659|12611|10021256|1|114|300.0000|2022-05-28|2024-05-13
735754|8770|10021275|1|115|92.0000|2023-05-16|2024-04-30
735808|12618|10021285|1|14|623.0000|2022-05-09|2024-01-07
735832|7141|10021286|1|127|196.0000|2022-08-15|2024-01-02
736833|16731|10021483|1|114|59.0163|2022-03-20|2024-02-21
736883|7908|10021814|1|114|36.5853|2022-09-23|2023-11-06
736892|17446|10022105|1|114|87.5000|2023-04-04|2024-10-16
737182|12680|10022121|1|114|56.5217|2023-02-01|2024-07-13
737508|12699|10022206|1|126|284.3478|2023-04-29|2024-03-12
737523|8788|10022719|1|114|266.3934|2023-05-30|2023-12-10
737724|13951|10022722|1|129|227.5000|2023-04-20|2024-12-28
738222|17478|10022877|1|114|80.0000|2022-11-23|2024-11-25
738269|7943|10022896|1|115|155.6910|2022-06-24|2024-02-09
738555|7950|10022897|1|14|235.7724|2023-03-05|2023-11-26
738618|16794|10022923|1|14|50.0000|2022-05-27|2024-11-26
738816|16804|10023034|1|14|1353.2787|2022-08-29|2023-10-06
738947|12349|10023040|1|142|105.9015|2023-03-13|2024-06-23
739200|12353|10023435|1|114|120.0000|2022-07-20|2024-07-02
739688|8842|10023485|1|114|150.0000|2022-02-23|2024-11-10
739809|17514|10023487|1|14|97.5000|2023-03-27|2024-10-01
740452|17530|10023490|1|125|124.0000|2022-08-07|2024-10-25
740453|17530|10023498|1|125|104.0000|2022-08-07|2024-10-25
740462|17531|10023508|1|114|114.0000|2023-01-08|2024-07-06
741061|16892|10023534|1|14|50.0000|2022-03-14|2023-08-08
741159|5118|10023637|1|14|141.0000|2022-07-12|2023-08-31
741209|5413|10024011|1|127|993.4425|2022-05-26|2024-05-22
741740|16917|10024043|1|14|323.7705|2022-06-25|2024-02-16
742022|7192|10024101|1|131|479.0983|2022-11-11|2024-09-05
742379|17562|10024118|1|114|72.0000|2022-05-30|2024-04-18
742447|9597|10024274|1|114|54.0000|2023-02-08|2023-11-03
742457|12872|10024321|1|118|245.0000|2022-02-16|2024-09-26
742549|8033|10024322|1|126|967.5000|2023-05-01|2024-07-20
742671|12881|10024581|1|115|178.2609|2023-06-14|2024-05-07
744530|17379|10024929|1|127|455.0000|2022-05-26|2024-08-02
745035|17614|10025078|1|125|225.0000|2023-06-30|2024-08-15
745130|17060|10025369|1|117|110.6557|2022-04-04|2024-10-25
745663|11685|10025373|1|14|209.4262|2022-03-29|2023-08-13
746238|17395|10025375|1|14|156.0000|2022-07-05|2024-10-31
746909|11711|10025392|1|115|223.7704|2023-01-26|2024-12-30
746913|13981|10025395|1|115|172.5000|2022-11-15|2023-10-27
748472|17199|10025402|1|14|455.7376|2022-05-25|2024-07-27
749018|15010|10025404|1|114|245.0000|2022-11-27|2024-07-07
749041|17224|10025405|1|115|108.1967|2022-04-29|2024-06-21
749143|17420|10025407|1|114|355.7376|2022-07-14|2024-12-25
749314|13113|10025409|1|121|97.3912|2022-03-07|2024-02-10
749700|8220|10025410|1|14|36.9918|2023-04-05|2024-05-25
749701|8220|10025412|1|117|134.1463|2023-04-05|2024-05-25
750066|8844|10025416|1|114|48.0000|2022-05-28|2023-12-05
750248|12519|10025417|1|114|50.4098|2022-01-25|2024-10-12
750426|8239|10025422|1|127|106.9105|2023-01-27|2024-03-31
751382|8261|10025997|1|142|175.6098|2023-04-20|2023-07-26
753568|17435|10026190|1|14|130.3278|2023-03-11|2024-11-24
753743|7513|10026201|1|115|709.8361|2023-01-13|2023-11-12
754643|17475|10026222|1|127|777.0492|2022-08-14|2023-12-26
754949|17493|10026390|1|115|168.0000|2023-03-17|2023-11-30
754950|17493|10026415|1|127|455.4000|2023-03-17|2023-11-30
754951|17493|10026458|1|127|327.6000|2023-03-17|2023-11-30
755099|7566|10026623|1|118|111.0000|2022-03-13|2023-10-12
755205|17502|10026761|1|115|819.0000|2022-07-23|2023-09-15
755206|17502|10026762|1|127|633.0000|2022-07-23|2023-09-15
755207|17502|10026765|1|115|591.0000|2022-07-23|2023-09-15
755388|17511|10026775|1|112|195.7377|2022-02-18|2024-04-16
756119|13342|10026816|1|114|160.8696|2023-01-29|2023-10-19
756144|7252|10026817|1|115|299.1803|2022-02-15|2023-08-02
756145|7252|10026818|1|115|299.1803|2022-02-15|2023-08-02
756517|9433|10026825|1|115|286.8852|2023-05-14|2024-02-01
757558|8382|10026842|1|142|79.6747|2022-04-02|2024-08-18
757660|15101|10026846|1|118|705.2500|2022-01-20|2023-10-19
757803|17590|10026848|1|133|195.0000|2022-10-31|2023-10-01
758014|17598|10026867|1|14|55.0000|2023-05-09|2023-10-03
758299|7643|10026874|1|115|2199.1803|2022-07-30|2024-03-22
759184|17635|10026882|1|14|43.4426|2022-02-23|2023-10-31
759670|9513|10026887|1|115|63.1147|2022-10-06|2024-03-06
760033|17663|10026892|1|114|254.0984|2022-04-19|2024-09-15
760050|10531|10026893|1|126|210.7438|2022-03-15|2024-02-02
760246|8445|10026898|1|115|164.6341|2022-06-19|2024-07-23
760437|10535|10026909|1|116|92.5619|2023-01-03|2023-11-18
761281|17710|10026913|1|14|110.0000|2022-06-10|2023-07-22
761773|12732|10026921|1|14|597.3770|2022-12-24|2024-11-18
763137|17773|10026928|1|14|828.0000|2022-10-18|2023-09-04
763916|15178|10026949|1|127|916.6667|2022-04-02|2024-05-12
764095|17789|10027495|1|114|55.0000|2023-05-07|2023-08-05
764637|13552|10027729|1|114|94.7826|2022-04-30|2023-12-08
764681|13553|10027733|1|126|220.0000|2023-03-23|2024-02-12
765238|17839|10027756|1|14|50.0000|2022-01-08|2024-06-01
765280|8577|10027825|1|114|172.5000|2022-07-22|2023-08-21
765288|17840|10027843|1|114|54.0000|2022-07-13|2024-08-23
765697|13578|10027854|1|114|94.7826|2022-04-21|2024-02-08
766427|15207|10028218|1|14|210.0000|2022-03-29|2024-10-20
766488|12813|10028929|1|114|652.4589|2022-09-18|2023-09-24
766886|17618|10029280|1|115|86.0656|2022-12-11|2023-10-02
767087|13621|10029748|1|126|340.0000|2022-06-09|2024-08-11
768117|12083|10029782|1|118|308.1147|2022-11-01|2024-04-07
768368|9765|10029823|1|118|87.5000|2022-10-16|2023-11-10
769725|12864|10030436|1|114|159.8361|2023-04-19|2024-05-20
769738|13696|10030462|1|115|673.9130|2022-11-02|2024-01-05
769792|17964|10030602|1|14|40.9836|2022-01-12|2024-07-08
769793|17964|10030638|1|14|34.4262|2022-01-12|2024-07-08
770029|17971|10030645|1|14|647.5410|2022-08-15|2024-08-08
770908|8723|10030729|1|14|1270.7317|2022-03-22|2024-11-22
772222|8567|10031394|1|14|25.0000|2022-12-26|2023-09-15
772717|17685|10031415|1|115|328.3000|2022-01-05|2023-07-18
772933|13777|10031457|1|14|160.8696|2023-06-16|2024-04-23
773658|8796|10031481|1|127|612.5000|2022-05-08|2024-08-19
773945|12156|10031541|1|127|159.5000|2022-11-27|2024-11-24
774165|18081|10031604|1|14|368.8525|2023-04-21|2024-10-01
775321|18112|10031772|1|14|36.8852|2023-01-14|2023-11-18
776283|14092|10031922|1|126|185.0000|2022-06-25|2023-07-09
777421|17736|10032049|1|115|75.4098|2022-12-26|2024-02-03
777422|17736|10032134|1|115|71.3115|2022-12-26|2024-02-03
778830|10160|10032258|1|121|169.6720|2022-10-05|2024-11-18
779151|10088|10032264|1|14|795.0000|2022-08-11|2024-01-23
779851|18281|10032661|1|114|237.7049|2023-04-27|2024-07-17
779852|18281|10032782|1|114|204.9180|2023-04-27|2024-07-17
780055|15393|10032788|1|14|245.0000|2022-12-11|2024-11-04
780056|15393|10032801|1|14|233.3333|2022-12-11|2024-11-04
780453|14107|10032839|1|14|137.5000|2023-05-06|2024-01-09
781260|17969|10033010|1|115|239.0000|2022-03-24|2024-02-26
781440|18350|10033017|1|14|72.0000|2023-01-10|2023-08-27
781977|12296|10033039|1|118|459.0164|2022-07-21|2023-07-24
782317|10169|10033079|1|118|131.1475|2022-04-17|2023-11-11
782434|13088|10033182|1|125|450.0000|2023-06-16|2023-07-09
782710|13092|10033726|1|14|85.2458|2022-05-19|2024-10-20
782711|13092|10033731|1|116|183.1967|2022-05-19|2024-10-20
782712|13092|10033759|1|118|196.8032|2022-05-19|2024-10-20
783034|18401|10033804|1|127|377.0000|2022-04-24|2023-11-13
783076|18402|10033814|1|118|185.0000|2022-01-18|2023-08-29
783240|8614|10033821|1|131|400.0000|2022-08-20|2024-10-09
784201|18444|10033826|1|115|294.0000|2023-03-07|2024-06-13
784290|18452|10033832|1|14|32.7869|2023-01-11|2024-12-24
784291|18452|10033834|1|14|32.7869|2023-01-11|2024-12-24
784479|17834|10033840|1|114|98.3607|2022-07-28|2024-01-03
785081|13124|10033842|1|127|278.6885|2022-02-20|2023-09-28
785103|18480|10033913|1|114|295.0000|2022-04-08|2023-12-20
785510|14123|10033952|1|114|126.0870|2022-12-16|2024-03-20
785511|14123|10033979|1|114|186.9565|2022-12-16|2024-03-20
785558|17847|10034065|1|115|176.2295|2022-02-13|2024-01-26
786066|18512|10034217|1|127|817.6229|2022-01-03|2024-02-08
786404|15496|10034224|1|127|337.5000|2022-09-03|2024-02-23
787557|18567|10034227|1|114|38.9344|2022-12-21|2024-02-09
789458|9221|10034278|1|14|121.9512|2022-05-25|2023-08-30
790877|18683|10034279|1|114|35.6557|2022-02-24|2023-10-30
790927|10404|10034280|1|127|338.1147|2022-11-09|2024-04-09
791160|18697|10034289|1|127|92.5000|2022-05-26|2024-08-30
791262|17903|10034296|1|114|137.7048|2022-11-05|2024-11-30
791335|18063|10034298|1|116|75.0000|2022-11-02|2024-03-04
791538|18706|10034300|1|127|323.7705|2022-02-16|2023-08-10
791966|13245|10034302|1|125|93.4426|2022-03-14|2024-01-09
792462|18737|10034694|1|14|610.6557|2022-05-29|2024-06-03
792545|13259|10035015|1|121|188.5246|2022-10-13|2023-10-08
793356|17927|10035058|1|115|176.2295|2022-03-25|2024-04-29
793429|10522|10035098|1|14|110.6557|2022-04-01|2024-12-17
793639|17932|10035125|1|115|232.7869|2022-03-01|2023-08-29
793977|18799|10035270|1|114|420.4918|2023-06-01|2024-01-18
795148|17955|10035285|1|114|193.4426|2023-06-18|2024-07-10
795176|18847|10035287|1|14|1303.2787|2022-04-21|2024-09-21
795404|18864|10035347|1|14|39.3443|2023-04-19|2024-12-16
795405|18864|10035348|1|14|39.3443|2023-04-19|2024-12-16
795406|18864|10035426|1|14|39.3443|2023-04-19|2024-12-16
795407|18864|10035428|1|14|39.3443|2023-04-19|2024-12-16
795408|18864|10035429|1|14|39.3443|2023-04-19|2024-12-16
795409|18864|10035434|1|14|39.3443|2023-04-19|2024-12-16
795410|18864|10035435|1|14|39.3443|2023-04-19|2024-12-16
795411|18864|10035446|1|14|39.3443|2023-04-19|2024-12-16
795416|18864|10035593|1|14|39.3443|2023-04-19|2024-12-16
795417|18864|10035651|1|14|39.3443|2023-04-19|2024-12-16
796818|13354|10035704|1|127|380.0000|2022-12-15|2024-01-16
797336|18957|10035744|1|129|532.7869|2022-03-27|2023-08-24
797465|18962|10035746|1|14|1295.0000|2022-02-21|2024-01-16
797495|18965|10035758|1|114|204.9180|2023-04-23|2024-04-27
797617|10676|10035787|1|126|385.2459|2023-02-12|2023-10-29
797899|18992|10035944|1|14|815.5738|2022-08-28|2024-06-12
798545|19032|10036033|1|114|120.9016|2023-05-22|2024-04-26
798674|8428|10036176|1|142|134.4262|2023-04-04|2023-10-26
798675|8428|10036244|1|142|134.4262|2023-04-04|2023-10-26
799437|14533|10036388|1|126|186.9565|2022-07-08|2023-12-07
799743|9453|10036476|1|122|203.2520|2022-07-05|2024-04-02
799754|19123|10036503|1|14|39.3443|2022-04-13|2023-08-15
799755|19123|10036544|1|115|90.1639|2022-04-13|2023-08-15
799907|8450|10036556|1|114|116.3934|2022-05-13|2023-09-05
800023|14549|10036564|1|146|486.0055|2022-08-21|2023-09-07
800321|14184|10036697|1|14|137.5000|2022-02-26|2023-09-03
800561|18141|10036812|1|114|362.0000|2023-06-23|2023-12-06
800593|15718|10036837|1|127|352.8000|2023-02-12|2024-08-31
800594|15718|10037005|1|127|315.7000|2023-02-12|2024-08-31
801165|12603|10037142|1|127|431.0000|2022-03-18|2024-03-26
801446|19243|10037146|1|14|39.3443|2022-05-03|2024-08-24
801521|14601|10037150|1|114|375.0000|2022-11-23|2023-07-30
801655|10541|10037265|1|14|37.5000|2022-09-07|2024-09-02
801768|7716|10037268|1|14|487.7049|2022-04-25|2024-10-05
801986|19270|10037270|1|117|359.9133|2023-05-23|2024-02-08
802066|18020|10037272|1|115|168.0000|2022-02-11|2024-12-31
802603|19299|10037273|1|14|90.1639|2023-01-02|2024-08-20
802897|15741|10037277|1|14|610.8333|2022-11-14|2024-04-24
804193|14693|10037284|1|126|330.4348|2022-05-03|2024-12-26
804194|14693|10037287|1|126|330.4348|2022-05-03|2024-12-26
804195|14693|10037288|1|126|408.6957|2022-05-03|2024-12-26
804616|18049|10037293|1|114|156.0000|2022-08-08|2024-05-19
805273|19481|10037296|1|14|48.0000|2022-01-01|2024-08-26
805767|19515|10037299|1|114|205.0000|2022-01-04|2024-05-20
805944|19522|10037300|1|14|402.4590|2022-01-27|2023-07-20
806001|19526|10037301|1|115|146.7213|2022-09-06|2024-09-25
806080|18062|10037302|1|118|236.0655|2022-11-12|2024-12-30
806386|12665|10037303|1|14|165.0000|2023-03-22|2024-11-21
806889|10964|10037310|1|114|135.0000|2023-05-22|2024-08-11
807117|8912|10037318|1|127|110.6557|2023-05-15|2024-01-08
808701|19635|10037371|1|127|1225.4098|2023-04-16|2023-09-20
808730|19638|10037377|1|116|188.5246|2023-02-25|2024-01-24
808887|13531|10037380|1|114|80.0000|2022-07-04|2023-07-05
808888|13531|10037477|1|114|105.0000|2022-07-04|2023-07-05
809128|19654|10037501|1|114|127.0492|2022-03-08|2024-09-25
810734|14884|10037533|1|126|269.5652|2023-02-27|2023-12-30
810850|15853|10037540|1|127|433.3333|2022-05-10|2023-09-07
811679|6418|10037548|1|115|155.0000|2022-03-08|2023-10-01
811847|10969|10037559|1|126|435.0000|2022-11-23|2024-09-15
812109|12748|10037674|1|114|284.4262|2023-04-09|2024-03-07
812158|19774|10037701|1|125|100.4098|2022-08-05|2023-11-10
812316|13616|10037719|1|14|639.3442|2022-12-04|2024-10-01
812514|11176|10037808|1|115|335.0000|2023-01-16|2024-08-16
812530|11178|10037891|1|14|220.0000|2022-02-09|2024-12-29
812769|11186|10037938|1|14|901.6393|2022-07-20|2024-01-24
813344|19824|10038310|1|114|69.6721|2022-11-30|2023-07-28
813417|19826|10038312|1|14|395.0000|2022-06-22|2024-04-09
813618|19835|10038323|1|127|1250.0000|2023-02-07|2024-10-04
813758|18152|10038440|1|14|19.0000|2022-03-18|2024-07-06
813920|18153|10038468|1|114|75.4097|2022-10-10|2023-09-12
814078|19851|10038561|1|14|200.8197|2022-08-23|2024-07-23
814385|19865|10038562|1|115|85.0000|2023-01-27|2024-06-21
815020|11264|10038570|1|126|309.4262|2022-09-21|2024-11-26
815248|6471|10038576|1|126|600.0000|2023-04-07|2024-03-11
815870|18331|10038578|1|146|149.9500|2022-12-25|2024-06-26
815978|15931|10038583|1|14|240.8333|2022-03-25|2023-07-05
816145|15936|10038587|1|116|628.3333|2022-08-15|2023-11-09
816155|8731|10038588|1|14|570.8333|2022-07-04|2024-05-12
816460|10495|10038589|1|118|146.0000|2023-06-01|2024-01-15
817533|13721|10038609|1|118|327.8689|2022-08-30|2024-09-06
819285|11411|10038806|1|118|325.0000|2022-03-29|2024-03-05
819627|18226|10039002|1|14|30.3279|2022-09-01|2023-09-11
820359|15139|10039006|1|14|113.0435|2022-07-14|2023-09-01
820774|14260|10039015|1|14|77.5000|2022-01-07|2024-04-17
820897|12866|10039023|1|118|323.1193|2022-04-11|2023-11-24
821168|12870|10039099|1|14|614.7541|2022-12-10|2023-10-31
821311|13782|10039101|1|121|188.5246|2023-03-28|2024-05-11
822644|20187|10039125|1|14|48.0000|2022-09-14|2023-12-22
823433|15214|10039138|1|114|243.4783|2022-07-21|2024-10-12
824590|11090|10039146|1|115|206.6116|2023-05-23|2024-12-11
825930|20337|10039200|1|14|39.3443|2022-12-18|2023-11-15
826583|20381|10039210|1|14|39.3443|2022-10-18|2024-11-26
826855|18297|10039398|1|114|189.0000|2022-11-10|2024-07-29
827453|15302|10039399|1|126|1015.0000|2023-02-18|2024-12-03
827788|20429|10039417|1|127|39.7540|2022-06-09|2024-12-31
828274|16139|10039429|1|114|265.8333|2023-04-27|2024-12-02
828814|20465|10039590|1|114|47.5000|2022-10-08|2024-12-08
828839|20466|10039808|1|14|26.2295|2022-04-28|2024-11-04
829730|20502|10040044|1|14|995.0000|2022-09-21|2024-02-05
830462|8780|10040174|1|127|1016.6667|2022-03-24|2023-10-29
831263|20545|10040180|1|115|77.8689|2022-02-18|2023-08-01
832071|20576|10040188|1|14|282.7869|2023-04-13|2024-06-30
833176|15445|10040397|1|114|226.0870|2022-12-23|2023-09-03
833371|10082|10040437|1|14|1158.5366|2022-06-28|2023-08-29
833968|15466|10040762|1|115|86.9565|2022-03-07|2023-07-11
834258|11904|10041281|1|118|672.3000|2022-03-20|2024-07-23
834578|15483|10041301|1|115|178.2609|2022-09-03|2024-11-03
834984|15494|10041437|1|126|1560.8696|2022-11-06|2023-07-12
835003|20695|10041637|1|14|159.8361|2022-10-07|2024-09-28
836648|18547|10041657|1|115|320.0000|2022-07-03|2024-07-06
837166|20760|10041679|1|111|368.8525|2022-05-12|2024-06-16
837575|15558|10041761|1|14|108.6957|2023-04-28|2024-01-25
837936|20793|10041800|1|114|254.0984|2022-11-06|2024-08-02
838431|15585|10041811|1|115|569.5652|2023-03-04|2024-10-03
838885|20824|10042018|1|127|317.1356|2023-04-12|2024-12-28
839031|9297|10042113|1|115|140.0000|2022-10-29|2023-11-28
839765|16339|10042246|1|127|473.0000|2022-08-18|2023-08-04
840205|16345|10042320|1|111|265.0000|2023-02-24|2024-05-09
840917|16363|10042404|1|14|62.5000|2023-05-09|2024-09-03
840918|16363|10042407|1|14|62.5000|2023-05-09|2024-09-03
841164|10466|10042413|1|115|176.2295|2022-05-23|2023-10-29
841301|20893|10042420|1|115|77.8689|2023-03-16|2024-05-03
841428|12090|10042422|1|14|217.2131|2023-03-21|2024-10-03
841530|12093|10042427|1|114|245.9016|2022-08-07|2024-08-22
842539|20926|10042438|1|114|229.5082|2022-12-13|2024-02-24
842540|20926|10042441|1|114|237.7049|2022-12-13|2024-02-24
842541|20926|10042443|1|114|155.7377|2022-12-13|2024-02-24
842542|20926|10042444|1|114|237.7049|2022-12-13|2024-02-24
843001|18445|10042500|1|125|97.0491|2022-05-20|2024-03-18
843705|16411|10042534|1|127|138.3333|2023-01-06|2023-09-19
844844|18463|10042988|1|114|83.9344|2022-09-22|2024-12-31
846105|16454|10043236|1|116|243.3333|2023-06-21|2024-02-21
846245|15767|10043237|1|126|404.3478|2022-12-07|2024-06-25
846360|21046|10043364|1|14|983.6066|2022-06-27|2024-12-26
846498|15774|10043527|1|14|100.4348|2022-03-26|2023-07-25
847810|21074|10043704|1|14|1188.5246|2022-05-19|2023-08-29
847858|13175|10044002|1|114|129.5082|2022-03-23|2023-09-12
848022|16483|10044088|1|127|358.5503|2023-01-15|2024-06-25
848067|15802|10044223|1|115|78.2609|2022-04-15|2024-04-18
848339|12297|10044267|1|14|258.1967|2023-05-06|2023-07-08
848817|16499|10044597|1|126|230.0000|2022-05-27|2024-06-26
849377|18508|10044723|1|121|211.4754|2022-07-16|2024-09-27
850566|16527|10044732|1|111|521.6667|2023-02-20|2023-08-13
851087|8292|10044868|1|14|60.6557|2022-11-19|2024-08-24
852164|11323|10044942|1|14|119.8347|2023-06-16|2023-10-27
852978|9311|10044969|1|114|141.5784|2022-10-11|2023-09-08
853000|16560|10044989|1|142|151.6667|2022-06-23|2023-11-21
853365|21247|10045052|1|111|217.2131|2022-05-06|2023-12-21
855865|16000|10045192|1|133|280.0000|2022-12-17|2024-09-14
856101|8347|10045279|1|14|603.2787|2023-03-08|2024-01-06
857232|11072|10045394|1|114|56.0000|2022-09-09|2024-05-30
858343|21424|10045688|1|127|1194.0501|2023-04-26|2024-04-23
859127|12649|10045951|1|114|95.0000|2022-03-30|2024-11-27
859619|21463|10046097|1|127|545.0000|2022-06-05|2024-06-24
860178|16092|10046154|1|126|165.2174|2022-06-05|2024-12-18
860518|16680|10046159|1|126|621.0000|2022-01-13|2024-02-15
861588|21518|10046165|1|114|200.6026|2022-05-05|2023-09-09
861861|21532|10046247|1|14|176.2295|2022-05-18|2023-11-14
862477|5732|10046354|1|111|262.2951|2022-05-10|2024-05-04
863053|16161|10046369|1|14|32.1739|2022-08-15|2023-07-15
863260|21582|10046371|1|118|213.1148|2023-04-26|2024-07-19
863344|21584|10046374|1|14|405.7377|2022-01-15|2024-08-26
863398|12786|10046447|1|114|145.0819|2022-09-24|2024-12-23
864117|21607|10046501|1|14|113.1148|2022-05-24|2023-11-02
864769|21630|10046571|1|127|1225.4098|2022-10-26|2024-07-15
866452|16252|10046744|1|115|195.6522|2022-07-18|2024-05-03
867335|21717|10046762|1|14|90.1639|2023-02-19|2024-02-09
867512|14561|10046772|1|122|151.6393|2022-05-21|2024-11-19
867571|18690|10047030|1|115|127.0492|2022-05-03|2024-02-14
867815|14565|10047076|1|126|159.8361|2022-11-16|2024-09-08
869761|16788|10047268|1|127|318.3333|2022-11-03|2024-12-27
870292|9030|10047305|1|115|350.0000|2022-12-13|2023-07-06
870301|18713|10047433|1|127|176.2295|2023-02-21|2024-06-21
870804|13055|10047570|1|114|143.4426|2022-03-15|2023-09-18
871152|10746|10047571|1|115|172.1311|2022-03-27|2024-03-16
871963|10742|10047587|1|14|124.3902|2022-01-23|2024-06-28
872038|21851|10047588|1|14|241.8033|2023-01-29|2023-07-30
872761|18952|10047594|1|114|118.0000|2022-12-17|2024-06-01
872844|18954|10047597|1|125|282.0000|2023-01-21|2023-09-21
873083|21884|10047600|1|114|150.0000|2022-12-11|2024-09-20
873214|21886|10047601|1|127|345.0000|2022-02-25|2024-02-12
873537|21899|10047602|1|127|274.5902|2022-02-20|2024-06-08
875241|13474|10047606|1|115|205.0000|2022-12-18|2023-12-28
875406|21961|10047607|1|114|75.0000|2023-06-21|2023-08-07
875700|21972|10047609|1|14|241.8033|2023-06-20|2024-09-13
875773|18985|10047610|1|112|150.0000|2023-02-20|2024-12-28
875920|18753|10047613|1|114|38.8524|2022-07-08|2024-07-22
875921|18753|10047618|1|117|209.8360|2022-07-08|2024-07-22
875922|18753|10047619|1|121|64.8360|2022-07-08|2024-07-22
878205|16522|10047642|1|142|47.8261|2022-11-07|2024-12-13
878206|16522|10048048|1|142|47.8261|2022-11-07|2024-12-13
879019|22090|10048115|1|114|140.0000|2022-02-09|2023-09-15
879166|16554|10048158|1|114|408.6957|2022-05-28|2023-12-10
879441|16559|10048261|1|114|39.1304|2023-04-16|2024-08-14
879442|16559|10048270|1|114|39.1304|2023-04-16|2024-08-14
879721|16937|10048276|1|14|287.5000|2022-05-14|2023-10-24
880722|10878|10048284|1|14|477.2358|2022-04-17|2024-05-20
880902|16602|10048290|1|115|1921.7391|2022-01-19|2023-11-20
881230|9400|10048292|1|114|98.3607|2022-10-23|2024-05-27
881976|13514|10048316|1|114|72.9508|2022-09-30|2024-09-28
882364|9406|10048403|1|14|1020.4918|2023-04-19|2024-05-05
882429|14796|10048412|1|14|590.1639|2023-03-15|2024-02-17
883148|18833|10048430|1|131|221.3115|2022-01-26|2023-07-29
883185|22229|10048433|1|111|320.0000|2023-05-11|2024-02-15
883362|14813|10048443|1|111|139.3443|2023-04-01|2024-06-14
885545|16713|10048525|1|131|328.6957|2023-01-15|2023-07-27
885598|22342|10048564|1|14|219.0240|2023-01-22|2024-09-09
885665|17022|10048604|1|14|112.5000|2022-10-14|2024-06-11
885667|17022|10048616|1|14|112.5000|2022-10-14|2024-06-11
885668|17022|10048621|1|14|112.5000|2022-10-14|2024-06-11
885671|17022|10048701|1|14|112.5000|2022-10-14|2024-06-11
886482|11340|10048708|1|114|83.3333|2022-07-19|2023-07-23
886529|22378|10048711|1|14|73.7705|2022-10-03|2024-05-18
887018|11091|10048715|1|14|77.8689|2023-05-09|2024-02-26
887879|18885|10048727|1|114|211.4754|2023-04-10|2024-06-14
888271|17064|10048732|1|112|49.0000|2022-05-15|2023-12-15
888628|22452|10048745|1|118|254.8881|2022-07-10|2023-09-08
888629|22452|10048748|1|118|224.5443|2022-07-10|2023-09-08
888725|16797|10048750|1|114|195.0000|2022-02-23|2023-11-02
888726|22453|10048753|1|114|195.0000|2022-01-02|2024-07-25
889040|14889|10048769|1|114|122.9508|2022-07-28|2024-01-12
889291|13784|10048815|1|14|373.8359|2022-03-04|2023-08-18
890683|14920|10048982|1|114|114.0000|2022-06-28|2024-04-15
890798|13839|10049016|1|114|80.3279|2022-01-05|2023-08-24
891047|13854|10049043|1|114|168.0328|2022-11-04|2023-07-20
891129|11115|10049058|1|14|640.9836|2022-12-14|2024-07-25
891422|13866|10049127|1|14|1188.5246|2022-10-17|2024-05-15
891813|9333|10049243|1|127|733.6066|2022-04-14|2024-05-07
891818|13880|10049301|1|114|204.0984|2022-05-05|2024-05-06
891828|22563|10049316|1|114|155.7377|2022-08-05|2024-08-01
892563|13912|10049354|1|114|483.6066|2023-06-10|2023-12-17
892660|18914|10049372|1|127|125.0000|2022-04-11|2023-09-26
893031|22611|10049377|1|14|127.0492|2022-10-21|2024-10-26
893290|18922|10049394|1|126|369.0000|2023-04-14|2024-06-26
893396|14972|10049416|1|126|195.0000|2022-09-07|2023-08-12
893538|13941|10049508|1|127|110.6557|2022-04-16|2023-07-03
893662|14978|10049538|1|14|1074.5902|2022-08-08|2023-09-25
893886|17150|10049545|1|14|156.6667|2023-05-27|2024-11-20
893887|17150|10049599|1|14|156.6667|2023-05-27|2024-11-20
894269|22675|10049640|1|14|1140.1639|2022-02-19|2024-06-15
894372|11418|10050011|1|114|100.0000|2022-05-02|2023-09-17
894607|22689|10050179|1|14|319.6721|2023-06-02|2023-11-18
894630|14998|10050304|1|116|224.0000|2022-06-15|2024-07-03
894692|22692|10050350|1|114|143.4426|2022-03-03|2024-05-27
895457|22723|10050351|1|115|132.7869|2022-01-07|2024-05-18
895654|13685|10050362|1|14|620.4918|2023-01-22|2023-07-14
896403|17187|10050531|1|14|135.0000|2022-04-08|2024-01-02
896597|14023|10050565|1|14|573.7705|2022-04-23|2024-07-02
896792|14033|10050579|1|117|1024.5902|2022-02-02|2023-08-09
896905|22773|10050581|1|142|337.5000|2022-03-12|2023-09-27
897373|10120|10050766|1|14|447.5410|2022-10-01|2024-03-31
898003|17211|10050788|1|126|1096.6667|2022-11-26|2023-12-09
898340|17033|10050816|1|118|281.7391|2023-01-10|2023-12-09
898652|22830|10050821|1|114|159.8361|2023-04-02|2023-10-06
898796|22835|10050966|1|14|255.0000|2022-09-05|2024-04-02
898968|17051|10051140|1|114|215.0000|2023-06-30|2024-10-21
899118|13723|10051162|1|114|384.4262|2022-08-09|2024-08-20
899271|15068|10051195|1|114|68.0000|2023-05-30|2023-09-22
899272|15068|10051241|1|114|68.0000|2023-05-30|2023-09-22
899273|15068|10051243|1|114|68.0000|2023-05-30|2023-09-22
899294|17058|10051248|1|115|56.5217|2022-05-09|2024-06-03
899755|22868|10051249|1|133|172.1311|2023-06-23|2023-10-31
899889|14117|10051354|1|14|221.3115|2023-05-18|2024-09-30
900485|17090|10051636|1|114|197.1820|2023-02-12|2024-04-14
900755|19278|10051674|1|115|33.0000|2022-09-13|2024-02-18
900756|19278|10051778|1|115|33.0000|2022-09-13|2024-02-18
900757|19278|10051797|1|115|31.0000|2022-09-13|2024-02-18
901370|11494|10051798|1|14|52.5000|2023-06-26|2023-09-13
903339|7564|10051898|1|125|180.3279|2022-10-25|2023-10-18
903390|14226|10051960|1|14|147.5410|2023-04-10|2023-09-26
904100|19320|10051961|1|125|229.0000|2022-07-03|2024-05-19
904696|19326|10051979|1|114|109.0000|2023-01-26|2024-05-14
904697|19326|10052004|1|114|124.0000|2023-01-26|2024-05-14
904698|19326|10052063|1|116|79.0000|2023-01-26|2024-05-14
904735|14274|10052103|1|115|131.1475|2023-06-29|2024-03-28
905464|14301|10052172|1|111|398.0000|2022-02-27|2024-10-10
905585|10325|10052177|1|114|351.6393|2023-03-24|2024-10-24
905586|10325|10052182|1|118|334.4262|2023-03-24|2024-10-24
906550|19043|10052192|1|127|208.6000|2023-04-07|2024-11-18
907029|14339|10052196|1|115|77.8689|2022-10-24|2024-04-11
908799|6556|10052371|1|114|95.0000|2022-08-08|2024-10-19
908823|13837|10052411|1|114|150.8197|2022-10-13|2024-02-10
909527|23233|10052422|1|114|155.7377|2022-05-06|2024-10-26
909938|17325|10052424|1|14|190.0000|2022-08-05|2024-06-02
910749|9586|10052654|1|14|450.8197|2022-09-30|2024-10-07
910956|15221|10052661|1|118|184.4262|2022-06-05|2024-03-30
911325|14588|10052835|1|126|199.1667|2022-01-04|2023-10-20
911783|14592|10052836|1|127|413.0000|2022-10-17|2024-10-01
911784|14592|10052837|1|127|413.0000|2022-10-17|2024-10-01
911843|17399|10052850|1|115|78.2609|2023-01-08|2024-10-26
911937|7901|10052854|1|131|299.1803|2023-05-27|2024-05-18
912375|7905|10053087|1|115|352.4590|2023-04-19|2023-12-22
912426|14520|10053089|1|115|131.1475|2022-04-08|2024-04-06
912690|17432|10053097|1|118|290.0000|2023-06-24|2024-10-29
913110|23366|10053118|1|14|59.0164|2023-03-25|2024-08-13
913116|8865|10053122|1|127|172.1311|2022-08-12|2024-07-11
914144|17480|10053226|1|115|226.0870|2023-04-22|2024-02-04
914410|23405|10053380|1|116|286.8852|2022-01-24|2024-09-16
914419|19126|10053671|1|131|135.2459|2022-04-19|2023-10-12
914432|17416|10053686|1|14|669.1667|2022-08-16|2023-11-10
914448|11476|10053687|1|14|183.8211|2022-05-14|2024-06-09
914704|15276|10053723|1|126|139.3443|2022-11-07|2023-12-28
915879|11500|10053749|1|14|487.8049|2022-04-11|2024-10-26
917080|13926|10053852|1|111|317.0000|2023-01-26|2023-07-06
917980|17456|10053876|1|116|628.3333|2022-09-12|2024-04-08
918661|23542|10054192|1|127|767.3025|2022-06-18|2024-09-17
918723|23543|10054405|1|118|184.2125|2022-11-12|2023-10-28
919864|23589|10054673|1|111|270.0000|2022-07-26|2024-01-07
919932|19506|10054676|1|125|235.0000|2023-06-13|2024-02-07
920309|19514|10054731|1|127|262.0000|2022-02-23|2023-11-12
922595|23676|10054912|1|118|257.8136|2022-12-19|2023-11-27
923356|19558|10055020|1|114|145.0000|2022-07-06|2024-03-14
923691|23699|10055090|1|114|155.7377|2022-04-12|2024-05-04
924242|23712|10055122|1|112|157.7868|2022-12-11|2024-08-24
924705|23763|10055186|1|125|87.9098|2022-12-29|2024-02-17
924706|23763|10055385|1|115|132.9918|2022-12-29|2024-02-17
924857|14922|10055399|1|14|383.6065|2022-09-08|2023-07-23
924858|14922|10055404|1|14|383.6065|2022-09-08|2023-07-23
925067|23816|10055451|1|14|341.3934|2022-09-10|2024-04-10
925766|23903|10055464|1|127|610.0249|2022-04-20|2024-04-05
925923|23921|10055467|1|114|112.7049|2023-05-14|2024-01-30
926056|23937|10055481|1|14|105.9426|2022-08-16|2023-07-03
926145|23949|10055508|1|114|153.2786|2023-01-29|2023-07-07
926243|23959|10055670|1|14|232.0000|2023-05-11|2024-10-21
926516|15050|10055951|1|14|737.2950|2023-02-02|2024-07-26
926553|15054|10055966|1|114|149.1803|2022-03-06|2023-11-12
926602|11655|10055987|1|142|93.9024|2022-01-14|2024-03-13
926667|15059|10055989|1|115|95.9016|2022-11-29|2024-03-12
927092|17933|10056012|1|115|177.3913|2023-05-09|2024-06-15
927221|11273|10056146|1|127|338.0260|2023-01-01|2024-11-03
927256|24075|10056158|1|115|58.6065|2022-04-13|2024-01-09
927949|24136|10056199|1|14|109.0163|2023-05-07|2024-04-16
928017|17541|10056204|1|125|173.2500|2022-07-20|2024-06-30
928052|24148|10056288|1|114|281.7623|2023-04-06|2024-06-09
928066|24152|10056290|1|14|94.6721|2023-01-23|2023-08-15
928202|19588|10056297|1|146|75.0000|2022-06-04|2024-10-22
928307|15179|10056300|1|14|737.7049|2023-05-06|2024-06-06
928370|15183|10056301|1|114|78.6885|2023-03-03|2024-04-01
928371|15183|10056302|1|114|61.4754|2023-03-03|2024-04-01
928455|24199|10056304|1|14|682.7868|2022-12-16|2023-08-06
928550|19239|10056306|1|115|75.0000|2023-01-09|2024-08-05
928797|24247|10056307|1|114|56.3524|2023-04-25|2024-11-24
928798|24247|10056308|1|114|56.3524|2023-04-25|2024-11-24
928892|24267|10056309|1|114|99.1803|2022-11-07|2023-09-09
929033|10715|10056311|1|118|211.9671|2023-02-08|2024-03-11
929145|24293|10056314|1|14|875.0000|2023-04-17|2024-10-30
929148|24294|10056315|1|111|132.9918|2023-04-11|2023-07-10
929678|15423|10056341|1|114|50.4918|2023-06-15|2024-08-09
929772|24364|10056353|1|127|155.5327|2023-06-21|2024-12-07
929784|18060|10056382|1|115|178.2609|2023-03-11|2024-10-15
929966|17545|10056502|1|114|1019.1667|2023-01-09|2024-12-28
930005|24381|10056597|1|114|190.6967|2022-09-27|2024-05-26
930758|6320|10056646|1|115|233.6066|2022-07-06|2024-02-13
930877|24468|10056703|1|111|179.4262|2022-06-24|2023-07-08
931071|24490|10056934|1|14|875.0000|2022-08-23|2024-08-05
931141|24499|10056935|1|14|602.4589|2023-02-14|2024-10-21
931325|24518|10056948|1|14|94.6721|2022-03-02|2023-07-22
931326|24518|10056949|1|114|40.5737|2022-03-02|2023-07-22
931631|24548|10057315|1|114|122.9508|2023-01-06|2023-07-01
931704|24554|10057319|1|129|516.1885|2023-06-29|2024-10-01
931849|24566|10057675|1|126|202.8688|2023-01-11|2024-11-17
931864|18160|10057681|1|114|118.6956|2022-03-05|2023-08-18
931919|4842|10057720|1|115|116.5289|2022-01-22|2024-08-25
931936|24576|10057766|1|14|415.9836|2022-01-08|2024-01-04
931951|14115|10057811|1|114|335.6557|2022-06-28|2024-09-05
932094|24593|10057844|1|114|67.6229|2022-06-30|2023-08-23
932401|14131|10057857|1|114|105.0000|2022-03-14|2024-01-22
932454|24631|10057860|1|14|126.2295|2023-01-14|2024-02-18
933208|19263|10057866|1|127|152.0491|2023-03-08|2024-01-20
933366|24703|10057870|1|114|63.1147|2022-06-14|2024-01-03
933420|24709|10057871|1|126|265.9836|2023-02-01|2023-09-15
933553|24724|10057879|1|121|214.1393|2023-01-09|2024-09-10
933680|24733|10057881|1|114|163.9344|2023-02-08|2024-03-21
933759|24738|10057882|1|111|132.9918|2022-06-17|2023-08-03
934130|24764|10057883|1|114|90.1639|2023-01-29|2024-02-13
935048|24844|10057890|1|14|247.9508|2023-05-06|2024-02-16
935705|14190|10057909|1|115|94.6721|2022-05-03|2023-12-10
935772|24899|10057914|1|114|132.9918|2022-07-19|2023-10-09
935905|18347|10057917|1|14|355.0832|2022-12-11|2024-11-27
936106|24944|10058457|1|111|202.8688|2022-12-20|2024-08-30
936107|24944|10058479|1|111|202.8688|2022-12-20|2024-08-30
936109|24944|10058525|1|111|202.8688|2022-12-20|2024-08-30
936133|6702|10058563|1|115|186.0656|2022-05-18|2024-03-31
936134|6702|10058737|1|115|162.2951|2022-05-18|2024-03-31
936166|15628|10058747|1|115|134.8361|2022-08-04|2024-01-16
936229|24956|10058831|1|14|173.5655|2022-05-25|2024-04-09
936230|24956|10058849|1|14|202.8688|2022-05-25|2024-04-09
936265|24958|10058862|1|111|171.3114|2022-09-30|2023-10-09
936582|18370|10058940|1|118|305.8698|2022-01-14|2023-08-13
936583|18370|10059057|1|114|70.0000|2022-01-14|2023-08-13
936729|18379|10059127|1|114|313.4782|2023-04-30|2024-01-06
936861|25012|10059405|1|118|104.1393|2022-02-09|2023-07-19
936862|25012|10059407|1|118|139.3032|2022-02-09|2023-07-19
936863|25012|10059416|1|114|121.1892|2022-02-09|2023-07-19
936984|25026|10059439|1|115|249.7541|2023-06-23|2024-04-02
937123|25038|10059574|1|125|87.9098|2023-03-13|2024-11-03
937217|17576|10059581|1|14|1048.0000|2022-12-06|2024-03-13
937591|14215|10059583|1|118|238.1147|2022-05-28|2024-07-31
937866|25102|10059592|1|122|86.0655|2022-01-28|2023-11-29
938018|25122|10059595|1|114|112.7049|2023-01-28|2023-12-21
938019|25122|10059691|1|114|132.9918|2023-01-28|2023-12-21
938227|25144|10059916|1|14|456.1475|2023-02-16|2024-11-09
938257|25148|10059963|1|14|126.2295|2022-08-24|2024-11-13
938423|19647|10060084|1|115|165.0000|2022-07-29|2024-12-22
938714|25200|10060094|1|114|57.2541|2023-05-19|2024-12-20
938861|25223|10060125|1|14|202.8688|2022-08-29|2024-05-16
939118|14231|10060141|1|127|148.0622|2022-12-28|2024-04-17
939178|25253|10060143|1|111|163.5246|2022-03-27|2024-09-24
939318|25271|10060183|1|127|151.9262|2023-02-22|2023-12-04
939842|25314|10060230|1|14|395.9016|2023-03-31|2024-06-19
941401|25439|10060305|1|14|31.1475|2022-10-11|2024-10-20
941730|18589|10060341|1|114|258.6956|2023-01-04|2024-06-05
941978|25499|10060436|1|116|157.7868|2022-06-12|2023-11-23
943155|16011|10060456|1|114|65.5737|2023-06-21|2023-12-06
943526|11888|10060457|1|111|409.0000|2022-04-07|2023-08-24
943741|9099|10060459|1|129|245.0000|2022-09-11|2024-02-02
944334|25713|10060689|1|131|247.9508|2022-06-07|2023-12-22
944790|19679|10060703|1|146|159.9500|2023-02-24|2023-12-11
944883|25758|10060705|1|114|178.0737|2022-08-06|2024-02-08
945018|25770|10060721|1|127|156.6579|2022-01-28|2024-09-04
945049|18751|10060774|1|127|132.2064|2022-12-15|2023-08-21
945050|18751|10061020|1|127|132.2064|2022-12-15|2023-08-21
945408|25794|10061257|1|111|162.2951|2022-10-06|2023-09-05
945858|10095|10061274|1|127|373.4621|2022-02-18|2024-04-14
945886|25839|10061275|1|114|244.7862|2023-04-26|2023-11-07
945887|25839|10061310|1|114|262.8442|2023-04-26|2023-11-07
945888|25839|10061447|1|114|248.7991|2023-04-26|2023-11-07
945889|25839|10061455|1|117|300.9666|2023-04-26|2023-11-07
945890|25839|10061488|1|114|254.8184|2023-04-26|2023-11-07
946123|25853|10061538|1|116|94.6721|2022-04-29|2023-11-12
946349|25871|10061729|1|127|270.8699|2023-02-15|2023-07-06
946588|9271|10061794|1|14|1375.9331|2022-10-05|2024-11-19
947224|25941|10061812|1|114|91.8032|2022-02-22|2024-11-02
947225|25941|10061813|1|114|89.5082|2022-02-22|2024-11-02
947226|25941|10061815|1|114|89.5082|2022-02-22|2024-11-02
947640|25974|10061930|1|114|56.3524|2022-04-11|2024-05-24
947641|25974|10062072|1|114|78.8934|2022-04-11|2024-05-24
947642|25974|10062144|1|114|56.3524|2022-04-11|2024-05-24
947720|25981|10062230|1|114|78.8934|2023-04-21|2024-12-21
947950|16244|10062247|1|114|149.1803|2022-03-20|2023-10-20
948005|25995|10062266|1|14|831.9672|2022-07-08|2023-11-02
948137|26006|10062282|1|114|92.9508|2022-01-22|2023-08-10
948611|16275|10062589|1|114|60.2459|2023-05-06|2023-10-10
948972|18926|10062602|1|14|143.0434|2022-10-27|2024-01-18
948988|26074|10062604|1|127|99.6311|2022-01-31|2024-08-29
949155|10149|10062633|1|118|175.0000|2022-09-30|2024-01-16
949552|10153|10062684|1|122|157.0999|2022-03-18|2023-08-26
949658|16344|10062685|1|14|434.4262|2023-06-15|2023-12-10
949663|26143|10062834|1|14|40.5737|2022-09-09|2023-08-06
949956|17668|10062878|1|146|734.0000|2022-10-08|2023-09-25
951349|9334|10062916|1|126|430.3278|2022-02-08|2023-12-08
952089|26325|10062973|1|14|570.9016|2023-05-25|2024-07-06
952091|16456|10063054|1|114|37.2950|2022-02-24|2024-03-18
952353|16463|10063083|1|114|91.8032|2022-11-22|2024-11-18
952555|26356|10063256|1|129|311.0655|2023-01-14|2023-11-06
952689|19740|10063313|1|114|112.0000|2022-03-07|2024-08-10
952859|26378|10063456|1|14|226.6393|2023-02-23|2024-11-15
953379|12070|10063674|1|14|330.0717|2022-10-14|2024-04-23
953474|16516|10063676|1|114|214.0163|2022-08-06|2023-07-07
953475|16516|10063678|1|14|56.5573|2022-08-06|2023-07-07
953507|12078|10063681|1|127|463.0000|2022-04-04|2023-12-09
953706|26446|10063694|1|114|116.0000|2022-06-09|2023-09-03
953822|16532|10063710|1|118|159.8360|2022-03-11|2024-01-07
953823|16532|10063724|1|118|167.2131|2022-03-11|2024-01-07
954262|6326|10063744|1|115|122.9508|2022-02-14|2024-06-08
954421|26486|10063749|1|114|56.3524|2023-05-21|2024-04-26
954425|12095|10063750|1|14|110.5691|2022-03-16|2024-04-21
956635|26645|10064012|1|14|803.2787|2022-11-02|2023-07-22
957139|16659|10064154|1|14|970.1965|2022-02-08|2024-07-14
957610|12140|10064177|1|14|172.3577|2022-10-29|2023-09-03
957686|19220|10064256|1|127|354.1948|2023-02-26|2024-08-04
957938|15696|10064312|1|114|106.2295|2023-02-24|2024-08-01
957988|19237|10064320|1|127|369.0001|2023-01-15|2024-10-18
958033|26743|10064355|1|111|175.0413|2022-01-11|2024-10-07
958207|26752|10064490|1|14|119.3442|2022-03-17|2024-10-29
958767|16740|10065032|1|115|65.9836|2023-01-18|2024-12-26
960330|16808|10065366|1|14|923.7704|2023-05-03|2024-10-08
960567|16817|10065423|1|114|60.2459|2022-06-02|2024-12-26
960810|19336|10065437|1|118|129.8283|2022-07-22|2023-12-11
961785|15733|10065445|1|14|1303.2787|2022-02-23|2023-09-13
961958|26977|10065449|1|14|338.1147|2022-09-18|2023-08-05
962193|26994|10065495|1|14|745.9016|2022-03-24|2024-03-03
962242|8702|10065542|1|127|763.8417|2023-05-22|2023-11-04
962538|4698|10065625|1|126|625.0000|2022-04-24|2023-07-30
962646|19392|10065644|1|114|258.6956|2023-02-03|2024-11-13
962927|19839|10065688|1|115|141.0000|2023-02-03|2024-05-01
962928|19839|10065692|1|115|141.0000|2023-02-03|2024-05-01
963043|19416|10065696|1|114|158.2609|2022-08-16|2024-07-23
963475|27075|10065699|1|14|187.0901|2023-05-26|2024-11-15
963818|27101|10065707|1|114|202.8688|2022-02-19|2024-12-25
963820|27101|10065711|1|118|139.1803|2022-02-19|2024-12-25
964281|16973|10065716|1|115|68.8524|2022-09-05|2024-10-13
964356|27133|10065718|1|114|110.9408|2022-08-23|2024-01-28
965139|19853|10065854|1|14|72.0000|2022-12-03|2023-09-27
965692|10422|10065923|1|114|114.7540|2023-04-10|2023-10-30
965922|27263|10065997|1|14|570.9016|2022-05-11|2023-09-26
966134|27273|10066006|1|14|1204.9180|2022-06-03|2023-08-09
966179|27280|10066118|1|114|37.4180|2023-03-09|2023-08-14
966901|19484|10066126|1|118|263.2000|2022-01-15|2024-05-30
967297|27357|10066239|1|111|266.3934|2022-04-29|2024-02-17
967752|17119|10066259|1|111|450.8197|2022-06-27|2024-03-16
968220|15801|10066296|1|114|119.3442|2022-08-03|2024-10-01
968469|19597|10066301|1|125|166.9565|2023-03-25|2024-06-16
968470|19597|10066308|1|115|41.7391|2023-03-25|2024-06-16
968476|27432|10066309|1|114|59.5081|2022-01-14|2023-11-05
968565|12399|10066314|1|14|967.4797|2022-02-20|2024-08-13
968676|19601|10066338|1|115|36.5217|2022-08-27|2024-04-08
968677|17164|10066356|1|115|65.9836|2022-03-25|2023-08-11
968678|17164|10066414|1|115|68.8524|2022-03-25|2023-08-11
968686|14654|10066674|1|111|55.0000|2022-03-03|2024-12-09
968702|27442|10066675|1|14|946.7213|2023-01-17|2024-03-15
968749|15807|10066758|1|14|32.7868|2022-09-04|2024-07-16
968844|17173|10066764|1|114|83.1147|2023-01-28|2024-09-21
968923|27460|10066768|1|125|87.9098|2022-08-13|2023-07-19
969285|27474|10066797|1|111|152.0491|2023-06-06|2023-08-12
969286|27474|10066810|1|111|157.7868|2023-06-06|2023-08-12
969464|19632|10066911|1|118|129.0000|2022-09-01|2023-12-25
969582|8823|10066925|1|14|258.1967|2022-06-05|2024-04-29
969588|19892|10066937|1|14|55.0000|2022-10-26|2023-09-02
969653|27494|10067323|1|14|31.1475|2023-03-02|2024-09-29
969726|27498|10067357|1|14|39.3443|2023-01-18|2023-11-05
969727|27498|10067434|1|14|39.3443|2023-01-18|2023-11-05
969740|19643|10067454|1|126|328.6956|2022-05-01|2023-12-15
969789|19644|10067490|1|115|187.8261|2022-08-25|2024-04-09
970600|27560|10067706|1|14|912.2950|2022-11-07|2024-05-26
970658|27564|10067713|1|127|629.3442|2022-04-07|2024-03-12
970826|27574|10067718|1|14|450.4098|2023-05-29|2024-08-23
970921|17265|10067847|1|118|140.1639|2022-10-14|2024-03-19
971316|27608|10067910|1|131|362.9098|2022-12-04|2023-08-08
971498|19687|10068082|1|126|600.0000|2022-08-31|2023-08-12
971854|27639|10068202|1|14|475.4098|2023-03-22|2024-02-11
972013|17313|10068211|1|111|152.0491|2022-07-23|2024-08-05
972325|17323|10068228|1|115|169.2623|2022-07-13|2024-07-26
972385|19707|10068230|1|127|130.8695|2022-01-02|2024-06-03
972424|27667|10068273|1|111|178.0737|2023-02-11|2024-01-20
972711|19719|10068300|1|14|133.0000|2022-11-09|2023-09-25
972857|17356|10068316|1|127|540.0000|2022-01-03|2023-07-02
973078|17385|10068328|1|14|492.2500|2023-02-17|2024-12-18
973079|17385|10068339|1|115|239.2500|2023-02-17|2024-12-18
973217|17394|10068347|1|14|725.8196|2023-06-25|2024-11-08
973349|11519|10068368|1|118|157.9917|2022-08-08|2024-02-22
973350|11519|10068370|1|118|157.9917|2022-08-08|2024-02-22
973354|27732|10068376|1|14|30.0000|2022-10-13|2024-03-23
973355|27733|10068383|1|14|30.0000|2022-11-26|2023-08-15
973433|27740|10068400|1|14|395.9016|2022-06-27|2024-04-20
973579|27752|10068405|1|114|378.6885|2023-02-28|2024-01-19
973706|27765|10068406|1|127|261.8000|2022-01-12|2024-06-27
974135|11535|10068414|1|14|396.9262|2023-02-27|2023-09-09
974374|27809|10068417|1|114|58.6065|2023-01-02|2024-10-04
974440|17477|10068418|1|14|500.0000|2022-06-11|2024-08-15
974441|17477|10068419|1|118|165.0000|2022-06-11|2024-08-15
974683|17494|10068600|1|118|78.7500|2023-01-11|2024-07-15
974890|19789|10068714|1|14|219.3952|2022-04-10|2024-03-25
975120|4588|10068725|1|114|126.2295|2022-07-27|2024-03-27
975176|27867|10068728|1|122|217.2131|2022-09-29|2024-08-15
975320|19800|10068808|1|114|234.7825|2022-02-10|2024-08-16
975392|27883|10068994|1|114|85.6557|2022-01-07|2024-05-28
975765|17539|10069115|1|115|215.0000|2022-11-27|2024-05-08
975907|27928|10069129|1|126|128.4836|2022-10-22|2023-09-06
975985|17914|10069185|1|127|235.0833|2022-01-21|2023-09-28
976002|17554|10069187|1|127|297.0645|2023-01-11|2023-10-10
976086|19825|10069195|1|126|200.0000|2023-02-10|2024-03-04
976299|10350|10069200|1|116|122.9508|2023-06-14|2024-02-13
976600|14737|10069204|1|14|277.1311|2023-01-03|2024-01-10
976963|11889|10069216|1|114|66.6667|2022-03-08|2023-12-11
977013|19551|10069223|1|114|78.6885|2022-07-08|2023-07-24
977602|28031|10069292|1|111|212.2950|2023-03-19|2024-03-19
977615|28032|10069328|1|126|268.2376|2023-01-21|2023-09-09
978057|28064|10069598|1|114|33.0000|2023-04-15|2024-07-16
978129|28074|10069639|1|114|49.5000|2022-06-02|2024-03-12
978131|28074|10069657|1|118|121.5500|2022-06-02|2024-03-12
978855|28120|10070126|1|127|272.2500|2022-09-01|2024-02-19
978927|28129|10070268|1|114|88.9344|2023-05-23|2024-12-18
979341|28156|10070457|1|14|82.0491|2022-04-04|2023-08-13
979499|28162|10070459|1|14|18.0327|2022-09-13|2023-07-08
979500|28162|10070460|1|14|18.0327|2022-09-13|2023-07-08
979501|28162|10070462|1|14|18.0327|2022-09-13|2023-07-08
979660|17748|10070465|1|127|69.7131|2023-05-31|2024-10-07
979661|17748|10070477|1|127|78.8934|2023-05-31|2024-10-07
979968|12172|10070481|1|111|266.0000|2022-08-24|2024-12-17
980131|19963|10070502|1|114|122.5000|2023-03-28|2024-06-09
980200|17803|10070507|1|114|47.2500|2022-08-18|2024-09-07
980664|14779|10070970|1|118|206.5574|2022-03-18|2023-11-03
981133|28233|10071130|1|127|84.3032|2023-04-16|2024-11-13
981814|28269|10071273|1|121|169.0573|2022-02-23|2023-07-30
981904|17966|10071274|1|127|336.5833|2022-11-07|2024-02-26
981905|17966|10071277|1|127|843.5000|2022-11-07|2024-02-26
982293|28297|10071289|1|117|112.2541|2022-12-25|2024-07-30
982294|28297|10071293|1|118|104.1393|2022-12-25|2024-07-30
982295|28297|10071296|1|121|87.4590|2022-12-25|2024-07-30
982934|7471|10071308|1|127|177.0492|2023-06-28|2024-10-08
983331|28365|10071316|1|14|143.4426|2022-03-28|2023-07-14
983482|15926|10071325|1|114|88.5245|2023-03-19|2023-09-28
983657|28385|10071408|1|114|144.2056|2022-01-11|2023-07-26
983732|18071|10071551|1|114|72.1311|2023-05-05|2023-07-28
984055|9783|10071553|1|127|559.4262|2022-12-03|2023-08-08
984184|28412|10071578|1|14|39.3443|2023-04-11|2024-03-28
984185|28412|10071582|1|14|39.3443|2023-04-11|2024-03-28
984186|28412|10071584|1|14|39.3443|2023-04-11|2024-03-28
984188|28412|10071604|1|14|39.3443|2023-04-11|2024-03-28
984189|28412|10071644|1|14|39.3443|2023-04-11|2024-03-28
984190|28412|10071654|1|14|39.3443|2023-04-11|2024-03-28
984191|28412|10071682|1|14|39.3443|2023-04-11|2024-03-28
984193|28412|10071718|1|14|39.3443|2023-04-11|2024-03-28
984198|28412|10071817|1|14|31.1475|2023-04-11|2024-03-28
984201|28412|10071988|1|14|43.4426|2023-04-11|2024-03-28
984202|28412|10072115|1|14|31.1475|2023-04-11|2024-03-28
984203|28412|10072116|1|14|39.3443|2023-04-11|2024-03-28
985270|28481|10072591|1|125|94.6721|2023-01-22|2024-11-13
986190|4299|10072759|1|14|236.0000|2022-04-21|2024-12-14
986331|18233|10072781|1|14|945.0000|2022-02-26|2024-10-13
986351|8069|10072927|1|118|124.5901|2023-03-10|2023-11-02
986523|28558|10072928|1|14|131.9672|2022-01-24|2023-11-07
986694|28568|10072943|1|127|162.2951|2023-05-20|2023-07-13
986696|28569|10072947|1|111|132.9918|2022-02-17|2023-10-03
986697|28569|10072951|1|111|170.9836|2022-02-17|2023-10-03
986782|18260|10072991|1|114|132.9918|2022-04-17|2023-12-13
987386|18307|10073186|1|114|132.7869|2022-04-21|2023-08-03
987387|18307|10073340|1|114|117.9864|2022-04-21|2023-08-03
987938|20219|10073398|1|114|245.0000|2022-10-06|2023-12-07
988068|28630|10073410|1|118|178.7500|2023-05-18|2024-09-20
988070|28630|10073412|1|118|162.2500|2023-05-18|2024-09-20
988071|28630|10073416|1|117|162.2500|2023-05-18|2024-09-20
988101|18341|10073420|1|118|73.7704|2022-06-04|2023-08-13
988188|28638|10073422|1|118|93.0437|2022-01-17|2023-12-15
988326|9829|10073423|1|14|122.9508|2022-09-10|2024-06-10
988405|12740|10073563|1|127|331.2195|2022-05-20|2024-06-25
988541|20240|10073588|1|115|42.0000|2023-03-30|2024-11-23
988543|28660|10073591|1|14|1090.1639|2022-02-25|2024-08-30
988575|28661|10073653|1|14|39.3443|2022-01-16|2024-01-20
988961|18382|10073822|1|14|276.6393|2023-01-31|2024-02-08
989018|28686|10073917|1|127|155.9836|2022-09-01|2023-12-31
989883|28738|10074044|1|114|73.4836|2023-02-26|2024-04-18
990025|18439|10074107|1|127|89.1000|2023-02-14|2024-05-17
990084|20290|10074247|1|131|167.3912|2023-01-14|2023-07-27
990336|14885|10074332|1|14|182.9508|2022-12-22|2024-07-20
990419|20298|10074429|1|114|97.3912|2022-07-18|2024-09-10
990449|11768|10074461|1|14|194.4671|2022-03-22|2024-12-29
990806|18482|10074504|1|14|71.9262|2023-04-19|2024-08-31
990912|28801|10074506|1|14|228.2500|2023-03-07|2024-03-22
990920|20323|10074507|1|14|584.5000|2022-04-28|2024-12-30
991261|28823|10074537|1|14|967.5844|2022-08-09|2024-07-30
991531|20008|10074549|1|115|106.0000|2022-06-05|2024-12-24
992000|28867|10074556|1|14|81.1475|2023-03-23|2024-08-12
992212|28881|10074572|1|114|20.0819|2022-07-10|2023-09-25
992413|12293|10074583|1|114|132.0000|2022-05-31|2024-06-27
992414|12293|10074592|1|114|144.0000|2022-05-31|2024-06-27
992415|12293|10074597|1|114|144.0000|2022-05-31|2024-06-27
992478|28900|10074609|1|111|231.0000|2023-03-02|2023-10-17
992494|20372|10074649|1|114|175.0000|2022-02-09|2024-08-18
992786|12814|10074717|1|14|50.0812|2023-05-16|2024-08-07
992787|12814|10074731|1|14|51.2194|2023-05-16|2024-08-07
993087|20396|10074872|1|127|250.4347|2022-01-05|2024-10-26
993364|28956|10074873|1|14|162.2500|2022-12-16|2024-02-09
993566|28967|10074876|1|133|121.3115|2023-02-24|2024-01-12
993914|18647|10074885|1|114|305.7377|2022-04-01|2023-09-25
994154|20424|10074924|1|115|46.9565|2022-02-10|2024-02-26
994158|29000|10074941|1|127|83.4016|2022-08-07|2024-08-25
994461|10858|10075065|1|118|368.8525|2023-06-18|2023-08-17
994544|14930|10075371|1|115|126.0246|2022-03-13|2024-03-08
994564|29028|10075388|1|111|528.5000|2022-12-03|2024-08-22
994819|6650|10075390|1|127|301.0000|2022-11-15|2024-08-26
994970|29045|10075392|1|114|78.8934|2022-05-14|2023-09-23
995119|29050|10075427|1|114|170.5000|2022-07-09|2023-12-10
995172|16076|10075514|1|127|1356.0000|2022-06-30|2024-07-11
995262|16077|10075695|1|14|102.4180|2022-09-23|2024-06-19
995483|29084|10075697|1|14|109.0163|2023-06-02|2024-03-10
995820|14948|10075850|1|14|274.7540|2022-06-10|2023-08-13
995853|29099|10075862|1|127|127.0492|2022-04-18|2024-02-13
995859|29100|10075900|1|127|586.0655|2023-03-19|2024-08-23
996971|29169|10076185|1|111|161.0000|2022-03-05|2024-03-06
997061|18795|10076201|1|14|1070.6545|2022-07-24|2024-05-12
997128|29183|10076499|1|14|48.0000|2022-05-26|2024-08-21
997238|19695|10076505|1|114|422.1311|2022-07-28|2023-08-22
998455|18862|10076901|1|115|161.9262|2022-03-20|2024-12-14
998737|19704|10076959|1|115|123.3606|2022-12-26|2024-05-19
998792|16112|10076997|1|114|360.0000|2022-08-06|2023-12-13
998849|18880|10077018|1|115|163.9344|2022-05-03|2024-05-07
998953|18884|10077091|1|114|135.0000|2022-07-18|2024-02-25
998992|20557|10077116|1|14|125.0000|2023-03-16|2024-04-03
999239|29308|10077135|1|127|448.5655|2023-01-18|2024-12-29
999240|29308|10077139|1|127|448.5655|2023-01-18|2024-12-29
999424|18912|10077291|1|114|117.2131|2023-05-22|2024-08-05
999583|29330|10077300|1|14|1386.0000|2022-01-18|2024-11-01
999719|9316|10077315|1|118|245.9016|2023-05-08|2024-07-09
999812|20573|10077318|1|114|161.3043|2022-09-07|2024-04-18
999922|18108|10077324|1|14|405.0000|2022-11-17|2023-10-19
999947|29354|10077327|1|118|523.6000|2023-06-01|2023-08-09
1001777|19014|10077671|1|115|86.6803|2023-06-08|2024-03-10
1002927|29563|10078199|1|14|39.3443|2023-03-18|2024-07-23
1002987|14840|10078217|1|115|70.8333|2022-10-12|2024-07-15
1003294|29593|10078226|1|121|229.7146|2022-08-24|2024-06-03
1003331|20683|10078228|1|14|256.5217|2022-05-08|2023-10-18
1003333|20683|10078258|1|14|286.9565|2022-05-08|2023-10-18
1004461|9982|10078583|1|115|877.0492|2022-06-17|2024-11-05
1004463|29680|10078650|1|115|574.8618|2022-10-12|2024-02-24
1004504|29684|10078668|1|133|121.3115|2022-05-05|2024-09-14
1005118|19166|10079005|1|118|634.3094|2022-09-19|2023-08-06
1006744|16199|10079328|1|126|147.5410|2023-01-22|2023-12-30
1006780|19763|10079356|1|118|172.4717|2022-09-13|2024-01-18
1007148|29855|10079508|1|14|132.9918|2023-03-02|2024-05-11
1007536|29884|10079958|1|116|90.7500|2023-06-19|2023-07-15
1007800|29899|10079967|1|125|286.8852|2023-04-08|2023-08-25
1008073|29920|10080083|1|111|159.5000|2022-03-21|2024-03-02
1008193|29932|10080123|1|14|605.0000|2022-01-30|2024-12-02
1008555|29952|10080318|1|14|157.7868|2022-11-18|2024-05-09
1009519|13157|10080517|1|127|110.9756|2022-09-05|2024-12-05
1009646|19333|10080541|1|14|899.7345|2023-01-20|2024-05-21
1010229|20866|10080598|1|14|223.0022|2022-08-16|2023-12-01
1010275|13183|10080618|1|14|1049.0000|2023-02-12|2023-12-02
1010528|19372|10080675|1|14|70.0000|2023-06-13|2023-11-05
1010635|15122|10080705|1|114|301.6393|2022-12-15|2023-07-21
1010636|15122|10080708|1|114|204.9180|2022-12-15|2023-07-21
1010714|12178|10080710|1|14|201.3934|2022-04-04|2023-07-17
1011121|13203|10080802|1|115|920.0000|2023-01-19|2024-04-19
1011219|30135|10080820|1|14|63.1147|2022-07-10|2024-06-08
1012372|20940|10081267|1|114|98.5910|2023-02-23|2024-02-21
1012647|11135|10081327|1|112|170.9836|2022-01-26|2024-10-15
1012848|19462|10081359|1|111|203.5000|2022-12-20|2024-06-30
1013376|20973|10081665|1|118|187.3968|2022-11-28|2023-10-14
1013606|15154|10081702|1|114|195.0000|2022-09-17|2023-07-31
1016681|21069|10082510|1|115|149.1304|2022-05-23|2024-01-28
1016686|10090|10082531|1|115|901.6393|2023-04-18|2024-06-18
1018215|13343|10082836|1|118|186.9919|2022-04-20|2024-12-11
1018745|19677|10082980|1|146|60.5000|2022-05-15|2024-01-08
1020451|15230|10083527|1|131|319.6721|2023-03-02|2024-02-04
1020489|21174|10083549|1|114|154.0000|2022-03-22|2024-03-28
1020684|15236|10083550|1|118|226.6393|2022-11-13|2023-10-22
1021427|21198|10083654|1|118|223.7451|2023-03-13|2023-09-07
1022241|13445|10083683|1|127|166.6667|2023-03-25|2024-10-16
1023161|21236|10083726|1|118|175.3974|2023-04-11|2024-02-19
1023591|19918|10083811|1|114|303.2787|2022-06-01|2024-05-26
1023600|13470|10083876|1|114|144.0000|2023-04-11|2024-02-06
1023644|16366|10084026|1|115|241.8033|2023-04-14|2024-02-13
1023755|21252|10084042|1|117|1278.2609|2023-04-15|2024-08-29
1024257|12528|10084253|1|116|105.0000|2022-04-11|2024-09-30
1024426|21272|10084276|1|127|190.4347|2022-02-25|2023-08-07
1025403|15292|10084919|1|14|453.2787|2022-08-14|2023-10-21
1025615|15296|10084924|1|118|323.7705|2023-04-19|2024-05-27
1027329|20003|10085190|1|115|81.0000|2023-02-26|2023-07-13
1027542|12453|10085215|1|14|1724.7319|2023-04-20|2023-07-08
1027652|21357|10085218|1|14|143.5000|2022-07-17|2024-12-18
1027653|21357|10085229|1|14|105.0000|2022-07-17|2024-12-18
1028512|13600|10085354|1|114|61.7886|2022-09-26|2024-09-09
1028513|13600|10085443|1|114|43.4959|2022-09-26|2024-09-09
1029503|20076|10085693|1|126|219.4672|2022-01-15|2024-08-14
1030047|13635|10085699|1|118|139.4309|2023-05-28|2024-10-31
1030050|13636|10085703|1|118|162.4106|2022-10-27|2024-08-01
1030176|18377|10085704|1|114|422.5000|2023-03-22|2024-10-03
1030333|15353|10085803|1|122|366.1645|2022-03-04|2023-09-02
1030961|13674|10085852|1|139|150.0000|2022-02-28|2023-09-09
1032855|19986|10086138|1|114|112.8688|2023-02-01|2024-09-03
1033102|20175|10086157|1|114|205.1500|2022-12-26|2024-09-01
1034539|12601|10086257|1|118|275.0000|2022-11-16|2024-07-23
1035459|8527|10086444|1|127|762.2951|2022-05-10|2023-09-04
1035608|16502|10086453|1|118|1213.1147|2023-01-19|2024-05-18
1035687|20247|10086460|1|14|96.7500|2022-01-25|2023-08-14
1035766|18440|10086518|1|14|220.0000|2023-03-05|2023-11-27
1036066|20262|10086531|1|125|100.4098|2022-07-19|2023-08-25
1036371|20273|10086546|1|115|82.9917|2022-07-23|2024-09-10
1036583|12610|10086556|1|14|1483.1967|2022-06-26|2023-10-27
1036623|15035|10086557|1|131|299.2000|2023-03-27|2024-02-07
1037095|12411|10086583|1|14|175.0000|2023-06-10|2024-03-01
1037177|20336|10086634|1|125|88.0000|2022-06-13|2024-02-12
1037205|18456|10086636|1|127|107.3837|2022-08-07|2024-07-29
1038111|21569|10086659|1|114|315.0000|2022-03-29|2024-08-27
1038204|20340|10086673|1|14|72.1311|2023-06-03|2024-10-22
1038584|21577|10086889|1|126|166.9565|2023-04-22|2024-06-14
1038667|20051|10086917|1|114|60.9000|2022-09-19|2023-11-28
1038732|20054|10086939|1|14|139.3443|2023-06-10|2023-09-25
1038795|11136|10087104|1|14|119.8770|2023-05-25|2024-07-31
1039744|12659|10087215|1|131|231.0000|2022-02-02|2024-08-05
1039788|20379|10087236|1|127|296.9262|2023-04-03|2024-08-05
1040045|15464|10087424|1|118|375.4098|2023-01-15|2024-11-12
1040046|11564|10087526|1|118|238.1147|2022-04-26|2024-12-30
1040047|11564|10087541|1|114|109.0163|2022-04-26|2024-12-30
1040073|18487|10087564|1|114|816.0000|2022-06-28|2024-11-07
1040771|12674|10087587|1|14|365.0087|2022-04-01|2024-09-11
1040803|20403|10087591|1|14|651.6393|2022-12-01|2024-09-23
1040940|15469|10087593|1|118|225.4098|2023-03-12|2024-08-23
1041337|16572|10087875|1|14|1044.2623|2022-03-26|2024-11-07
1041536|18501|10087885|1|116|290.0000|2022-07-02|2024-02-19
1041575|13950|10088020|1|14|61.6000|2022-11-03|2024-12-19
1041576|13950|10088022|1|14|61.6000|2022-11-03|2024-12-19
1042228|18505|10088390|1|14|506.5059|2022-09-08|2023-11-13
1042654|20370|10088412|1|146|111.9650|2023-05-29|2023-08-23
1042820|20374|10088419|1|116|99.0000|2022-05-26|2023-07-28
1042821|20374|10088420|1|116|119.0000|2022-05-26|2023-07-28
1042822|20374|10088426|1|116|99.0000|2022-05-26|2023-07-28
1042823|20374|10088455|1|116|93.8000|2022-05-26|2023-07-28
1042824|20374|10088462|1|146|70.0000|2022-05-26|2023-07-28
1043282|12220|10088592|1|114|125.0000|2022-10-14|2024-09-17
1043711|20477|10088771|1|14|212.2950|2023-02-21|2023-10-11
1046443|11636|10088829|1|118|586.8852|2022-05-14|2024-12-10
1046822|12802|10088841|1|14|458.3606|2023-05-23|2023-07-01
1047089|18550|10088869|1|121|382.2000|2023-06-04|2023-12-22
1047475|20128|10088944|1|127|189.3442|2022-06-09|2023-08-16
1048078|20618|10089229|1|118|181.5000|2022-11-29|2024-12-04
1048417|14076|10089264|1|118|106.9105|2023-03-19|2024-06-02
1048418|14076|10089265|1|118|146.3414|2023-03-19|2024-06-02
1048507|15064|10089344|1|127|137.5000|2022-08-08|2023-12-19
1050067|10341|10089696|1|115|169.4000|2022-02-26|2024-05-27
1050136|20688|10089756|1|121|750.0000|2023-02-26|2024-05-02
1050915|20716|10089864|1|115|68.8525|2022-10-21|2024-02-17
1051276|7030|10090122|1|118|1033.3333|2022-03-28|2023-12-15
1052750|12685|10090547|1|14|118.5950|2023-06-05|2024-12-29
1053424|20170|10090647|1|114|135.4098|2023-06-22|2024-11-04
1054214|12694|10090671|1|14|43.3884|2022-04-16|2024-08-19
1054702|7013|10090801|1|115|1213.1148|2023-06-25|2023-08-28
1054841|18603|10090826|1|126|2677.5000|2022-10-21|2024-08-24
1054924|20860|10090839|1|114|180.3279|2022-12-01|2024-08-07
1055821|13052|10090926|1|115|150.4918|2022-07-31|2024-12-24
1056131|16903|10091048|1|118|253.8933|2022-12-25|2024-08-05
1056559|21869|10091081|1|118|203.9130|2022-02-16|2024-06-23
1057296|15713|10091105|1|14|96.9672|2022-04-18|2024-06-24
1058645|14291|10091308|1|14|609.2683|2023-02-01|2024-07-13
1059564|21012|10091648|1|111|292.6229|2022-01-05|2024-08-24
1060189|21042|10091728|1|14|77.4589|2022-09-26|2023-08-14
1060615|11867|10091943|1|127|204.7131|2023-05-03|2023-09-22
1060991|21067|10092005|1|115|65.5737|2022-09-26|2024-11-15
1062097|15786|10092547|1|115|286.8852|2022-11-24|2024-09-22
1062514|7920|10092875|1|127|192.0000|2022-10-03|2023-09-05
1062845|21980|10092925|1|14|172.7814|2022-08-07|2024-09-08
1063019|21984|10092935|1|146|1020.0000|2022-07-11|2024-10-18
1063215|21131|10092938|1|114|112.2541|2023-03-30|2023-09-05
1064295|21161|10093116|1|118|92.4000|2023-06-16|2024-05-30
1064457|18687|10093145|1|118|1391.4722|2023-05-11|2024-01-27
1065162|15835|10093191|1|118|199.3632|2023-01-16|2024-07-04
1065164|21186|10093242|1|114|178.0486|2022-11-30|2024-01-31
1065274|15837|10093341|1|115|73.7705|2022-03-19|2024-12-15
1065661|21202|10093517|1|14|1213.1148|2022-07-29|2023-08-19
1066032|22030|10093526|1|111|262.5000|2022-09-08|2024-01-02
1067081|17112|10093689|1|114|187.0000|2023-02-03|2024-08-28
1067221|14474|10093744|1|112|383.7398|2022-04-14|2024-07-27
1067535|14490|10093780|1|127|177.2358|2022-02-09|2024-07-04
1069195|21329|10093888|1|127|879.7861|2022-04-26|2023-11-25
1069220|21331|10093890|1|14|323.7705|2022-03-17|2023-12-07
1069361|20291|10093913|1|114|335.0000|2023-01-03|2024-09-30
1069727|22101|10093944|1|114|309.0000|2023-03-07|2024-03-07
1069728|22101|10093947|1|114|220.0000|2023-03-07|2024-03-07
1069767|14568|10093950|1|14|455.2846|2022-03-31|2023-12-22
1069786|21353|10093951|1|114|73.7705|2023-06-08|2024-02-09
1070013|14578|10093961|1|14|245.6752|2022-09-26|2024-08-04
1070078|15919|10093981|1|114|133.0000|2022-08-24|2024-01-18
1070186|21366|10094047|1|127|241.8033|2022-01-08|2023-09-11
1071070|22124|10094172|1|142|313.0435|2022-08-06|2023-12-20
1071255|14619|10094396|1|114|210.5691|2022-01-03|2023-07-29
1071507|21400|10094480|1|14|192.0000|2023-03-19|2024-01-01
1071917|21419|10094496|1|146|63.0000|2022-08-23|2023-11-13
1072240|21432|10094544|1|115|95.9016|2022-01-14|2024-07-30
1072255|21433|10094770|1|114|67.6229|2022-09-29|2024-03-01
1072256|21433|10094864|1|114|62.6639|2022-09-29|2024-03-01
1072266|17192|10094867|1|125|117.6229|2022-05-18|2024-02-25
1072433|21441|10094876|1|14|159.8361|2022-04-09|2023-12-10
1072677|12021|10094892|1|115|405.7377|2023-05-09|2024-05-10
1072953|17210|10094894|1|114|127.0492|2022-12-16|2024-09-24
1072954|17210|10094895|1|114|127.0492|2022-12-16|2024-09-24
1072955|17210|10094899|1|114|127.0492|2022-12-16|2024-09-24
1072956|17210|10094918|1|114|127.0492|2022-12-16|2024-09-24
1072957|17210|10094942|1|114|127.0492|2022-12-16|2024-09-24
1073023|21456|10094996|1|114|168.0328|2022-07-20|2024-04-17
1073839|20331|10095061|1|114|133.6066|2023-04-05|2024-11-25
1075740|22202|10095249|1|114|47.8261|2023-05-03|2023-10-10
1075741|22202|10095252|1|114|130.7082|2023-05-03|2023-10-10
1076124|21581|10095295|1|14|140.0000|2022-05-31|2023-10-06
1076158|17271|10095296|1|14|1053.2787|2022-09-22|2024-10-17
1076214|17273|10095351|1|14|795.0000|2023-06-16|2023-07-21
1076299|21588|10095368|1|14|245.9016|2023-04-15|2024-04-07
1076535|11572|10095528|1|127|186.0000|2022-01-08|2023-10-27
1076863|20709|10095574|1|116|191.0000|2022-09-23|2024-08-25
1077242|21624|10095690|1|14|614.7541|2022-01-13|2024-06-30
1077251|14828|10095822|1|14|220.7186|2022-02-26|2024-03-31
1078087|20751|10095852|1|115|205.0000|2022-01-14|2024-08-18
1078151|21656|10095890|1|14|135.0000|2023-06-23|2023-10-20
1078239|14865|10095897|1|114|321.1382|2022-02-12|2024-11-29
1078623|22239|10095902|1|126|339.1304|2022-05-27|2024-06-12
1078816|14888|10095930|1|142|160.9756|2023-01-14|2024-11-08
1079899|21706|10096082|1|114|83.6066|2022-02-26|2023-12-30
1080129|21712|10096125|1|14|450.8197|2023-06-19|2024-05-31
1080247|13545|10096196|1|114|159.8361|2022-03-18|2024-11-28
1080523|10570|10096289|1|111|67.5000|2022-07-05|2023-12-01
1081089|17364|10096315|1|114|180.3279|2022-01-05|2024-11-12
1081166|14952|10096339|1|14|808.9431|2023-02-19|2024-03-01
1081430|20388|10096359|1|114|163.0000|2022-04-17|2023-10-06
1081482|14965|10096379|1|118|69.5934|2022-12-19|2024-09-08
1081609|20870|10096389|1|116|360.0000|2022-12-24|2024-02-06
1081658|21753|10096396|1|121|118.8525|2022-05-23|2024-10-20
1082448|20895|10096428|1|112|50.0000|2023-06-02|2024-01-28
1083879|17413|10096496|1|14|860.6557|2022-12-06|2024-07-24
1085453|22319|10096825|1|115|73.9130|2022-01-25|2024-03-08
1085902|15117|10096938|1|131|86.1788|2023-06-30|2024-01-21
1085903|15117|10096966|1|127|74.1463|2023-06-30|2024-01-21
1085996|21895|10096979|1|131|94.0573|2023-02-08|2024-10-26
1086543|17457|10097010|1|114|77.0000|2022-08-15|2024-06-23
1086751|15143|10097014|1|125|195.1220|2023-03-10|2023-10-04
1086752|15143|10097049|1|115|133.3333|2023-03-10|2023-10-04
1086893|15150|10097070|1|14|50.0812|2023-03-24|2023-11-14
1087238|21032|10097116|1|114|136.0000|2022-10-20|2024-03-08
1087453|21036|10097138|1|112|375.0000|2022-05-05|2024-10-09
1087520|21952|10097147|1|114|131.1475|2023-02-14|2024-06-14
1088517|21063|10097360|1|115|61.5000|2022-01-16|2024-06-19
1088584|21990|10097377|1|127|66.3934|2022-04-06|2024-01-24
1088964|10783|10097521|1|127|595.0000|2023-01-16|2024-10-09
1089721|17543|10097616|1|114|155.0000|2022-04-06|2023-09-23
1091833|16195|10097773|1|127|743.6065|2022-08-19|2024-05-14
1092018|10844|10097775|1|114|118.0327|2023-01-05|2024-06-19
1092373|22419|10097832|1|126|1456.5217|2022-03-03|2023-10-13
1093953|22187|10098008|1|118|123.5655|2022-01-25|2024-11-08
1094157|22450|10098040|1|115|149.1304|2023-03-23|2024-07-07
1094595|15409|10098208|1|14|174.0000|2023-02-06|2024-09-15
1094751|12292|10098241|1|14|209.4262|2022-07-26|2024-12-04
1095054|22213|10098281|1|118|1410.7500|2022-11-25|2024-08-02
1095253|22221|10098344|1|114|135.0000|2023-01-30|2024-11-20
1095257|10930|10098348|1|122|90.3688|2023-03-30|2024-09-06
1095626|22236|10098411|1|121|117.2131|2022-10-10|2024-04-11
1095936|10947|10098435|1|14|65.2869|2022-11-22|2023-12-05
1096498|22275|10098473|1|114|64.5491|2022-06-25|2024-12-10
1096515|22276|10098480|1|114|81.9672|2023-03-10|2023-10-02
1096875|22288|10098515|1|115|106.9672|2022-06-18|2023-10-07
1096985|12338|10098565|1|14|384.0000|2023-03-02|2024-08-05
1097459|15497|10098793|1|146|201.6260|2023-03-05|2024-05-06
1097463|20506|10098794|1|127|247.8688|2022-08-10|2024-09-27
1098073|17622|10098978|1|114|113.9344|2022-04-26|2024-11-15
1099730|22404|10099268|1|126|1450.8196|2023-03-14|2023-09-29
1099790|20533|10099278|1|114|52.4589|2023-01-21|2023-07-02
1101039|10645|10099352|1|14|901.6393|2022-02-08|2023-07-29
1101537|7739|10099414|1|14|260.0000|2022-12-31|2024-08-02
1101691|22561|10099422|1|114|226.0870|2022-12-29|2023-12-23
1101756|12886|10099423|1|14|130.0000|2023-05-22|2024-04-11
1102280|17677|10099450|1|14|168.4869|2022-12-10|2024-12-08
1102367|19130|10099524|1|114|992.8652|2022-10-26|2024-11-11
1102407|22493|10099528|1|115|196.7213|2022-02-17|2023-09-09
1102428|20552|10099529|1|114|180.3279|2023-05-07|2023-07-22
1102588|21232|10099531|1|116|105.0000|2022-08-26|2024-05-30
1102748|13862|10099532|1|118|332.2841|2022-08-13|2024-05-08
1102912|21237|10099604|1|142|175.0000|2022-07-06|2024-10-14
1103166|22511|10099624|1|114|83.6066|2023-04-11|2024-10-11
1103238|22514|10099633|1|114|168.0328|2023-06-15|2024-05-14
1103420|22587|10099638|1|14|326.0870|2022-12-09|2023-12-21
1103577|22592|10099650|1|14|252.1739|2022-06-29|2024-02-21
1103995|17715|10099657|1|131|294.2623|2022-02-28|2024-01-08
1104755|22565|10099800|1|125|247.5000|2023-04-11|2024-08-13
1105023|13908|10099859|1|14|401.2295|2023-06-22|2024-05-24
1105368|17743|10099898|1|111|270.0000|2022-06-17|2023-07-12
1105545|22640|10099908|1|114|198.0000|2023-04-29|2023-09-22
1105546|22640|10099994|1|114|198.0000|2023-04-29|2023-09-22
1105547|22640|10099998|1|114|249.0000|2023-04-29|2023-09-22
1105548|22640|10100001|1|114|249.0000|2023-04-29|2023-09-22
1105835|15749|10100011|1|122|242.2764|2022-09-24|2023-11-24
1106233|15275|10100013|1|127|375.0000|2022-01-14|2023-08-17
1107255|21328|10100108|1|146|70.0000|2023-06-12|2024-08-27
1107458|7884|10100135|1|14|348.3607|2022-08-13|2024-09-21
1108322|7909|10100144|1|114|102.4590|2022-06-21|2023-07-04
1108581|6843|10100146|1|14|263.6364|2022-03-13|2023-09-07
1108663|22671|10100149|1|114|73.7705|2023-02-13|2024-07-14
1108770|22705|10100150|1|115|259.1304|2023-03-18|2024-07-23
1108771|22705|10100162|1|115|39.1304|2023-03-18|2024-07-23
1108772|22705|10100163|1|115|39.1304|2023-03-18|2024-07-23
1109415|21361|10100373|1|114|125.0000|2023-02-16|2024-01-30
1110020|17821|10100416|1|14|241.8033|2023-02-02|2023-10-25
1111048|19256|10100493|1|114|750.0000|2022-07-30|2024-01-30
1111049|19256|10100497|1|126|130.0000|2022-07-30|2024-01-30
1111364|12526|10100547|1|14|233.6066|2022-11-25|2023-12-28
1111376|12527|10100549|1|114|651.6393|2023-04-11|2024-03-22
1114795|16018|10100702|1|14|231.7073|2022-09-23|2024-10-16
1115000|16026|10100731|1|139|121.9512|2023-01-14|2023-12-19
1115293|17917|10100882|1|14|156.3473|2023-02-21|2023-07-14
1115391|21443|10100884|1|115|134.0000|2023-02-07|2024-05-21
1115784|22898|10100888|1|126|696.7213|2022-12-28|2023-11-03
1117989|22893|10100961|1|114|150.0000|2022-02-23|2023-09-15
1118504|22968|10101088|1|14|590.1639|2022-05-23|2024-05-23
1119122|22923|10101217|1|115|404.3478|2023-02-10|2024-09-29
1119658|21472|10101240|1|146|80.0000|2023-06-30|2024-12-24
1120214|22947|10101253|1|14|155.0000|2022-05-26|2023-09-29
1120689|18011|10101378|1|127|202.4590|2023-04-20|2024-10-06
1120804|18013|10101391|1|115|729.5082|2022-06-16|2024-11-12
1120982|19426|10101437|1|14|112.5000|2022-07-22|2024-12-17
1121364|16601|10101445|1|114|266.3934|2022-04-05|2023-10-26
1121505|22972|10101459|1|127|290.0000|2022-09-21|2024-05-27
1121534|16229|10101482|1|127|308.9431|2023-06-07|2024-11-08
1121576|21490|10101504|1|114|82.0000|2023-05-08|2024-12-13
1121646|19433|10101518|1|126|415.8000|2023-01-17|2024-11-24
1121815|21492|10101550|1|115|188.0000|2022-12-13|2023-10-25
1122549|12671|10101735|1|114|468.8525|2022-03-03|2024-07-21
1123592|16625|10101819|1|14|154.0984|2023-06-11|2023-10-03
1124692|12708|10101957|1|111|286.8852|2022-01-02|2023-09-26
1125066|4937|10102114|1|14|73.1707|2023-02-12|2024-11-23
1125079|16332|10102118|1|114|290.0000|2023-06-22|2024-12-21
1125285|16640|10102191|1|118|275.1412|2022-03-24|2024-03-11
1125368|23061|10102285|1|115|326.0870|2022-01-21|2023-12-20
1125975|16367|10102325|1|14|266.6667|2022-02-21|2023-08-16
1126721|8387|10102393|1|121|276.5000|2022-04-15|2024-11-08
1126728|23106|10102406|1|115|104.3478|2022-04-14|2024-06-15
1127394|8316|10102550|1|114|303.2787|2022-04-13|2024-06-22
1129195|21553|10102777|1|114|82.0000|2022-10-02|2023-07-26
1129504|23182|10102835|1|131|373.9130|2022-02-12|2024-02-13
1129785|23195|10102838|1|114|234.7826|2023-06-21|2023-09-06
1129986|23356|10102853|1|127|144.0000|2022-01-20|2023-10-15
1130055|7112|10102907|1|118|354.0000|2022-12-24|2023-11-16
1130085|23205|10102958|1|115|178.2609|2022-04-02|2023-12-16
1130193|19538|10102971|1|14|392.0000|2022-10-11|2024-10-12
1130642|23218|10103016|1|115|313.0435|2022-03-26|2023-11-28
1131054|20763|10103025|1|115|122.1311|2022-09-03|2023-11-13
1131343|23243|10103093|1|127|455.0000|2022-04-20|2024-06-14
1131360|23244|10103105|1|14|150.0000|2022-03-11|2023-10-11
1131686|19554|10103231|1|14|100.0000|2022-09-22|2024-05-29
1131687|19554|10103280|1|14|100.0000|2022-09-22|2024-05-29
1131688|19554|10103283|1|14|100.0000|2022-09-22|2024-05-29
1131706|23412|10103290|1|14|229.2806|2023-06-22|2024-12-31
1132431|23277|10103326|1|115|304.3478|2023-03-24|2024-04-10
1132833|19578|10103426|1|14|658.3333|2022-08-17|2024-08-06
1132888|12816|10103436|1|116|114.7540|2023-03-11|2023-07-22
1133469|21590|10103540|1|146|125.0000|2022-12-10|2024-09-04
1133715|18225|10103571|1|14|65.9836|2022-06-20|2023-12-04
1133878|20794|10103621|1|118|86.6393|2022-01-23|2023-09-27
1133879|20794|10103636|1|118|118.1967|2022-01-23|2023-09-27
1134797|13152|10103691|1|114|125.0000|2022-03-05|2024-10-14
1134836|23355|10103702|1|115|369.5652|2023-05-03|2024-03-05
1135586|13158|10103721|1|115|50.0000|2022-06-21|2023-08-19
1136091|19618|10103748|1|127|7312.5000|2023-02-22|2024-07-20
1136368|20819|10103823|1|14|250.0000|2023-05-15|2024-09-22
1138162|18293|10103998|1|114|73.7705|2022-05-21|2023-09-22
1138859|21645|10104080|1|116|520.0000|2022-05-23|2024-07-06
1138987|23609|10104111|1|127|176.2295|2022-01-07|2023-11-10
1138988|23609|10104116|1|115|162.2951|2022-01-07|2023-11-10
1139180|19663|10104165|1|114|330.3840|2022-02-12|2023-12-04
1139316|21652|10104166|1|125|235.0000|2023-01-02|2023-07-08
1139329|16704|10104183|1|116|53.3333|2022-09-22|2024-04-25
1139344|23618|10104288|1|118|204.9180|2022-09-08|2024-12-31
1140144|16723|10104478|1|114|142.9680|2022-03-03|2024-11-17
1140488|23513|10104508|1|14|108.6957|2023-02-27|2023-07-21
1140730|16736|10104681|1|14|616.2602|2023-02-22|2024-07-18
1141726|20876|10104688|1|118|322.0000|2023-05-17|2024-12-22
1141866|19691|10104689|1|131|2222.5000|2023-04-11|2024-12-07
1141867|19691|10104696|1|127|1568.3333|2023-04-11|2024-12-07
1142275|23561|10104704|1|114|360.0000|2023-06-14|2024-08-02
1142318|21678|10104733|1|116|66.0000|2022-01-28|2023-09-11
1142346|19696|10104764|1|127|1134.0000|2022-12-15|2024-04-14
1142637|21682|10104820|1|146|125.0000|2023-05-30|2023-07-26
1142674|23708|10104823|1|118|195.0000|2023-05-18|2024-05-18
1142727|23574|10104825|1|114|339.1304|2022-07-28|2024-05-19
1143317|18364|10104856|1|131|233.6066|2023-02-21|2024-09-28
1143323|16909|10104865|1|114|133.0000|2023-05-25|2023-12-26
1143434|19716|10104866|1|138|283.5000|2022-05-22|2023-12-24
1143435|19716|10104869|1|138|283.5000|2022-05-22|2023-12-24
1143445|12938|10104874|1|112|307.3770|2023-04-20|2024-06-27
1143476|12939|10104884|1|111|298.0000|2022-08-22|2024-04-15
1144229|23604|10104942|1|115|598.0000|2022-05-31|2024-08-29
1144270|7862|10104961|1|114|55.4166|2022-02-28|2024-06-23
1144456|18385|10104969|1|14|114.7541|2022-02-01|2024-10-30
1144994|16824|10104972|1|114|44.7154|2023-01-06|2024-06-29
1145094|23623|10104984|1|115|130.0000|2023-06-03|2023-11-18
1145223|23775|10104994|1|122|196.7213|2022-04-02|2024-04-26
1147053|14493|10105173|1|114|78.6885|2022-05-11|2024-12-14
1147088|23843|10105197|1|126|690.0000|2023-06-27|2024-03-20
1147144|16869|10105203|1|14|839.8374|2023-06-12|2023-08-24
1148728|13058|10105365|1|115|435.0000|2023-01-04|2023-11-01
1149032|23735|10105557|1|114|198.6730|2022-06-25|2023-07-14
1150415|23767|10105801|1|14|152.1739|2023-02-18|2023-11-05
1150768|23953|10105808|1|111|393.4426|2022-09-16|2023-12-29
1151004|23786|10105813|1|115|313.0435|2023-04-11|2023-08-22
1151043|23787|10105816|1|115|198.6730|2023-04-01|2024-08-18
1151397|23796|10105830|1|115|286.9565|2022-01-20|2024-04-01
1151413|11883|10105843|1|127|426.2295|2023-02-20|2023-11-23
1151686|20979|10105940|1|127|237.7049|2023-05-02|2024-04-01
1151870|23812|10105980|1|126|286.9565|2023-04-15|2024-12-07
1151871|23812|10106011|1|126|286.9565|2023-04-15|2024-12-07
1152009|11894|10106080|1|114|258.1967|2023-02-27|2024-04-30
1152114|18510|10106094|1|127|463.1148|2022-07-28|2024-03-31
1153054|24037|10106115|1|14|614.7541|2022-03-01|2024-02-24
1154267|23869|10106319|1|14|1208.6957|2022-06-03|2024-02-11
1154664|23879|10106400|1|126|295.6522|2022-01-27|2023-10-05
1155552|12960|10106562|1|126|446.7213|2022-01-10|2024-09-25
1155574|12961|10106584|1|126|635.2459|2023-01-23|2024-09-03
1155724|17078|10106609|1|14|114.7541|2022-07-02|2024-12-10
1155999|24111|10106676|1|114|72.9508|2022-01-28|2024-11-29
1156372|24122|10106686|1|118|229.5082|2023-02-21|2023-07-22
1156373|24122|10106703|1|118|229.5082|2023-02-21|2023-07-22
1156374|24122|10106715|1|118|229.5082|2023-02-21|2023-07-22
1156566|18570|10106736|1|114|70.0000|2022-12-08|2023-09-04
1156901|21814|10106784|1|114|112.0000|2023-01-31|2023-07-27
1157064|24145|10106815|1|14|43.4426|2022-03-27|2024-03-20
1157275|24155|10106817|1|115|199.1803|2022-07-31|2024-10-15
1157403|17100|10106851|1|111|300.0000|2022-09-01|2023-11-19
1157728|13122|10106922|1|14|897.5410|2023-06-24|2024-02-12
1157781|18590|10106927|1|114|470.4917|2022-09-23|2024-07-27
1157782|18590|10106960|1|116|94.6721|2022-09-23|2024-07-27
1157800|23951|10106963|1|114|169.5652|2023-05-05|2023-09-03
1158470|24196|10107065|1|118|145.0820|2022-10-12|2023-07-18
1158586|24201|10107070|1|118|405.7377|2023-03-16|2024-02-10
1159006|24219|10107199|1|116|439.8245|2022-08-03|2024-08-04
1159260|18615|10107215|1|114|73.7705|2022-02-11|2024-12-15
1159773|21842|10107322|1|116|238.0000|2023-02-27|2024-02-07
1159999|10445|10107326|1|14|128.0000|2022-06-09|2024-06-09
1160206|21846|10107334|1|114|290.0000|2022-12-16|2024-08-11
1160294|24262|10107387|1|127|286.0000|2022-03-11|2023-08-08
1160544|24030|10107503|1|114|243.4783|2022-10-30|2024-01-01
1160545|24030|10107558|1|114|243.4783|2022-10-30|2024-01-01
1161084|24285|10107769|1|127|365.0000|2023-02-22|2024-02-26
1161863|9653|10107850|1|14|135.5594|2022-09-15|2024-05-18
1162148|13019|10107858|1|115|191.8033|2023-04-04|2024-06-05
1162158|24315|10107879|1|114|450.8197|2022-11-18|2024-04-13
1163242|24346|10108011|1|126|434.4262|2022-02-24|2024-07-19
1165124|24386|10108103|1|115|121.3115|2022-06-18|2024-10-11
1165171|24150|10108135|1|115|369.5652|2022-09-26|2024-01-28
1165246|18692|10108151|1|127|847.0000|2022-04-07|2024-12-24
1165273|15493|10108158|1|14|58.1250|2023-06-23|2024-11-26
1166091|15499|10108163|1|115|366.6667|2022-12-22|2024-12-29
1166127|24173|10108176|1|142|265.2174|2022-12-26|2023-09-10
1166557|20062|10108261|1|114|448.3333|2023-01-23|2024-12-31
1166837|21903|10108285|1|114|470.0000|2022-04-14|2024-07-17
1166964|4631|10108293|1|127|655.7377|2022-05-05|2024-06-07
1167652|24207|10108371|1|115|198.6730|2022-02-24|2024-10-03
1167784|21091|10108437|1|114|173.7705|2022-03-16|2024-01-15
1167825|20075|10108468|1|115|890.0000|2022-12-18|2023-09-07
1167903|7762|10108505|1|14|257.8512|2022-06-02|2023-09-27
1168038|21915|10108525|1|115|72.0000|2022-05-17|2023-07-29
1168713|9165|10108591|1|114|150.0000|2022-09-13|2024-07-21
1168828|24232|10108640|1|126|430.0000|2022-12-13|2023-09-15
1169324|24517|10108655|1|122|368.8525|2022-12-08|2023-08-20
1169559|14899|10108662|1|116|208.5246|2022-07-16|2023-08-05
1169560|14899|10108694|1|116|208.5246|2022-07-16|2023-08-05
1170996|9212|10108932|1|111|94.2623|2022-04-28|2024-06-03
1171121|7817|10108981|1|114|115.7025|2022-05-16|2024-05-12
1171321|21122|10108992|1|127|211.4754|2022-09-09|2024-02-07
1171371|24580|10108998|1|14|307.3770|2022-12-19|2023-07-13
1172133|13294|10109134|1|127|528.6885|2023-01-10|2023-09-05
1172434|18802|10109176|1|114|650.0000|2022-11-14|2024-11-14
1173630|24643|10109360|1|114|352.9423|2023-05-14|2024-01-08
1174141|17485|10109456|1|14|134.1463|2022-10-07|2024-02-25
1175199|12258|10109573|1|14|475.4098|2023-02-23|2023-09-21
1176219|18848|10109815|1|121|143.4426|2023-04-02|2024-09-21
1176261|24727|10109827|1|14|43.4426|2022-05-09|2023-12-16
1176262|24727|10109839|1|14|43.4426|2022-05-09|2023-12-16
1176848|24747|10109936|1|127|333.0000|2022-11-13|2024-04-22
1177173|17563|10109939|1|126|711.3821|2023-01-31|2024-05-07
1177206|17564|10109942|1|14|616.2602|2022-06-28|2024-10-16
1177664|24471|10109949|1|126|320.0000|2022-07-13|2023-12-09
1177775|22001|10109952|1|125|187.0000|2022-08-12|2024-04-10
1178133|15529|10109959|1|112|165.0000|2023-01-27|2024-02-24
1178134|15529|10109983|1|112|165.0000|2023-01-27|2024-02-24
1178254|17360|10110019|1|14|24.5902|2022-10-15|2024-06-22
1178868|24806|10110071|1|114|320.0000|2023-03-08|2024-03-02
1178971|7961|10110081|1|14|2874.3802|2022-08-05|2024-03-01
1178984|24510|10110085|1|14|108.6957|2022-05-02|2024-09-16
1179459|17377|10110114|1|118|391.8033|2023-05-17|2023-12-20
1179681|15129|10110132|1|114|191.8033|2022-07-29|2024-06-12
1179722|15130|10110137|1|114|83.6066|2022-07-01|2024-04-07
1181276|24564|10110219|1|14|38.0076|2022-02-28|2024-07-13
1181433|15162|10110224|1|14|257.3770|2022-11-13|2023-08-06
1181782|24891|10110394|1|127|1139.3443|2023-06-09|2023-08-06
1181783|24891|10110408|1|126|3483.6066|2023-06-09|2023-08-06
1182973|15190|10110497|1|118|367.2131|2022-05-02|2023-09-20
1182989|17414|10110501|1|127|392.6230|2022-07-08|2024-01-04
1183098|13197|10110503|1|14|189.0000|2022-10-29|2023-10-15
1183379|8337|10110511|1|118|248.5000|2023-06-18|2024-06-02
1183491|9521|10110607|1|114|143.4426|2022-11-12|2024-04-05
1183632|24926|10110639|1|114|73.7705|2022-01-11|2024-09-15
1184343|9469|10110687|1|14|98.3607|2023-04-29|2024-03-14
1184535|24654|10110788|1|14|75.0000|2023-05-26|2024-02-16
1184733|24660|10110793|1|115|130.0000|2022-02-11|2024-02-03
1184914|9478|10110820|1|126|3500.0000|2023-02-25|2024-01-18
1185024|24960|10110893|1|115|176.2295|2023-04-13|2024-04-06
1185082|24965|10110896|1|114|217.2131|2022-05-11|2024-08-27
1185083|24965|10110900|1|114|217.2131|2022-05-11|2024-08-27
1185085|24965|10110937|1|114|217.2131|2022-05-11|2024-08-27
1185111|24966|10110971|1|126|155.7377|2022-02-11|2024-12-25
1185128|10545|10111022|1|114|297.0000|2022-03-11|2024-09-21
1185146|21227|10111126|1|14|92.6230|2022-11-30|2024-03-30
1185564|17769|10111146|1|127|82.2764|2022-05-06|2023-10-02
1186049|15254|10111179|1|14|151.6393|2022-11-30|2024-03-16
1186346|24705|10111250|1|14|139.1304|2023-03-11|2024-04-26
1186347|24705|10111280|1|14|139.1304|2023-03-11|2024-04-26
1186577|24720|10111357|1|131|390.0000|2022-08-10|2024-10-08
1186608|24721|10111362|1|131|390.0000|2023-01-29|2024-12-17
1186628|25001|10111365|1|14|192.6230|2022-04-26|2023-07-10
1187860|9724|10111609|1|14|604.1667|2022-04-08|2024-01-27
1187880|19034|10111755|1|115|532.7869|2022-04-14|2024-03-15
1188011|24752|10111815|1|115|261.8957|2022-02-15|2024-04-11
1188260|25045|10111834|1|14|1053.2787|2022-10-19|2024-06-14
1190454|17873|10112037|1|111|85.3658|2022-02-28|2023-11-03
1190455|17873|10112055|1|114|139.1870|2022-02-28|2023-11-03
1190720|24841|10112068|1|115|265.0000|2023-05-18|2024-02-08
1191290|24856|10112093|1|131|1556.5217|2022-09-30|2024-11-22
1191735|17500|10112128|1|127|359.8361|2022-08-25|2024-08-13
1191847|22106|10112131|1|115|84.0000|2022-10-16|2024-05-24
1193292|24904|10112205|1|115|191.0821|2022-10-23|2024-08-20
1193330|24906|10112211|1|116|490.0000|2022-07-29|2023-12-19
1193514|8420|10112256|1|114|72.0560|2022-06-24|2024-04-09
1193717|25199|10112299|1|14|1516.3934|2023-03-21|2023-08-30
1193960|22128|10112313|1|114|79.0000|2022-02-13|2024-07-06
1194139|25215|10112359|1|118|70.5000|2023-02-25|2024-04-15
1194652|24943|10112461|1|126|191.3043|2022-08-06|2023-07-08
1194833|9544|10112502|1|127|590.1639|2022-05-25|2024-09-02
1194982|13532|10112508|1|14|334.1002|2022-07-31|2023-08-13
1195046|15458|10112523|1|114|190.1727|2023-01-24|2024-04-15
1195681|21305|10112623|1|14|311.4754|2022-07-30|2023-10-24
1196452|25280|10112669|1|118|1973.9278|2022-05-07|2024-11-23
1197721|25317|10112760|1|127|372.9508|2022-03-28|2024-03-25
1197896|8455|10112904|1|127|175.7000|2023-02-13|2024-11-25
1198034|18010|10112908|1|114|386.1789|2022-11-09|2023-09-08
1198136|13327|10112910|1|115|360.6557|2022-12-15|2024-09-29
1199344|25362|10113074|1|114|420.0000|2022-03-27|2023-11-19
1199870|22201|10113159|1|114|60.0000|2022-03-16|2024-10-18
1200906|18073|10113247|1|14|245.0000|2023-02-14|2024-06-10
1200927|25408|10113269|1|116|285.0000|2023-06-11|2024-08-26
1201401|18084|10113358|1|111|236.5854|2022-05-21|2023-10-10
1201738|8535|10113430|1|114|162.5000|2023-02-09|2023-11-24
1202563|25449|10113532|1|14|266.3934|2022-06-13|2024-02-09
1202822|25186|10113662|1|114|205.0000|2022-05-08|2024-08-05
1203200|18135|10113663|1|14|242.2764|2023-06-13|2023-09-01
1203201|18135|10113667|1|14|242.2764|2023-06-13|2023-09-01
1203205|17632|10113669|1|114|372.9508|2022-08-04|2024-01-19
1203616|25475|10113722|1|111|204.9180|2022-11-20|2024-04-21
1203951|25486|10113776|1|115|569.6721|2022-12-06|2023-09-12
1204525|25505|10113782|1|127|442.6230|2023-02-10|2024-10-29
1204526|25505|10113786|1|127|442.6230|2023-02-10|2024-10-29
1205165|13379|10113797|1|114|172.4178|2023-06-08|2023-08-19
1205217|20567|10113802|1|115|707.0000|2023-05-08|2024-10-15
1205439|13653|10113803|1|14|733.6066|2023-06-16|2023-09-08
1205533|7700|10113808|1|114|207.3770|2023-01-02|2024-01-06
1205781|13714|10113810|1|14|195.8333|2022-05-02|2024-10-25
1205922|17661|10113817|1|127|219.6721|2023-06-29|2023-09-10
1206025|25295|10113825|1|127|455.0000|2023-03-29|2024-05-01
1206072|21375|10113838|1|115|327.8689|2022-08-19|2024-12-19
1206309|18190|10113849|1|14|616.2602|2022-10-21|2024-09-09
1206636|25554|10113962|1|14|1163.9344|2023-06-23|2023-09-14
1206873|21384|10113969|1|114|180.3279|2023-06-27|2024-02-05
1207041|9786|10114067|1|14|79.1667|2022-03-03|2024-03-24
1207165|10017|10114122|1|114|204.0984|2022-01-09|2024-03-01
1207675|19327|10114164|1|114|232.0000|2022-10-01|2023-08-05
1207909|25359|10114223|1|126|390.0000|2023-02-03|2023-08-16
1208206|25602|10114303|1|115|367.1162|2023-04-08|2024-10-03
1208215|25603|10114306|1|14|176.2295|2022-03-31|2023-09-19
1208349|17691|10114307|1|114|550.0000|2023-03-25|2024-11-28
1208422|18229|10114312|1|114|317.0732|2022-06-13|2024-04-29
1208495|8609|10114341|1|114|71.6667|2023-02-18|2024-05-01
1208564|25376|10114434|1|14|391.3043|2022-12-30|2024-07-01
1208936|25391|10114441|1|114|178.2609|2023-05-13|2024-09-24
1208949|25623|10114446|1|14|319.6721|2023-03-04|2024-08-21
1209623|20622|10114493|1|118|1662.5000|2022-11-18|2024-12-21
1209841|19361|10114598|1|14|207.3770|2022-11-29|2023-08-29
1210178|18263|10114636|1|14|926.8293|2022-07-17|2024-09-05
1210197|18264|10114728|1|14|616.2602|2023-03-22|2023-10-02
1210502|13707|10114792|1|114|69.6721|2023-04-20|2024-10-07
1210896|25463|10114858|1|127|230.4348|2022-04-07|2023-07-15
1210948|13424|10114864|1|118|668.0000|2022-01-30|2024-04-07
1210972|13425|10114882|1|114|228.6885|2023-05-31|2023-08-18
1210973|13425|10114886|1|114|220.4918|2023-05-31|2023-08-18
1211295|20650|10115034|1|115|990.0000|2023-06-12|2024-08-23
1211602|18296|10115112|1|114|35.7724|2023-04-16|2023-12-14
1211937|17744|10115261|1|114|217.2131|2022-08-04|2023-10-04
1211996|25694|10115265|1|115|221.3115|2023-01-12|2024-05-18
1212014|12737|10115273|1|115|250.0000|2022-10-25|2024-10-17
1212015|12737|10115291|1|115|250.0000|2022-10-25|2024-10-17
1212145|25496|10115295|1|114|169.5652|2022-03-27|2024-09-17
1212321|25500|10115297|1|14|186.9565|2022-11-16|2024-09-03
1212488|13728|10115298|1|115|115.0000|2023-01-31|2023-08-23
1212665|25514|10115303|1|115|260.0000|2022-08-14|2024-03-22
1212835|11342|10115308|1|129|651.6393|2023-03-09|2024-09-22
1213894|25730|10115343|1|127|409.0164|2022-07-21|2023-08-23
1214323|20693|10115382|1|14|112.5000|2022-10-11|2023-07-22
1214324|20693|10115387|1|14|112.5000|2022-10-11|2023-07-22
1214326|20693|10115404|1|14|112.5000|2022-10-11|2023-07-22
1214366|5495|10115415|1|131|265.0000|2022-07-21|2024-06-17
1214396|25745|10115449|1|115|189.0000|2023-01-08|2024-10-12
1214444|25566|10115513|1|14|140.0000|2022-05-19|2024-04-17
1214697|22362|10115519|1|115|84.0000|2022-02-25|2024-04-03
1215575|25598|10115583|1|118|481.2385|2023-04-02|2023-08-16
1215906|17795|10115587|1|14|106.5574|2022-06-24|2024-07-14
1215956|17797|10115627|1|114|70.0000|2023-01-01|2024-02-13
1216544|13796|10115744|1|114|110.0000|2022-02-21|2024-10-07
1217158|21464|10115802|1|114|173.7705|2023-02-02|2024-06-12
1217314|25809|10115852|1|114|376.0045|2022-07-13|2023-09-16
1217411|20744|10115864|1|14|650.0000|2023-01-07|2024-12-08
1217781|25815|10115902|1|111|204.9180|2022-02-11|2024-02-13
1218313|25676|10115917|1|115|178.2609|2022-11-16|2024-04-17
1218947|25842|10115955|1|114|98.3607|2022-08-14|2024-04-14
1218959|15956|10115958|1|14|200.9070|2022-03-18|2024-01-20
1219163|15961|10115980|1|14|893.4426|2022-10-31|2024-11-13
1219375|7628|10115992|1|115|235.0000|2023-05-03|2024-02-26
1219769|13836|10116001|1|127|515.0000|2022-06-07|2024-08-13
1220260|10292|10116081|1|146|73.7705|2022-12-12|2024-02-22
1220601|10297|10116085|1|115|557.3770|2023-02-07|2024-01-14
1221645|15702|10116121|1|127|800.0000|2022-04-04|2024-07-01
1221666|22451|10116125|1|116|195.0000|2023-01-29|2023-11-13
1222235|22456|10116148|1|115|218.0000|2023-03-08|2024-06-04
1222407|17908|10116151|1|114|140.7080|2022-09-25|2024-07-13
1222454|13863|10116155|1|129|487.7049|2022-04-26|2024-12-05
1222577|13868|10116160|1|114|340.0000|2022-05-21|2024-06-23
1222728|25813|10116181|1|118|360.8696|2023-06-10|2023-09-15
1223075|21514|10116198|1|127|159.8361|2022-11-13|2023-08-02
1223110|18527|10116214|1|14|81.3008|2023-06-03|2024-12-17
1224004|21526|10116229|1|115|78.6885|2023-02-02|2023-07-05
1224262|10369|10116236|1|114|155.7377|2022-03-17|2024-12-27
1225120|19610|10116262|1|114|69.6721|2022-03-06|2024-07-23
1225472|22489|10116282|1|114|75.0000|2022-11-15|2024-10-12
1225516|25904|10116289|1|114|45.0000|2023-05-06|2024-11-15
1225806|19617|10116297|1|115|250.0000|2022-01-31|2024-12-25
1226141|26039|10116509|1|116|270.4918|2022-11-05|2023-07-24
1226184|26040|10116524|1|112|259.2213|2023-03-09|2024-09-02
1226185|26040|10116616|1|112|282.7869|2023-03-09|2024-09-02
1226453|25928|10116756|1|126|280.0000|2023-04-01|2023-11-30
1226671|26052|10116797|1|14|595.0000|2022-04-07|2023-12-06
1227822|25964|10116971|1|14|75.0000|2022-01-06|2024-03-17
1228657|18002|10117003|1|115|121.3115|2022-07-09|2024-04-26
1230222|18014|10117272|1|118|2897.0885|2023-01-29|2024-06-07
1230341|18684|10117282|1|118|246.3415|2022-06-18|2024-07-01
1230353|26044|10117284|1|126|1508.6957|2022-12-28|2024-02-27
1231479|13580|10117351|1|126|1527.8689|2022-01-08|2024-10-31
1231737|13935|10117354|1|14|95.0000|2023-06-01|2023-07-24
1231804|10502|10117361|1|14|89.3442|2023-06-08|2023-11-25
1231823|20941|10117362|1|114|172.5000|2022-01-15|2024-12-02
1231830|18038|10117370|1|114|151.6393|2023-05-31|2023-10-14
1232095|12919|10117401|1|114|470.0000|2023-03-19|2024-08-11
1232148|28990|10117406|1|14|50.0000|2023-05-28|2024-12-25
1232498|13971|10117454|1|14|745.9016|2022-11-15|2024-06-01
1232499|13971|10117477|1|14|565.5738|2022-11-15|2024-06-01
1232920|7945|10117479|1|118|237.0000|2022-07-20|2024-03-08
1233601|26140|10117552|1|14|126.0870|2022-12-16|2024-03-22
1233616|18746|10117578|1|14|471.5447|2022-06-25|2024-06-10
1233661|22572|10117655|1|115|168.0000|2023-06-14|2024-09-16
1233924|26228|10117771|1|114|696.7213|2023-06-15|2023-07-18
1235016|18769|10117836|1|14|32.5203|2022-09-02|2024-06-04
1235017|18769|10117881|1|14|32.5203|2022-09-02|2024-06-04
1235018|18769|10117882|1|14|32.5203|2022-09-02|2024-06-04
1235019|18769|10117954|1|14|32.5203|2022-09-02|2024-06-04
1235020|18769|10117964|1|14|32.5203|2022-09-02|2024-06-04
1235023|18769|10118006|1|14|44.7154|2022-09-02|2024-06-04
1235025|18769|10118049|1|14|32.5203|2022-09-02|2024-06-04
1235415|8806|10118100|1|125|108.5000|2022-05-18|2024-05-28
1236027|26217|10118118|1|126|590.0000|2022-10-15|2024-10-16
1236219|26225|10118121|1|14|830.4348|2023-01-16|2023-09-06
1236423|21025|10118137|1|14|135.0000|2023-05-29|2024-05-24
1237124|26293|10118170|1|114|161.8852|2023-01-09|2024-09-02
1237523|21048|10118251|1|114|1430.0000|2022-01-01|2024-02-11
1237967|18826|10118349|1|14|177.6645|2022-02-13|2024-07-16
1238726|26310|10118560|1|115|450.0000|2023-04-13|2024-05-24
1239655|16322|10118697|1|115|124.0000|2022-09-18|2024-07-04
1240073|21090|10118790|1|14|112.5000|2022-10-03|2024-06-26
1240081|8703|10118830|1|111|300.6000|2022-09-21|2024-09-04
1240600|18886|10118838|1|14|616.2602|2022-08-17|2024-05-17
1240768|13659|10118843|1|114|137.7049|2023-03-16|2024-02-02
1241268|16361|10118889|1|14|178.8119|2023-02-11|2024-03-16
1241450|29013|10118913|1|14|41.6667|2022-12-09|2024-11-10
1242091|22664|10118930|1|114|285.0000|2022-07-18|2024-03-14
1242343|21667|10118979|1|114|73.7705|2023-02-28|2023-09-23
1243428|10692|10119095|1|14|532.7869|2023-04-15|2024-06-03
1243775|26448|10119275|1|114|303.2787|2022-11-23|2024-01-11
1243855|26480|10119314|1|14|113.0435|2023-03-31|2024-10-03
1244006|9130|10119325|1|115|243.4426|2022-03-03|2023-10-10
1244019|26450|10119329|1|127|176.2295|2022-04-23|2023-11-15
1244591|26467|10119330|1|114|102.4590|2022-03-23|2024-06-21
1244813|26476|10119332|1|114|90.1639|2022-01-06|2023-10-27
1244884|26519|10119356|1|14|39.1304|2023-04-17|2023-12-22
1244885|26519|10119418|1|14|39.1304|2023-04-17|2023-12-22
1245003|9200|10119448|1|114|389.0000|2022-10-05|2024-05-27
1245023|10730|10119470|1|14|77.8689|2022-11-10|2024-01-18
1245320|26534|10119557|1|114|256.5217|2022-10-16|2024-11-13
1245404|26538|10119609|1|115|130.0000|2022-02-20|2023-09-02
1246203|26565|10119691|1|115|525.0000|2022-03-14|2024-09-27
1246933|26585|10119764|1|131|339.1304|2022-11-18|2024-04-29
1248017|26557|10119841|1|14|286.8852|2022-11-22|2024-07-15
1248169|22732|10119856|1|125|165.0000|2022-05-28|2024-02-25
1248170|22732|10119865|1|112|115.0000|2022-05-28|2024-02-25
1248285|26628|10119877|1|115|178.2609|2022-07-23|2024-12-30
1248447|26575|10119913|1|14|1147.5410|2022-05-31|2023-11-25
1248866|21713|10119965|1|122|55.0000|2022-06-20|2023-09-03
1248925|26649|10119966|1|114|247.8261|2023-01-17|2023-10-04
1248927|26588|10119972|1|114|83.6066|2022-07-04|2023-11-04
1249056|10814|10120030|1|111|77.8689|2022-02-03|2023-08-15
1249489|26664|10120073|1|14|39.1304|2022-08-17|2024-02-19
1249490|26664|10120087|1|126|339.1304|2022-08-17|2024-02-19
1249507|26665|10120125|1|111|290.0000|2022-10-04|2024-05-10
1249621|21719|10120126|1|114|241.8033|2022-08-01|2024-03-16
1249628|19085|10120140|1|14|99.1870|2022-08-08|2023-09-02
1249654|19909|10120218|1|142|195.0000|2023-04-13|2024-01-17
1250302|18338|10120269|1|115|854.9927|2023-05-14|2024-06-28
1250502|15806|10120270|1|127|93.9583|2023-05-04|2024-11-18
1250600|26702|10120313|1|14|115.0000|2023-02-15|2024-09-17
1251073|14064|10120379|1|114|165.8333|2022-03-28|2024-07-24
1251087|21257|10120394|1|114|133.3333|2023-03-24|2024-01-18
1251368|26634|10120397|1|114|553.2787|2022-04-02|2023-11-01
1251541|26722|10120410|1|114|256.5217|2022-02-27|2024-02-23
1252007|18365|10120493|1|127|331.9672|2022-06-06|2023-10-12
1252410|14073|10120552|1|14|79.1667|2022-04-09|2024-12-23
1252495|26749|10120553|1|126|682.6087|2022-11-03|2023-07-19
1253327|19966|10120605|1|125|260.0000|2023-03-02|2024-01-14
1254419|26708|10120921|1|127|398.3607|2022-06-28|2024-04-17
1254488|26712|10120958|1|14|495.0000|2022-04-25|2024-11-22
1254591|26808|10120959|1|115|295.0000|2022-03-16|2023-10-15
1254904|13150|10120967|1|14|147.5410|2023-04-15|2024-09-30
1255060|22803|10120969|1|115|108.0000|2022-02-20|2024-04-14
1255206|13783|10120975|1|118|422.1311|2022-08-25|2024-10-25
1256145|19998|10121023|1|116|275.4098|2023-03-04|2023-08-19
1256146|19998|10121110|1|116|266.3934|2023-03-04|2023-08-19
1256209|18447|10121120|1|114|364.7541|2022-11-20|2024-03-27
1256652|26855|10121126|1|131|339.1304|2022-11-05|2024-07-18
1256927|20009|10121129|1|114|143.4426|2023-02-11|2024-11-09
1257608|8327|10121163|1|14|42.6230|2022-11-01|2023-10-13
1258105|26895|10121221|1|114|57.8260|2022-07-31|2024-05-01
1258196|26796|10121239|1|126|2575.0401|2022-02-25|2024-08-09
1258278|16618|10121246|1|14|1402.4590|2023-05-04|2023-10-12
1258588|21783|10121248|1|127|210.6557|2022-06-06|2023-11-21
1259685|8918|10121317|1|146|87.0000|2023-06-21|2024-05-30
1260657|21796|10121394|1|115|196.7213|2022-04-27|2023-10-11
1260937|19317|10121515|1|142|91.0000|2022-06-21|2023-07-03
1261006|4404|10121588|1|118|187.5000|2023-05-30|2024-07-29
1261938|18538|10121616|1|114|409.8361|2022-01-27|2023-11-25
1262150|26897|10121652|1|114|217.2131|2022-06-15|2024-08-06
1262189|27018|10121703|1|114|165.2174|2022-12-16|2024-02-09
1262733|18551|10121781|1|114|215.0000|2023-04-29|2024-09-25
1262738|19356|10121793|1|116|599.0000|2022-10-30|2024-08-04
1262847|9924|10121817|1|126|190.0000|2022-12-04|2024-02-24
1262903|16695|10121847|1|126|2675.9392|2022-02-17|2024-04-26
1262917|14272|10121852|1|114|237.7049|2022-12-29|2024-06-27
1262923|8392|10121854|1|14|794.4574|2023-04-06|2024-06-24
1263050|27046|10121878|1|126|224.0000|2023-05-13|2023-09-03
1263547|7879|10122037|1|115|200.8197|2022-06-28|2024-02-08
1263658|27072|10122093|1|14|39.0000|2022-06-09|2023-10-06
1263847|13850|10122142|1|127|259.0164|2022-04-15|2023-09-28
1264241|27085|10122186|1|115|608.6957|2022-04-16|2024-07-22
1264353|19396|10122213|1|14|1295.1220|2023-06-24|2024-03-18
1264534|11035|10122215|1|115|290.1639|2022-05-02|2024-05-31
1264607|26974|10122225|1|114|247.9508|2022-08-15|2024-11-12
1265295|27068|10122264|1|111|256.3524|2022-05-27|2024-06-03
1265382|11101|10122292|1|118|200.8196|2022-01-07|2024-03-11
1265545|27118|10122319|1|121|103.4782|2023-02-15|2024-11-12
1265546|27118|10122334|1|114|124.7826|2023-02-15|2024-11-12
1265826|19427|10122389|1|112|228.2114|2022-08-11|2023-07-09
1266341|27200|10122551|1|114|46.1065|2022-09-21|2024-03-04
1266691|27239|10122574|1|115|129.0983|2022-08-01|2023-12-09
1266757|27245|10122706|1|114|99.5901|2022-12-18|2024-03-12
1266758|27245|10122717|1|114|214.4889|2022-12-18|2024-03-12
1266927|27260|10122774|1|14|867.0653|2022-12-21|2024-05-14
1267605|13454|10122858|1|14|428.2786|2022-10-25|2023-12-28
1267972|11282|10122862|1|14|194.6721|2022-10-22|2024-01-20
1267973|11282|10122917|1|14|512.2951|2022-10-22|2024-01-20
1268401|27430|10122981|1|114|143.8524|2022-04-29|2024-05-17
1268868|20132|10123047|1|114|85.2459|2022-12-15|2023-12-07
1270022|19519|10123207|1|114|818.0000|2022-06-03|2023-08-14
1270123|27615|10123297|1|14|507.1721|2023-06-03|2023-10-06
1270347|14202|10123390|1|114|70.8333|2023-05-03|2024-03-15
1270631|20156|10123471|1|126|137.7049|2022-01-21|2024-03-24
1270732|27672|10123484|1|127|94.6721|2023-02-10|2024-11-14
1270733|27672|10123496|1|127|202.8688|2023-02-10|2024-11-14
1271105|27711|10123514|1|115|171.5163|2022-11-04|2023-07-15
1271265|27286|10123515|1|115|650.0000|2022-01-08|2023-07-23
1271605|11485|10123523|1|14|366.8033|2022-06-14|2024-02-02
1271867|27779|10123592|1|127|115.0819|2022-08-27|2024-12-07
1271868|27779|10123594|1|127|84.4672|2022-08-27|2024-12-07
1271891|27783|10123620|1|126|136.4754|2023-02-04|2023-10-12
1272485|13673|10123782|1|122|223.1557|2023-06-22|2023-10-13
1272697|27852|10123814|1|126|444.0573|2023-02-08|2023-07-18
1272707|27325|10123861|1|115|182.6086|2022-08-26|2023-07-25
1272732|27853|10123865|1|129|383.1967|2022-05-30|2024-09-04
1272882|11555|10123867|1|14|95.9016|2022-03-21|2024-07-09
1272984|27869|10123916|1|114|138.3196|2022-03-05|2024-02-13
1273470|27905|10123929|1|115|161.8697|2022-07-05|2024-08-19
1273914|27938|10123957|1|114|199.2936|2023-05-22|2024-08-23
1273929|27367|10123963|1|115|112.6087|2022-06-26|2024-02-02
1274127|11617|10123972|1|114|141.3934|2022-02-20|2024-02-01
1274128|11617|10123990|1|114|141.3934|2022-02-20|2024-02-01
1274129|11617|10123996|1|114|141.3934|2022-02-20|2024-02-01
1274131|11617|10124018|1|114|83.6065|2022-02-20|2024-02-01
1274132|11617|10124022|1|114|92.2131|2022-02-20|2024-02-01
1274133|11617|10124026|1|114|226.6393|2022-02-20|2024-02-01
1274135|11617|10124046|1|115|88.1147|2022-02-20|2024-02-01
1274137|11617|10124100|1|142|98.3606|2022-02-20|2024-02-01
1274143|11617|10124151|1|115|174.5901|2022-02-20|2024-02-01
1274144|11617|10124154|1|115|174.5901|2022-02-20|2024-02-01
1274145|11617|10124176|1|115|137.2131|2022-02-20|2024-02-01
1274146|11617|10124180|1|115|174.5901|2022-02-20|2024-02-01
1274147|11617|10124195|1|115|174.5901|2022-02-20|2024-02-01
1274229|27960|10124239|1|115|143.8524|2023-05-23|2023-11-15
1274240|27961|10124242|1|114|99.9369|2022-12-04|2023-09-09
1274241|27961|10124244|1|114|99.9369|2022-12-04|2023-09-09
1274242|27961|10124250|1|114|99.9369|2022-12-04|2023-09-09
1274244|27961|10124339|1|114|99.9369|2022-12-04|2023-09-09
1274289|27380|10124354|1|114|54.7826|2022-06-02|2023-10-12
1274310|20190|10124365|1|115|323.7705|2022-03-17|2023-11-05
1274497|27980|10124393|1|14|115.0000|2023-06-24|2024-03-21
1274537|13764|10124399|1|125|565.5738|2022-12-01|2023-07-13
1274941|13922|10124426|1|14|479.5081|2022-07-11|2023-11-24
1275084|13326|10124432|1|115|210.7438|2023-01-21|2024-09-24
1275439|27422|10124506|1|14|181.4115|2022-11-23|2024-05-02
1275511|28047|10124569|1|14|563.5246|2022-04-30|2024-02-11
1275544|13933|10124570|1|115|312.2950|2023-02-11|2023-07-11
1275614|5397|10124572|1|14|375.0000|2022-11-23|2023-08-31
1275628|19620|10124589|1|14|104.1463|2022-08-21|2024-12-14
1275639|27429|10124595|1|14|39.1304|2022-09-02|2024-11-20
1276018|16868|10124633|1|114|131.9672|2022-10-11|2024-06-23
1278354|28206|10124814|1|111|81.1475|2023-03-28|2024-05-13
1278462|27527|10124832|1|114|115.6521|2022-02-28|2023-08-03
1278982|27546|10124869|1|118|203.3890|2022-07-27|2024-03-08
1279413|27567|10124966|1|14|388.6956|2022-08-11|2023-07-03
1279423|27568|10125006|1|126|585.0000|2022-07-19|2024-12-21
1279568|20246|10125031|1|14|212.2950|2023-02-18|2024-06-20
1279760|16925|10125083|1|115|413.1147|2022-08-25|2024-06-13
1279937|13967|10125091|1|127|166.2295|2023-03-24|2024-11-01
1280279|11864|10125166|1|115|108.4426|2022-11-29|2024-09-22
1280686|14537|10125184|1|14|758.1967|2022-11-20|2023-11-24
1281122|27621|10125217|1|129|466.9565|2022-01-17|2024-02-05
1281180|22969|10125220|1|112|105.0000|2022-11-12|2024-06-08
1281198|14251|10125222|1|14|260.0000|2022-11-15|2024-10-25
1281204|28386|10125224|1|115|843.0327|2022-06-06|2024-03-05
1281236|28387|10125226|1|14|40.9836|2022-11-14|2024-02-07
1282215|27655|10125416|1|114|194.7826|2022-02-23|2023-08-15
1282286|11928|10125422|1|14|204.9180|2023-05-02|2023-07-19
1282975|27676|10125459|1|111|240.4348|2022-09-17|2023-12-11
1283114|27682|10125518|1|114|121.7391|2022-02-04|2023-09-12
1283224|21619|10125646|1|116|312.2987|2023-02-09|2023-08-24
1283885|27714|10125688|1|126|1185.0000|2022-03-05|2023-12-14
1284102|16981|10125794|1|114|120.4917|2022-04-09|2023-11-02
1284148|13153|10125803|1|127|701.6393|2022-02-10|2024-07-26
1284690|12025|10125908|1|115|171.6393|2022-12-15|2023-12-18
1284890|27750|10125976|1|114|118.6956|2022-01-31|2023-12-06
1285053|14500|10126011|1|127|343.6885|2022-12-28|2024-11-08
1285123|14502|10126078|1|127|669.9997|2023-03-27|2024-06-14
1285159|18878|10126085|1|114|73.5000|2022-10-27|2024-01-30
1285243|28620|10126089|1|14|80.3278|2022-03-20|2024-11-07
1285486|27768|10126102|1|14|257.3912|2023-03-29|2024-06-26
1285721|27780|10126110|1|114|265.2174|2022-09-01|2023-09-23
1285916|21945|10126143|1|14|70.0000|2022-05-24|2023-08-05
1285945|21648|10126201|1|14|112.5000|2022-12-27|2024-06-24
1286095|14024|10126208|1|115|363.1967|2023-06-24|2023-09-07
1286129|14116|10126216|1|127|405.7376|2023-06-04|2023-12-04
1286217|18892|10126230|1|114|157.3660|2022-08-15|2024-10-18
1286218|18892|10126237|1|114|93.9739|2022-08-15|2024-10-18
1286601|28679|10126351|1|114|68.9754|2022-09-18|2024-09-09
1286890|28699|10126429|1|111|153.2786|2022-09-17|2024-08-08
1286959|19799|10126433|1|121|239.0243|2022-10-01|2024-01-13
1287116|27837|10126448|1|118|1108.1502|2022-05-02|2023-08-15
1287205|12132|10126540|1|14|371.3115|2022-07-28|2024-10-23
1287654|28749|10126547|1|118|92.2131|2022-09-26|2023-07-03
1287742|17038|10126581|1|118|148.0327|2022-04-27|2023-08-27
1287795|28759|10126610|1|14|127.2541|2023-02-26|2023-10-14
1287829|21659|10126622|1|114|222.5000|2023-01-03|2024-12-20
1287830|21659|10126641|1|114|1656.6667|2023-01-03|2024-12-20
1287831|21659|10126646|1|114|274.1666|2023-01-03|2024-12-20
1288545|28813|10126707|1|114|165.9836|2022-08-25|2024-09-17
1288619|21669|10126840|1|117|96.8333|2022-02-06|2024-05-21
1288628|14206|10126849|1|127|221.3115|2023-05-03|2024-05-14
1288720|19836|10126858|1|14|152.8455|2023-04-22|2023-12-30
1289148|27931|10127059|1|114|51.7391|2022-06-07|2024-01-05
1289250|28854|10127169|1|126|1713.1147|2023-05-16|2023-11-15
1289763|27953|10127208|1|14|305.2174|2022-07-01|2024-02-16
1289920|27963|10127223|1|115|849.1304|2022-02-14|2024-09-29
1290266|28917|10127232|1|114|36.8852|2023-03-13|2023-11-14
1290457|28924|10127265|1|14|538.7295|2023-05-03|2023-12-14
1290557|28928|10127297|1|114|364.7131|2022-06-14|2024-02-22
1290686|27994|10127320|1|114|157.4264|2023-01-13|2024-10-26
1290722|27998|10127332|1|129|1810.8695|2022-05-04|2023-11-09
1290727|20363|10127337|1|114|583.6065|2022-07-07|2023-07-14
1290845|14580|10127347|1|14|54.5082|2022-03-07|2023-09-24
1291212|21973|10127420|1|114|120.4917|2022-02-18|2024-03-08
1291331|28980|10127440|1|129|409.4262|2023-06-15|2023-10-13
1291832|29008|10127459|1|114|97.3770|2023-06-09|2024-06-23
1291833|29008|10127463|1|114|96.9262|2023-06-09|2024-06-23
1291837|29009|10127496|1|125|343.0327|2022-01-31|2023-07-20
1292717|28087|10127583|1|115|226.0869|2022-07-29|2024-12-20
1292929|15981|10127588|1|115|134.1666|2023-06-19|2024-11-01
1293397|19010|10127803|1|118|169.2623|2022-10-13|2023-08-19
1293463|28116|10127812|1|126|334.7826|2023-02-27|2024-03-20
1293658|29132|10127846|1|114|129.0983|2023-02-25|2024-12-14
1293673|29134|10127875|1|127|261.0655|2022-04-22|2024-10-05
1293916|29148|10127935|1|125|406.9863|2023-05-16|2024-06-02
1294264|17143|10128004|1|115|315.5737|2022-07-06|2024-04-06
1294301|21991|10128020|1|114|131.9672|2023-04-07|2024-04-20
1294372|14404|10128047|1|126|1079.5081|2023-05-20|2024-02-25
1294645|29190|10128131|1|127|1066.3913|2022-05-14|2024-05-09
1294848|21704|10128164|1|112|758.3333|2022-11-24|2024-12-28
1295202|23011|10128347|1|115|745.0000|2023-02-16|2023-12-23
1295323|20405|10128548|1|118|418.8664|2022-04-27|2023-09-22
1295507|29240|10128600|1|111|307.9052|2023-02-08|2024-07-02
1295580|14439|10128703|1|115|169.0573|2023-06-29|2024-03-26
1295897|29267|10128870|1|115|192.9704|2022-04-29|2023-07-08
1296212|29282|10129066|1|114|214.3907|2022-07-13|2023-11-19
1296318|29293|10129096|1|115|284.0163|2023-01-24|2024-03-12
1296448|29304|10129124|1|127|719.2623|2022-05-23|2023-07-16
1296703|29329|10129257|1|114|168.1557|2023-04-28|2023-08-06
1296712|12496|10129258|1|14|132.7869|2022-12-30|2024-10-24
1296896|28251|10129286|1|115|700.0000|2022-01-10|2023-07-31
1297180|14491|10129313|1|127|170.3444|2023-01-05|2024-08-11
1297183|19077|10129321|1|114|163.9344|2022-10-05|2024-09-11
1297184|19077|10129336|1|118|182.4589|2022-10-05|2024-09-11
1297293|16009|10129371|1|14|277.0833|2023-04-24|2024-08-29
1297296|21720|10129397|1|115|428.1666|2022-06-05|2024-06-28
1297336|29372|10129473|1|146|382.6048|2022-09-20|2024-01-24
1297340|28274|10129621|1|114|197.8260|2022-08-01|2024-02-02
1297776|29406|10129687|1|14|453.2786|2022-12-19|2024-05-21
1298590|28323|10129960|1|126|346.9565|2022-08-05|2024-02-15
1299043|29493|10130019|1|14|240.7499|2022-09-19|2024-09-25
1299239|28350|10130026|1|14|149.5678|2022-04-24|2023-11-25
1299240|28350|10130054|1|14|30.4348|2022-04-24|2023-11-25
1299262|29505|10130068|1|118|391.7907|2023-04-12|2023-09-25
1299265|28353|10130076|1|121|260.8696|2022-02-07|2024-06-17
1299591|14133|10130099|1|115|119.9180|2022-08-13|2024-04-27
1299920|9436|10130126|1|14|622.2026|2022-07-03|2023-12-09
1300156|14726|10130149|1|14|105.0000|2023-04-01|2024-12-22
1300222|29568|10130283|1|115|186.4292|2023-05-11|2023-08-30
1300467|28403|10130335|1|115|194.7826|2022-01-21|2023-07-08
1300769|28419|10130380|1|114|206.9028|2022-08-15|2024-02-07
1301129|29638|10130449|1|118|142.0082|2022-12-31|2024-08-22
1301204|29646|10130454|1|115|125.4098|2023-01-15|2023-10-22
1301865|12670|10130524|1|14|49.1803|2022-04-17|2023-08-31
1301894|14638|10130527|1|118|175.1882|2022-08-16|2024-08-30
1301975|29698|10130541|1|127|1201.9861|2022-11-23|2024-11-26
1302153|9495|10130571|1|14|370.0819|2022-12-26|2024-04-25
1302267|28485|10130677|1|114|300.0976|2022-02-11|2023-12-09
1302474|28495|10130736|1|127|431.3043|2023-06-08|2023-09-01
1302480|28496|10130746|1|114|403.1536|2023-03-28|2023-10-10
1302494|29728|10130751|1|115|249.7342|2023-01-31|2024-02-22
1302495|29728|10130752|1|115|231.8960|2023-01-31|2024-02-22
1302569|14172|10130754|1|115|644.9180|2023-03-16|2024-05-06
1302657|29748|10130757|1|14|86.0655|2022-04-04|2024-05-19
1302732|29750|10130758|1|14|51.6393|2023-02-19|2024-02-27
1302789|29756|10130760|1|14|317.9901|2023-05-04|2023-11-12
1302837|5502|10130762|1|114|207.1428|2023-04-17|2024-10-23
1302845|20017|10130764|1|14|25.2033|2022-02-01|2023-07-11
1302846|20017|10130768|1|14|10.5691|2022-02-01|2023-07-11
1303018|10251|10130774|1|127|282.1721|2022-01-29|2024-02-04
1303233|20020|10130782|1|115|99.0243|2022-06-29|2024-03-15
1303477|29807|10130795|1|118|292.9857|2022-02-25|2023-08-07
1303669|14695|10130815|1|115|85.2049|2022-01-23|2024-06-14
1303720|29827|10130819|1|115|60.2458|2022-07-27|2024-08-26
1303809|29834|10130821|1|114|112.0458|2023-01-21|2023-10-18
1303810|28548|10130835|1|126|158.2609|2022-02-19|2023-10-08
1304160|28566|10130985|1|14|219.1304|2022-07-23|2024-07-10
1304270|17359|10130999|1|114|182.2951|2022-03-22|2023-10-08
1304278|29857|10131037|1|127|249.5901|2023-04-17|2024-01-22
1304311|9229|10131046|1|114|71.9008|2022-10-30|2024-05-22
1304747|8572|10131074|1|118|293.2311|2023-03-22|2024-10-30
1305050|29909|10131085|1|126|136.4754|2023-02-19|2023-07-16
1305096|9581|10131090|1|121|234.9204|2022-01-30|2024-12-03
1305584|22048|10131148|1|114|97.5410|2023-04-13|2023-11-10
1305794|14761|10131175|1|117|256.9672|2022-08-20|2023-09-22
1305887|14806|10131176|1|114|456.1475|2022-08-09|2024-11-08
1305912|20059|10131181|1|14|52.9268|2022-08-08|2023-07-01
1306259|28663|10131220|1|114|82.6087|2022-11-10|2024-05-22
1306529|29986|10131222|1|14|204.7131|2023-03-13|2024-07-10
1306803|17408|10131238|1|114|142.2851|2023-01-19|2024-05-19
1307158|28693|10131346|1|115|198.2358|2022-08-26|2024-01-12
1307484|30041|10131363|1|115|90.1639|2023-05-15|2023-08-10
1307571|28713|10131450|1|127|564.4838|2022-01-08|2023-12-11
1307606|17425|10131465|1|14|1082.7049|2022-10-04|2024-01-19
1307692|20522|10131480|1|127|465.5737|2022-02-11|2024-04-17
1307808|17428|10131493|1|14|920.0000|2022-09-07|2024-10-27
1308014|21794|10131504|1|114|335.6181|2022-04-19|2024-01-01
1308152|12858|10131515|1|14|284.8360|2023-06-28|2024-08-19
1308173|30087|10131527|1|118|126.1224|2022-01-06|2024-12-17
1308562|30109|10131637|1|127|237.9098|2023-03-26|2023-07-07
1308694|22065|10131650|1|114|389.3443|2022-07-03|2024-01-28
1308842|30125|10131685|1|14|655.0000|2022-12-25|2024-07-04
1308858|20116|10131745|1|14|282.7996|2022-05-09|2023-10-22
1309101|14850|10131774|1|118|172.1311|2023-01-02|2024-08-31
1309392|28780|10131865|1|127|112.6087|2022-06-06|2024-09-08
1309526|28783|10131926|1|115|178.2609|2022-04-25|2024-07-23
1309698|28791|10132089|1|114|178.6964|2023-04-22|2024-03-18
1310197|28803|10132160|1|114|366.0649|2022-10-30|2024-12-23
1310214|28804|10132162|1|116|681.7391|2022-10-04|2023-08-01
1310215|28804|10132163|1|114|395.6521|2022-10-04|2023-08-01
1310418|28812|10132167|1|114|220.0000|2023-01-12|2024-06-04
1310732|28818|10132202|1|114|140.0000|2022-03-29|2024-10-25
1311128|14886|10132378|1|14|109.0163|2022-10-06|2023-08-27
1311151|28828|10132432|1|125|146.0869|2023-02-16|2024-02-23
1311452|17496|10132487|1|14|980.3279|2022-07-29|2024-01-01
1311987|6855|10132498|1|115|97.5410|2022-06-10|2023-12-09
1312005|28872|10132507|1|114|273.5079|2022-09-15|2023-12-30
1312764|14933|10132614|1|14|54.5082|2023-05-27|2024-07-13
1312792|9815|10132624|1|14|487.7049|2022-07-09|2024-12-28
1312973|28901|10132637|1|114|95.0000|2022-10-23|2023-10-22
1313928|28937|10132702|1|114|124.7826|2023-01-16|2024-09-09
1314178|19388|10132727|1|115|87.1468|2022-11-01|2024-09-03
1314254|8726|10132739|1|118|538.7295|2022-09-29|2024-10-10
1314272|22100|10132747|1|114|215.1639|2022-03-12|2024-01-26
1314405|17556|10132799|1|114|250.8251|2023-01-23|2024-08-11
1314476|17558|10132830|1|118|373.7704|2023-02-08|2023-12-01
1315235|21871|10132924|1|114|260.0000|2022-10-20|2023-08-12
1315508|20268|10132948|1|114|21.6260|2022-07-13|2024-08-28
1316168|20278|10132993|1|115|25.0406|2023-04-28|2024-04-26
1316218|29027|10133019|1|114|652.1739|2023-04-07|2023-11-26
1316421|20608|10133062|1|131|400.0000|2022-08-20|2023-12-26
1316422|14958|10133064|1|112|163.5246|2022-09-29|2023-10-06
1316541|20289|10133081|1|14|276.8761|2023-01-25|2023-11-13
1316974|29047|10133160|1|126|2793.9130|2022-05-09|2024-04-11
1317188|23128|10133173|1|114|745.0000|2022-03-29|2023-07-21
1317245|29058|10133174|1|14|240.3950|2022-10-04|2023-07-21
1317263|19442|10133181|1|118|285.2459|2022-06-30|2023-11-27
1317351|29062|10133189|1|127|118.6956|2023-06-06|2024-06-22
1317418|17599|10133208|1|114|131.9672|2022-06-28|2024-09-09
1317425|19444|10133211|1|118|272.5410|2022-04-28|2024-04-21
1317565|23134|10133217|1|114|945.0000|2022-03-27|2023-09-26
1318121|13087|10133335|1|14|34.4262|2023-04-05|2023-07-08
1318122|13087|10133358|1|114|37.2950|2023-04-05|2023-07-08
1318620|20636|10133372|1|127|278.0328|2022-02-21|2023-12-28
1318769|14316|10133383|1|114|96.9672|2023-01-05|2024-10-20
1318817|13356|10133389|1|111|295.0000|2022-06-19|2024-01-13
1318921|20346|10133407|1|114|21.6260|2022-01-19|2024-03-23
1318922|20346|10133419|1|114|21.6260|2022-01-19|2024-03-23
1318923|20346|10133467|1|114|21.6260|2022-01-19|2024-03-23
1319583|14325|10133642|1|111|181.9672|2023-01-04|2024-04-10
1319868|17631|10133714|1|114|131.9672|2022-11-23|2023-11-12
1319930|29159|10133715|1|114|206.9028|2022-12-20|2024-03-28
1320893|15088|10133812|1|115|353.8934|2022-02-25|2024-10-16
1320967|19494|10133830|1|14|1106.5574|2022-01-10|2024-07-03
1321221|21953|10133853|1|114|227.5000|2022-07-27|2024-07-09
1321906|14446|10133894|1|111|195.0000|2022-04-05|2023-08-05
1322063|15105|10133896|1|14|1250.5762|2022-10-19|2024-09-17
1322266|13206|10134039|1|114|204.9180|2022-10-25|2024-02-20
1322276|20428|10134045|1|114|262.3309|2023-02-18|2023-10-12
1322369|29231|10134048|1|115|783.5571|2023-04-26|2024-01-28
1322419|15115|10134060|1|14|532.7869|2022-08-10|2023-12-01
1322586|29237|10134061|1|115|378.7800|2022-03-04|2024-07-31
1322690|17676|10134086|1|127|589.3443|2022-05-22|2023-07-02
1322881|20440|10134105|1|14|33.0081|2022-12-02|2023-08-17
1322986|13223|10134144|1|14|130.7376|2022-06-13|2023-12-01
1323550|14463|10134298|1|14|140.0000|2023-05-10|2024-10-25
1323660|20458|10134312|1|111|336.3414|2023-04-06|2023-09-06
1323890|29265|10134325|1|126|350.0000|2023-03-27|2023-11-29
1324170|13243|10134343|1|14|98.3606|2022-01-20|2024-09-03
1324719|23187|10134351|1|114|118.0000|2023-03-18|2024-09-11
1325027|15159|10134354|1|114|187.0901|2023-01-15|2023-09-25
1325054|13386|10134357|1|111|214.8760|2022-10-15|2024-04-04
1325125|23192|10134394|1|114|120.0000|2022-05-05|2024-01-09
1325226|29310|10134424|1|14|140.0000|2022-11-16|2024-10-11
1326098|13406|10134494|1|115|281.9672|2022-07-18|2023-11-15
1326267|23196|10134569|1|114|188.0000|2022-07-13|2023-11-03
1326481|29351|10134613|1|118|795.0000|2022-04-16|2024-03-24
1326884|29360|10134901|1|146|890.0000|2023-04-02|2023-12-10
1326929|29361|10134905|1|114|249.8389|2023-02-02|2023-11-29
1326935|29362|10134924|1|114|641.0124|2023-06-22|2024-06-17
1327360|20730|10134946|1|118|83.1967|2022-04-11|2023-11-19
1327464|5400|10134962|1|127|664.9866|2022-11-14|2024-10-27
1327951|22182|10135139|1|142|53.2786|2022-02-22|2024-11-26
1328455|23220|10135201|1|114|68.0000|2023-03-05|2024-09-21
1328804|15224|10135207|1|115|2272.8417|2023-06-08|2024-08-02
1328805|14505|10135213|1|14|183.7500|2022-09-08|2023-12-06
1328842|29421|10135221|1|146|773.9130|2023-03-14|2024-09-23
1328843|29421|10135226|1|146|678.2609|2023-03-14|2024-09-23
1329730|20620|10135399|1|14|110.5691|2022-01-11|2023-08-02
1329889|20623|10135512|1|114|49.5121|2022-04-17|2024-05-07
1329890|20623|10135529|1|114|30.8943|2022-04-17|2024-05-07
1330087|17791|10135534|1|14|170.2104|2023-03-10|2024-12-15
1330103|15243|10135589|1|122|98.3606|2022-04-22|2023-09-11
1330162|15073|10135596|1|115|154.5081|2023-03-31|2024-11-08
1330268|17794|10135598|1|14|229.5082|2022-03-24|2024-01-01
1330280|20639|10135601|1|14|146.8811|2022-03-21|2024-06-11
1330674|20772|10135719|1|114|192.6230|2023-02-08|2024-10-23
1330690|6218|10135752|1|127|261.0655|2023-04-22|2023-12-15
1330936|29489|10135841|1|121|173.9130|2022-07-16|2023-10-04
1331308|22206|10135928|1|14|120.0000|2022-03-24|2023-07-12
1331514|29506|10136021|1|127|620.0000|2022-10-01|2023-07-15
1331914|29514|10136039|1|114|39.1304|2022-05-03|2024-12-15
1332106|10045|10136132|1|14|143.4426|2023-05-24|2024-01-12
1332188|20783|10136151|1|116|273.0000|2022-01-08|2024-01-13
1332190|19657|10136161|1|14|125.0000|2022-11-19|2024-11-02
1332914|17824|10136226|1|115|775.0926|2022-11-15|2023-12-02
1333295|22118|10136332|1|14|135.0000|2022-03-14|2023-09-04
1333718|19681|10136377|1|118|335.6181|2023-03-17|2023-09-27
1334593|14450|10136442|1|127|152.4590|2022-04-09|2023-10-11
1335023|9465|10136473|1|114|101.1570|2022-09-18|2023-08-31
1335600|20766|10136535|1|114|1622.5287|2022-02-27|2023-12-07
1336114|20778|10136663|1|14|117.8862|2022-09-30|2024-10-02
1336146|29596|10136676|1|126|584.3478|2022-08-25|2024-03-14
1336329|29603|10136677|1|114|185.0000|2022-06-27|2024-09-05
1336392|22164|10136683|1|114|596.7951|2022-12-11|2023-09-06
1336579|20796|10136784|1|115|35.7724|2022-06-22|2023-12-13
1337927|9484|10136853|1|114|401.6529|2022-12-08|2024-10-07
1338801|20865|10136894|1|14|32.1311|2022-10-02|2024-12-10
1338832|22246|10136907|1|14|98.3607|2022-01-30|2024-08-10
1338957|20839|10136945|1|14|800.8130|2022-03-24|2024-12-17
1339287|20849|10137061|1|14|121.1382|2023-02-24|2024-06-17
1339853|29692|10137079|1|115|670.0000|2022-10-17|2023-08-23
1340220|29699|10137161|1|14|324.6984|2022-10-26|2023-09-29
1340299|29701|10137162|1|111|225.2173|2022-02-05|2024-06-30
1340493|29706|10137212|1|127|276.9565|2022-02-28|2024-08-05
1340499|29707|10137213|1|121|266.5836|2022-02-27|2023-12-26
1340665|22231|10137220|1|14|225.0000|2023-04-29|2023-12-29
1340769|13582|10137222|1|115|118.0327|2022-09-25|2023-07-21
1341400|20910|10137262|1|126|428.0000|2023-01-17|2023-10-26
1341434|14514|10137389|1|127|122.5409|2022-01-10|2024-03-20
1341627|22243|10137560|1|14|135.0000|2023-04-23|2023-12-29
1341629|15413|10137561|1|114|229.5082|2023-02-20|2023-10-25
1341630|15413|10137567|1|114|336.0656|2023-02-20|2023-10-25
1341715|29746|10137575|1|14|1420.4089|2022-09-03|2023-09-01
1341841|14607|10137576|1|115|483.3333|2022-12-17|2024-11-16
1341998|15293|10137587|1|118|179.0000|2023-03-18|2023-10-02
1342471|4483|10137746|1|14|114.7540|2022-11-09|2024-05-17
1342773|17967|10137770|1|114|364.0000|2023-06-13|2023-08-31
1343289|20964|10137781|1|14|108.7710|2023-06-08|2024-10-13
1343570|10530|10137802|1|114|101.4344|2023-04-12|2023-10-07
1344356|20998|10137831|1|14|30.8943|2022-09-03|2024-08-15
1344458|14538|10137835|1|116|217.8971|2022-03-26|2024-01-29
1344833|21011|10137840|1|14|430.8943|2023-04-10|2024-05-14
1345501|4904|10137916|1|127|86.0655|2023-06-24|2023-12-20
1345864|23346|10138138|1|114|27.0000|2023-04-27|2024-02-03
1346598|22336|10138159|1|127|139.4166|2023-02-24|2024-07-08
1346745|8091|10138198|1|14|122.9508|2022-11-10|2023-12-31
1347778|23354|10138577|1|116|129.0000|2022-07-29|2024-03-31
1347779|23354|10138599|1|116|119.0000|2022-07-29|2024-03-31
1347811|14660|10138602|1|127|370.4166|2023-02-12|2024-04-28
1347935|29939|10138609|1|115|309.1304|2023-04-30|2024-08-08
1348189|20984|10138621|1|116|198.3607|2022-03-21|2023-08-21
1348682|14579|10138700|1|114|144.5901|2022-03-06|2024-03-11
1348798|22371|10138702|1|14|145.0000|2022-08-15|2023-07-06
1349189|22380|10138803|1|14|108.3333|2023-03-10|2024-07-29
1349192|29972|10138851|1|115|116.8695|2023-05-25|2024-11-21
1349338|29981|10138861|1|14|921.7391|2023-05-04|2024-04-14
1349738|29993|10139002|1|116|303.1304|2022-01-07|2024-08-04
1349769|22391|10139031|1|14|260.0000|2022-05-28|2023-10-15
1350303|8095|10139061|1|14|122.9508|2022-07-29|2023-08-27
1350467|15389|10139118|1|116|109.0163|2022-10-18|2024-01-21
1350522|23377|10139133|1|115|187.0000|2022-03-10|2024-04-21
1350628|30011|10139134|1|14|240.0765|2022-01-11|2023-11-24
1350705|21193|10139135|1|118|261.7297|2022-04-17|2023-10-14
1351073|14699|10139155|1|14|31.2500|2023-04-16|2024-11-05
1351464|30038|10139159|1|131|271.3043|2022-10-21|2024-09-29
1351471|13766|10139166|1|14|17.2131|2022-09-24|2024-09-02
1352527|8106|10139191|1|115|126.2295|2022-07-30|2024-08-04
1352711|30069|10139208|1|131|525.2173|2022-10-01|2024-09-30
1352782|21265|10139248|1|114|18.6992|2023-01-29|2023-08-29
1352784|21265|10139281|1|114|18.6992|2023-01-29|2023-08-29
1352893|14718|10139283|1|115|304.1667|2022-10-03|2024-12-16
1353514|30095|10139371|1|115|266.0000|2023-03-27|2024-06-13
1353590|21283|10139421|1|142|195.0000|2023-02-23|2024-06-06
1353707|30098|10139430|1|111|294.0000|2023-06-29|2024-10-27
1353762|21044|10139443|1|14|225.0000|2023-05-25|2024-03-04
1354094|21049|10139483|1|114|106.6836|2022-06-22|2024-06-04
1354313|23406|10139491|1|14|48.0000|2023-06-07|2023-08-10
1354714|30122|10139516|1|14|101.5000|2023-02-09|2024-07-14
1354940|19929|10139520|1|14|295.0000|2022-11-18|2024-05-07
1354990|30128|10139555|1|14|88.2345|2022-06-27|2024-06-08
1355403|15611|10139737|1|126|247.9508|2022-03-19|2024-12-08
1356012|15626|10139850|1|127|772.1865|2022-05-14|2024-11-27
1356982|8177|10139909|1|14|107.4380|2022-08-17|2024-04-30
1357844|10846|10139925|1|114|175.3906|2023-05-11|2024-10-15
1358181|22375|10139940|1|114|269.0983|2023-05-29|2024-10-01
1358182|22375|10139942|1|121|109.0163|2023-05-29|2024-10-01
1358311|15487|10139944|1|127|180.7376|2022-10-11|2024-03-23
1359001|10638|10140082|1|14|151.6393|2022-05-31|2024-01-24
1360205|20004|10140437|1|127|171.5000|2023-04-07|2024-10-31
1361275|10648|10140677|1|115|237.7049|2022-01-23|2024-07-11
1362098|6552|10140754|1|126|196.0000|2022-07-03|2024-09-02
1362156|21476|10140778|1|14|207.3171|2022-10-15|2023-12-27
1363121|10324|10140828|1|114|140.5737|2022-02-21|2024-11-15
1363405|15349|10140888|1|127|141.1885|2023-06-27|2024-07-29
1363528|5042|10140936|1|114|162.5000|2022-08-11|2024-01-21
1363842|21519|10140946|1|118|141.1382|2023-06-13|2024-10-25
1363843|21519|10140962|1|118|180.9756|2023-06-13|2024-10-25
1363981|11048|10141028|1|14|403.4836|2022-09-20|2024-12-11
1364326|10337|10141122|1|111|200.8196|2022-01-10|2024-05-18
1364560|20067|10141132|1|14|161.7000|2023-04-21|2023-11-02
1364589|21541|10141151|1|14|502.4390|2023-02-01|2024-11-13
1364867|14825|10141169|1|114|199.0000|2022-12-18|2024-10-03
1365483|22413|10141235|1|114|137.7049|2022-09-06|2023-07-05
1365570|21565|10141238|1|114|365.0407|2022-06-16|2023-07-10
1365689|15813|10141241|1|126|387.7049|2023-02-14|2023-12-12
1365989|22573|10141242|1|127|1526.0000|2022-06-14|2023-12-18
1366168|20088|10141262|1|114|157.2131|2022-07-30|2023-10-16
1366185|21575|10141263|1|14|640.6504|2023-04-10|2023-08-06
1366824|13695|10141394|1|14|729.5082|2023-01-16|2023-10-12
1367004|22422|10141409|1|127|216.3000|2023-04-19|2023-07-14
1367031|21591|10141416|1|14|51.2194|2022-07-05|2024-09-09
1367131|22578|10141425|1|14|50.0000|2022-04-03|2023-09-12
1367132|22578|10141426|1|14|112.5000|2022-04-03|2023-09-12
1367133|22578|10141429|1|14|112.5000|2022-04-03|2023-09-12
1367169|15854|10141433|1|115|250.2049|2022-09-10|2024-04-03
1367814|21610|10141483|1|111|300.8130|2022-06-27|2024-12-31
1367876|12207|10141491|1|127|113.6065|2022-11-12|2024-08-26
1368034|15870|10141500|1|14|165.0000|2023-04-05|2024-06-05
1368216|16323|10141504|1|127|194.7916|2022-02-26|2023-09-09
1368875|18354|10141545|1|118|569.6302|2022-07-27|2023-09-11
1368931|22594|10141552|1|111|541.6667|2023-04-23|2024-09-19
1370193|15655|10141781|1|127|1273.7704|2022-02-26|2024-12-16
1371059|13732|10141847|1|112|162.5000|2022-01-03|2024-05-31
1371976|15682|10141949|1|14|1588.8820|2022-04-08|2023-09-04
1372520|20176|10141984|1|118|255.5000|2022-04-01|2023-11-15
1372521|20176|10141997|1|122|287.0000|2022-04-01|2023-11-15
1373352|18427|10142064|1|114|209.8360|2023-02-28|2023-12-18
1373588|7438|10142107|1|127|181.9672|2023-05-17|2023-10-20
1374217|15729|10142232|1|14|72.1311|2022-10-31|2023-10-01
1374395|15730|10142247|1|14|110.6557|2023-05-24|2023-12-15
1375019|21248|10142253|1|114|324.5901|2022-12-17|2024-11-12
1375285|15744|10142254|1|118|800.4098|2022-07-09|2024-01-27
1375460|18467|10142266|1|118|428.3821|2022-08-03|2023-08-04
1376644|14923|10142349|1|111|147.0000|2023-04-12|2023-10-31
1377774|21284|10142376|1|114|987.0000|2023-04-21|2023-12-11
1378099|20266|10142390|1|114|151.4753|2022-12-11|2023-09-14
1378180|20267|10142441|1|118|206.5000|2022-04-02|2024-05-26
1378470|21768|10142495|1|14|309.0243|2022-06-03|2023-10-15
1378563|23551|10142510|1|115|61.6000|2023-04-29|2023-09-07
1378623|14817|10142515|1|111|128.3606|2022-11-21|2023-08-11
1378727|21771|10142516|1|114|295.8773|2023-01-28|2023-09-17
1379206|18539|10142531|1|14|167.5410|2023-03-18|2024-07-15
1379631|21304|10142558|1|14|135.9836|2023-02-28|2024-03-26
1380373|20303|10142599|1|118|416.3934|2022-05-04|2023-10-11
1380689|21810|10142644|1|14|726.8293|2023-03-15|2024-02-13
1380835|18574|10142650|1|14|171.0000|2022-01-27|2023-09-29
1382050|21844|10142733|1|114|260.9756|2023-01-27|2024-08-14
1382260|18611|10142737|1|117|618.1000|2022-12-26|2024-07-10
1382305|18613|10142744|1|114|301.3431|2022-01-23|2024-01-18
1382689|22507|10142767|1|14|98.3607|2022-10-14|2024-12-10
1382984|18632|10142785|1|131|263.7294|2023-06-02|2024-08-23
1383412|21888|10142807|1|118|237.2468|2023-06-14|2024-06-11
1383728|21345|10142809|1|118|328.0000|2022-05-12|2023-08-27
1384084|22518|10142813|1|14|295.0820|2022-09-17|2024-12-15
1384775|22725|10142828|1|111|486.0000|2023-02-24|2024-04-01
1384851|10768|10142845|1|14|1411.4907|2022-07-31|2024-04-29
1385317|15015|10142861|1|111|115.5000|2022-12-05|2024-12-23
1385541|22738|10142878|1|114|359.0000|2022-02-16|2024-05-09
1385625|20356|10142887|1|126|368.0527|2023-03-31|2023-11-22
1385883|21965|10142925|1|118|216.3000|2022-11-01|2024-12-02
1386124|20360|10142928|1|111|247.3134|2022-02-09|2023-09-13
1386126|21979|10142932|1|116|340.8943|2023-02-25|2024-10-23
1386377|23646|10142939|1|112|52.5000|2023-03-24|2023-10-31
1386443|16225|10142944|1|14|778.6885|2023-06-09|2023-08-25
1387454|22038|10143167|1|114|216.2602|2022-01-24|2024-03-06
1387743|18730|10143169|1|14|161.3114|2022-11-18|2023-07-07
1387796|21391|10143208|1|14|819.6721|2023-02-17|2023-08-03
1387813|22059|10143216|1|122|126.0163|2022-07-02|2023-10-29
1387866|9615|10143226|1|14|78.7500|2022-02-20|2023-09-19
1387885|18733|10143240|1|114|265.1736|2023-06-06|2024-09-20
1388047|21396|10143248|1|115|193.4426|2022-10-15|2024-06-19
1388196|22069|10143255|1|14|138.0000|2022-01-13|2023-12-04
1388468|22075|10143328|1|14|862.7778|2023-01-27|2023-12-02
1388779|22548|10143332|1|115|180.2819|2023-05-13|2023-10-19
1388951|18756|10143338|1|131|264.0983|2022-06-25|2024-05-29
1390444|22566|10143549|1|118|259.6060|2022-12-31|2024-01-18
1390580|20410|10143660|1|115|369.6721|2022-09-16|2024-09-12
1390665|21425|10143684|1|114|120.4917|2023-03-05|2024-01-29
1390744|22143|10143688|1|14|93.4959|2022-03-13|2024-11-15
1391664|7568|10143719|1|14|276.5000|2022-03-19|2023-11-13
1392135|16432|10143726|1|126|387.2950|2022-10-08|2024-08-01
1392222|22191|10143728|1|114|490.9998|2023-04-17|2024-08-27
1392919|16457|10143731|1|126|254.5082|2022-06-06|2023-12-26
1393817|22837|10143874|1|14|266.6667|2022-07-08|2023-09-20
1394803|22264|10143955|1|115|68.8618|2022-11-18|2024-11-13
1395466|22292|10144000|1|14|403.2520|2022-01-25|2024-03-21
1395801|21478|10144282|1|118|192.2131|2023-05-02|2024-06-22
1396114|22598|10144311|1|14|375.0000|2022-08-05|2024-04-03
1396262|22326|10144312|1|111|197.5610|2022-03-24|2023-07-08
1396977|14678|10144409|1|115|95.9016|2022-06-07|2024-02-25
1397121|18908|10144452|1|114|297.9326|2022-03-23|2024-08-20
1397559|7610|10144463|1|127|222.0000|2022-10-15|2024-06-30
1397773|18916|10144504|1|14|325.0000|2022-01-25|2024-04-16
1398112|15631|10144556|1|126|442.2131|2022-12-22|2024-10-23
1398256|14050|10144573|1|14|130.5328|2023-04-24|2024-12-20
1398389|23760|10144608|1|115|53.9000|2022-11-28|2023-08-11
1398423|22412|10144610|1|114|71.5447|2022-04-02|2024-04-05
1399052|22437|10144621|1|14|83.0000|2022-04-30|2023-09-26
1399801|22469|10144632|1|14|116.2602|2022-03-20|2024-03-05
1400303|16084|10144644|1|112|103.2787|2023-05-06|2024-11-27
1400397|22495|10144697|1|14|498.3507|2022-08-22|2024-02-01
1400505|22500|10144710|1|114|83.7398|2023-05-14|2024-04-13
1400756|20523|10144723|1|14|105.0000|2022-07-19|2023-08-16
1401282|21530|10144737|1|115|225.4098|2022-10-15|2024-06-16
1401657|16524|10144756|1|127|82.0416|2022-01-16|2024-06-25
1401850|14773|10144773|1|118|219.2623|2022-04-25|2023-07-12
1401869|22539|10144775|1|14|652.8455|2023-05-10|2023-11-30
1401917|22936|10144802|1|126|1874.2500|2023-01-29|2024-06-04
1402113|11995|10144907|1|115|70.3278|2023-01-04|2024-08-04
1402571|18986|10144935|1|111|208.0000|2022-05-08|2023-12-12
1403433|22623|10144971|1|114|61.7886|2023-06-16|2024-03-24
1403866|21554|10145005|1|129|696.7213|2023-05-23|2024-09-06
1404350|23819|10145060|1|115|95.0000|2022-01-31|2023-11-04
1404448|16118|10145062|1|118|186.6623|2022-06-01|2023-08-14
1404449|16118|10145066|1|118|186.6623|2022-06-01|2023-08-14
1404450|16118|10145068|1|121|205.3837|2022-06-01|2023-08-14
1404486|16771|10145069|1|114|133.2798|2022-11-15|2024-11-23
1404487|16771|10145077|1|114|272.3545|2022-11-15|2024-11-23
1404603|22682|10145079|1|116|79.6748|2022-09-23|2023-08-23
1404607|15691|10145081|1|14|226.6393|2022-05-16|2024-09-28
1404613|22683|10145088|1|14|808.9431|2023-04-06|2023-07-22
1405099|16123|10145110|1|116|131.9672|2023-01-27|2024-07-09
1405998|20588|10145221|1|14|603.9444|2022-03-15|2024-09-29
1406689|22763|10145250|1|14|34.1463|2022-04-14|2024-04-16
1406908|22993|10145260|1|14|112.5000|2023-03-31|2024-02-17
1406909|22993|10145264|1|14|112.5000|2023-03-31|2024-02-17
1407828|22813|10145448|1|14|898.0000|2022-09-25|2024-03-27
1408269|14127|10145451|1|118|186.4753|2022-03-08|2024-02-04
1408558|16878|10145460|1|14|73.7705|2022-06-11|2023-08-25
1409079|19074|10145468|1|126|708.5393|2022-02-03|2023-08-24
1409464|16904|10145489|1|127|312.9179|2022-12-18|2023-12-08
1409908|14894|10145498|1|111|80.0000|2022-10-14|2023-08-02
1409974|23029|10145528|1|142|182.0000|2022-06-18|2024-08-21
1410065|23887|10145537|1|114|80.0000|2023-06-22|2024-05-06
1410087|10888|10145544|1|115|245.9016|2023-01-05|2024-08-04
1410348|19098|10145592|1|127|646.0000|2022-02-27|2024-05-20
1410421|23035|10145651|1|118|448.9327|2022-12-17|2024-10-06
1412447|13460|10145837|1|14|78.5124|2022-09-25|2024-06-12
1412523|20655|10145855|1|115|304.5000|2023-02-13|2023-08-24
1412635|19135|10145860|1|114|136.5000|2022-01-26|2024-02-26
1412960|15750|10145977|1|115|130.5328|2022-11-05|2023-09-11
1413078|23952|10145990|1|146|62.5000|2022-09-05|2023-08-09
1413291|23021|10146029|1|14|160.9756|2022-05-28|2024-08-22
1413671|23037|10146071|1|14|45.4519|2022-01-17|2023-10-28
1413675|8430|10146095|1|114|599.1736|2023-02-14|2024-04-07
1413676|15253|10146109|1|114|116.6666|2022-08-31|2024-06-08
1414911|23982|10146272|1|116|132.5000|2023-06-13|2024-12-28
1414976|23086|10146273|1|118|177.5000|2023-03-07|2023-11-05
1415184|23095|10146282|1|118|157.5000|2023-01-16|2024-07-31
1415251|23098|10146300|1|114|642.2764|2023-01-21|2024-10-29
1415381|6293|10146313|1|114|247.8992|2022-10-17|2024-01-27
1415531|14988|10146317|1|114|728.1000|2022-09-03|2024-04-06
1415588|23115|10146322|1|14|251.8938|2022-10-07|2023-10-31
1416020|24001|10146357|1|114|103.0000|2023-05-09|2024-06-29
1416734|23154|10146373|1|142|48.7805|2022-12-22|2023-11-18
1416800|15285|10146380|1|14|217.0000|2022-07-11|2024-02-07
1417278|15018|10146492|1|14|34.4262|2022-10-26|2023-11-08
1417410|23171|10146494|1|114|183.0000|2022-03-16|2024-03-17
1418195|15775|10146530|1|125|147.5409|2022-11-01|2023-12-05
1418637|22693|10146572|1|14|728.6885|2023-03-07|2023-07-23
1420702|22707|10146603|1|114|52.2131|2023-02-07|2024-03-18
1420703|22708|10146605|1|14|350.0000|2023-03-03|2023-09-23
1420828|16311|10146623|1|14|204.9180|2022-06-27|2023-10-21
1420837|10181|10146624|1|114|160.6611|2022-02-05|2024-07-03
1421262|24058|10146642|1|112|105.0000|2022-06-05|2023-09-04
1421477|20748|10146645|1|114|254.9180|2022-09-25|2024-12-04
1421561|15822|10146649|1|115|648.7000|2022-03-08|2024-09-26
1422155|23353|10146819|1|14|15.4471|2023-06-12|2024-07-03
1423549|23398|10146980|1|14|130.0813|2023-03-10|2024-07-04
1423550|23398|10146982|1|14|130.0813|2023-03-10|2024-07-04
1423658|24085|10147043|1|14|28.5000|2023-05-30|2024-11-24
1424987|23447|10147201|1|118|86.9918|2022-12-21|2024-09-30
1425423|23470|10147208|1|115|128.8618|2023-01-27|2023-12-18
1425941|23489|10147240|1|14|86.8292|2022-09-16|2024-06-04
1425942|23489|10147242|1|14|102.4390|2022-09-16|2024-06-04
1425981|23492|10147245|1|116|79.6748|2023-02-08|2024-01-08
1426086|23495|10147267|1|14|377.0000|2022-10-17|2023-12-18
1426312|23503|10147280|1|112|282.9268|2022-03-24|2024-10-19
1426556|22744|10147295|1|14|143.4426|2023-05-22|2024-07-17
1426557|22744|10147296|1|14|149.1803|2023-05-22|2024-07-17
1426880|23523|10147328|1|118|129.2683|2023-03-16|2024-02-07
1426961|23229|10147331|1|14|574.0000|2023-02-15|2024-03-16
1427584|20791|10147368|1|115|401.6393|2022-12-12|2024-10-25
1427585|20791|10147369|1|115|401.6393|2022-12-12|2024-10-25
1427587|20791|10147374|1|115|368.8525|2022-12-12|2024-10-25
1427594|23548|10147381|1|14|1142.0000|2022-07-28|2024-06-25
1427624|16384|10147384|1|111|177.8688|2022-10-31|2024-05-23
1427930|23566|10147400|1|114|24.3902|2022-08-23|2023-12-20
1428034|23571|10147403|1|14|86.8292|2022-06-03|2024-01-02
1428459|19310|10147435|1|115|71.1475|2022-11-05|2023-11-15
1429458|16410|10147487|1|127|111.8852|2022-04-18|2024-01-08
1430563|23278|10147576|1|114|693.0000|2022-05-08|2024-08-30
1430612|23647|10147592|1|114|140.0000|2022-11-17|2023-08-08
1432037|23689|10147688|1|118|229.4046|2022-06-24|2024-07-12
1432635|10326|10147833|1|115|587.5000|2022-02-19|2023-12-19
1434406|15431|10147865|1|118|131.2500|2022-11-14|2023-11-05
1434613|15283|10147902|1|115|54.0983|2022-04-16|2024-07-01
1434643|23771|10147944|1|115|447.0000|2023-05-01|2024-03-30
1434777|7565|10147969|1|127|135.8000|2023-01-19|2024-12-23
1435322|20905|10147980|1|14|133.0000|2023-02-27|2024-08-21
1435347|22780|10147984|1|115|64.8361|2022-04-23|2023-07-07
1435423|15442|10147990|1|115|165.0000|2022-12-09|2024-01-19
1435701|23801|10148007|1|114|24.3902|2023-01-01|2024-11-12
1435742|15299|10148009|1|121|180.7376|2022-07-16|2024-11-21
1435989|10183|10148104|1|114|276.5000|2022-02-11|2024-12-15
1436458|23833|10148178|1|114|49.5000|2022-10-19|2024-12-24
1436461|23833|10148188|1|114|71.5000|2022-10-19|2024-12-24
1436462|15309|10148191|1|14|356.5574|2022-12-22|2023-12-12
1436861|16646|10148220|1|127|139.7916|2023-02-13|2024-07-31
1437328|10203|10148258|1|114|68.8524|2023-06-01|2024-10-27
1437452|21835|10148260|1|14|190.1639|2023-06-16|2023-09-07
1437866|15336|10148265|1|114|1598.3607|2023-03-23|2024-03-20
1437983|19454|10148268|1|114|160.6557|2023-03-07|2024-04-07
1438157|23895|10148289|1|114|18.6992|2022-01-02|2023-07-05
1439068|19472|10148434|1|118|293.7704|2022-01-25|2024-11-26
1439069|19472|10148441|1|118|293.7704|2022-01-25|2024-11-26
1439070|19472|10148442|1|114|88.3606|2022-01-25|2024-11-26
1439071|19472|10148449|1|114|88.3606|2022-01-25|2024-11-26
1439243|23359|10148462|1|114|695.1000|2023-05-11|2024-01-09
1439345|23929|10148502|1|14|1242.2764|2023-02-28|2023-11-12
1439365|15982|10148552|1|14|245.0000|2023-03-14|2024-07-07
1439849|14382|10148598|1|115|199.7950|2022-01-16|2024-08-15
1439877|20975|10148611|1|116|225.4917|2022-01-06|2023-07-05
1439933|20976|10148614|1|114|303.2787|2022-11-21|2024-06-18
1440022|20978|10148625|1|115|157.7868|2022-07-03|2024-03-09
1440157|15987|10148718|1|14|610.6557|2022-08-20|2024-03-13
1440185|4153|10148720|1|114|159.0000|2022-12-15|2024-03-08
1440253|23967|10148722|1|125|70.7317|2023-06-05|2023-12-08
1440610|19500|10148775|1|114|160.6557|2022-10-31|2024-06-08
1441193|14389|10148842|1|118|377.0000|2022-04-19|2024-10-27
1441482|24015|10148855|1|114|256.0976|2022-10-01|2024-12-26
1442122|21872|10148932|1|118|235.2459|2022-06-08|2023-12-02
1442431|24052|10148933|1|14|184.0692|2023-02-14|2024-12-27
1443006|24078|10148978|1|117|136.5000|2022-12-17|2024-08-27
1444385|24129|10149121|1|14|292.6829|2022-05-27|2024-11-18
1444787|24146|10149154|1|127|295.1219|2022-05-29|2024-09-20
1445240|10384|10149182|1|126|141.6666|2022-09-28|2024-10-21
1446072|16674|10149272|1|126|288.7500|2023-03-30|2024-10-27
1448775|16706|10149372|1|127|112.7049|2022-03-03|2024-05-27
1449414|24304|10149398|1|118|157.5000|2022-12-29|2024-10-23
1451420|21138|10149426|1|114|168.0328|2022-06-29|2023-08-21
1451991|24412|10149481|1|116|235.7724|2023-03-17|2024-09-21
1452710|15549|10149541|1|14|27.5726|2022-12-12|2023-12-21
1453632|23516|10149609|1|116|572.0000|2023-06-22|2024-07-17
1453928|29485|10149627|1|14|55.0000|2022-07-10|2024-03-23
1454587|16800|10149725|1|122|98.0000|2023-01-01|2024-06-24
1454962|21183|10149750|1|115|73.7705|2022-01-29|2023-07-25
1455886|24595|10149860|1|14|1496.5665|2022-04-14|2023-09-14
1455923|7843|10149872|1|121|178.3540|2022-01-14|2024-05-29
1456056|24284|10149884|1|116|176.0000|2022-11-28|2024-06-24
1456909|24297|10149903|1|112|49.5000|2023-02-16|2023-12-19
1456986|24650|10149904|1|14|449.5935|2023-01-29|2024-04-21
1457997|24712|10150185|1|114|152.7097|2023-01-29|2024-03-25
1458234|24725|10150194|1|118|1105.6911|2023-03-24|2023-12-12
1458329|19791|10150200|1|114|55.0819|2023-04-28|2024-09-07
1458553|24745|10150207|1|115|19.5122|2023-04-21|2024-01-19
1458611|22014|10150212|1|14|135.9836|2023-01-12|2024-07-23
1458690|23611|10150260|1|14|55.0000|2022-11-05|2023-09-23
1458698|24754|10150261|1|114|166.6667|2022-03-24|2024-10-12
1458899|24767|10150280|1|114|216.2602|2023-04-19|2024-08-03
1458936|21218|10150320|1|115|73.7705|2022-12-02|2023-11-03
1458937|21218|10150328|1|115|73.7705|2022-12-02|2023-11-03
1459168|24778|10150457|1|114|39.3496|2022-06-13|2024-06-05
1459415|24802|10150515|1|14|12.3577|2022-03-26|2024-02-04
1459467|24808|10150579|1|115|16.2601|2022-07-25|2023-08-04
1459468|24808|10150583|1|115|19.5122|2022-07-25|2023-08-04
1459470|24808|10150643|1|127|47.9675|2022-07-25|2023-08-04
1459734|24823|10150696|1|14|63.4146|2022-10-23|2024-01-13
1460222|24855|10150747|1|14|188.5830|2022-03-18|2024-06-06
1460299|9998|10150792|1|114|58.3333|2022-11-25|2023-12-10
1460427|24870|10150815|1|14|37.7235|2023-01-26|2024-03-06
1460650|23629|10150850|1|114|366.6667|2023-01-17|2024-10-04
1461198|10485|10150936|1|14|158.8524|2022-12-24|2024-06-10
1461202|24915|10150952|1|114|19.5122|2022-01-11|2024-03-25
1461203|24915|10150986|1|114|14.3089|2022-01-11|2024-03-25
1461225|24918|10150991|1|115|23.4146|2023-05-12|2024-07-06
1461270|21253|10150994|1|115|168.8525|2023-02-02|2024-11-13
1461797|12726|10151052|1|14|1013.8225|2022-07-20|2024-03-28
1462017|24957|10151077|1|122|194.3089|2022-11-16|2024-08-23
1462442|15694|10151087|1|112|338.3333|2022-06-24|2023-12-09
1462614|24988|10151089|1|114|15.2000|2022-02-01|2023-07-20
1463074|15839|10151121|1|14|1221.3115|2023-04-06|2024-06-24
1463110|25022|10151138|1|115|53.3333|2022-11-12|2024-04-29
1464571|22980|10151294|1|14|131.1475|2022-11-21|2023-08-05
1465513|25153|10151363|1|14|599.3669|2022-05-17|2024-05-02
1465569|25156|10151368|1|14|1107.3171|2022-05-23|2023-07-12
1465634|25159|10151373|1|114|71.5447|2022-09-04|2023-07-20
1465661|21315|10151381|1|115|60.0000|2022-10-15|2023-08-02
1465768|15892|10151436|1|115|149.4000|2022-12-31|2023-07-27
1466293|15898|10151443|1|114|37.2950|2022-03-29|2023-10-29
1466305|25190|10151445|1|114|85.3659|2022-11-19|2023-07-25
1467216|25234|10151486|1|115|25.5000|2023-01-14|2024-07-07
1467323|7892|10151489|1|114|284.5528|2022-06-24|2023-11-27
1467436|21344|10151637|1|111|184.1000|2022-04-19|2024-12-16
1467513|25249|10151642|1|127|64.8000|2022-04-17|2024-01-04
1467767|16969|10151688|1|115|147.5410|2022-03-09|2024-09-06
1468752|25304|10151877|1|114|56.9106|2023-04-04|2024-05-21
1468753|25304|10151879|1|114|56.9106|2023-04-04|2024-05-21
1469019|23755|10151908|1|14|710.8333|2023-02-06|2024-03-21
1469404|12788|10152003|1|14|692.6230|2023-05-09|2023-09-28
1469597|25337|10152037|1|115|491.8699|2022-03-10|2023-11-12
1469643|19970|10152039|1|122|384.4950|2022-04-16|2024-04-13
1469740|15971|10152052|1|14|688.5246|2023-05-07|2024-10-28
1470037|25355|10152057|1|114|6.8292|2023-03-31|2023-08-09
1470066|21390|10152083|1|14|1221.3115|2022-10-19|2023-10-21
1470211|21393|10152092|1|118|278.5070|2022-08-09|2024-07-02
1470334|15983|10152098|1|114|69.6721|2023-05-13|2024-01-11
1470586|25375|10152142|1|114|12.3577|2023-04-23|2024-09-11
1470825|29543|10152220|1|14|50.2932|2023-06-25|2024-02-25
1472228|10603|10152384|1|115|96.3115|2022-11-30|2024-11-09
1472262|17838|10152386|1|14|1024.5902|2022-12-25|2024-12-29
1472459|25474|10152398|1|114|69.1057|2022-05-19|2024-05-20
1472857|25503|10152439|1|122|194.3089|2022-09-18|2024-04-18
1472934|25507|10152455|1|114|22.3577|2022-10-15|2024-07-19
1472936|25507|10152456|1|122|32.9268|2022-10-15|2024-07-19
1473026|10563|10152462|1|118|199.5000|2022-01-28|2024-11-30
1473522|14614|10152529|1|114|122.9508|2022-03-30|2024-10-01
1473666|22196|10152554|1|114|95.0000|2022-06-05|2024-12-23
1473667|22196|10152566|1|114|95.0000|2022-06-05|2024-12-23
1473700|17853|10152570|1|14|418.6475|2022-10-21|2024-03-16
1473713|25534|10152576|1|14|99.2612|2022-10-24|2023-12-12
1474012|12852|10152611|1|115|240.0000|2022-09-21|2023-08-12
1474089|25560|10152641|1|14|333.3333|2022-11-18|2024-01-08
1474245|25570|10152657|1|115|19.5122|2022-06-08|2023-08-12
1474273|8653|10152672|1|116|135.2459|2023-03-20|2024-04-08
1474356|12835|10152685|1|115|368.8525|2022-05-01|2023-12-28
1474726|25599|10152699|1|14|227.6423|2023-04-02|2024-02-21
1474731|10626|10152707|1|114|73.7705|2022-02-18|2024-07-12
1474945|21466|10152720|1|115|218.7982|2023-06-01|2024-12-02
1475367|25633|10152728|1|127|147.9675|2023-02-22|2024-06-02
1475726|25648|10152742|1|114|17.8861|2022-11-02|2023-09-30
1475727|25648|10152751|1|114|17.8861|2022-11-02|2023-09-30
1475728|25648|10152753|1|114|70.8943|2022-11-02|2023-09-30
1476198|21480|10152768|1|114|118.8525|2022-03-21|2024-02-01
1476386|12892|10152773|1|114|163.9344|2023-01-11|2024-04-03
1476713|20081|10152783|1|115|71.1475|2023-03-14|2024-02-16
1476849|25714|10152785|1|114|408.1301|2023-05-04|2024-12-08
1476850|25714|10152787|1|14|95.1220|2023-05-04|2024-12-08
1476908|25718|10152810|1|114|35.3658|2022-06-24|2024-11-11
1477255|22238|10152816|1|114|77.8689|2023-02-04|2024-07-31
1477264|15848|10152818|1|114|41.6666|2022-10-12|2023-12-08
1477454|25747|10152858|1|125|63.7398|2023-06-04|2023-09-10
1478266|20106|10152918|1|14|141.0000|2022-10-27|2024-10-08
1478433|24524|10152922|1|125|297.5000|2023-02-24|2023-10-30
1478572|23867|10152943|1|14|112.5000|2023-03-06|2024-11-24
1478573|23867|10152953|1|14|112.5000|2023-03-06|2024-11-24
1478791|7035|10152954|1|110|157.3881|2022-03-05|2024-08-06
1479339|23876|10153006|1|126|309.3935|2023-02-16|2024-02-10
1480315|25862|10153012|1|116|101.6260|2023-06-16|2023-07-02
1480316|25862|10153017|1|114|12.3577|2023-06-16|2023-07-02
1480317|25862|10153025|1|114|32.1951|2023-06-16|2023-07-02
1480318|25862|10153027|1|114|15.6097|2023-06-16|2023-07-02
1480319|25862|10153029|1|114|10.5691|2023-06-16|2023-07-02
1480321|25862|10153044|1|114|32.5203|2023-06-16|2023-07-02
1480324|25862|10153050|1|114|17.0732|2023-06-16|2023-07-02
1480325|25862|10153051|1|114|23.5772|2023-06-16|2023-07-02
1480342|24545|10153056|1|115|275.0000|2022-08-15|2023-12-27
1480343|24545|10153060|1|125|325.0000|2022-08-15|2023-12-27
1481412|25907|10153142|1|114|30.8943|2023-05-22|2024-08-05
1481413|25907|10153143|1|114|30.8943|2023-05-22|2024-08-05
1481414|25907|10153149|1|114|30.8943|2023-05-22|2024-08-05
1481576|25911|10153189|1|14|175.6098|2022-01-01|2024-02-12
1481729|10704|10153211|1|111|99.1803|2022-08-10|2024-01-18
1481741|25925|10153235|1|115|272.3577|2022-06-03|2024-12-11
1482093|22308|10153244|1|114|95.0000|2023-02-06|2024-05-13
1482215|16213|10153261|1|127|93.4426|2022-12-27|2024-07-31
1482592|25963|10153274|1|142|172.7643|2022-10-05|2023-07-05
1482933|25983|10153291|1|124|50.8130|2022-03-20|2024-10-03
1483479|20174|10153441|1|114|284.2893|2022-03-09|2024-03-19
1483681|21579|10153487|1|14|684.4262|2023-04-22|2024-12-28
1484180|10737|10153547|1|114|572.9508|2022-02-13|2024-12-09
1484957|20206|10153958|1|114|192.2555|2022-06-04|2024-12-03
1484990|26071|10153961|1|114|77.7235|2022-05-23|2024-01-30
1485716|14713|10154009|1|118|218.4426|2022-12-19|2024-05-28
1485803|26098|10154019|1|114|14.3089|2022-02-27|2023-10-23
1485941|17229|10154042|1|116|149.1803|2022-11-30|2024-06-09
1486420|26121|10154064|1|114|313.0081|2022-06-10|2024-03-28
1486535|26129|10154106|1|114|117.0731|2022-01-16|2023-12-28
1486709|23979|10154150|1|114|250.2500|2022-08-12|2023-08-23
1487056|10454|10154174|1|14|850.0000|2022-10-28|2024-04-20
1487177|23120|10154226|1|14|149.1803|2022-04-04|2024-12-10
1487441|26173|10154294|1|114|70.8943|2022-06-09|2024-08-19
1487443|26173|10154326|1|118|151.6260|2022-06-09|2024-08-19
1488214|20274|10154355|1|114|548.9998|2023-02-11|2023-09-27
1488376|23123|10154371|1|114|347.9897|2022-03-01|2024-04-20
1488840|10462|10154410|1|14|323.7705|2022-07-13|2024-01-20
1488866|23127|10154423|1|142|78.6885|2022-07-12|2023-07-17
1490055|26294|10154568|1|14|35.7724|2022-02-02|2024-05-25
1490203|16333|10154661|1|114|125.0000|2022-03-01|2023-11-15
1490774|23145|10154674|1|115|162.4000|2023-01-02|2024-05-29
1491096|22424|10154714|1|114|173.0000|2023-05-13|2023-11-28
1491653|16341|10154830|1|14|48.7704|2023-03-15|2023-09-10
1491917|26373|10154855|1|14|225.7171|2022-10-31|2023-08-13
1491949|16364|10154874|1|125|145.0819|2022-02-25|2023-10-22
1491953|26376|10154876|1|111|264.2276|2022-08-05|2023-08-01
1492478|26404|10154892|1|114|35.4471|2023-05-09|2023-12-09
1492731|18031|10154926|1|115|97.1999|2022-06-25|2024-03-19
1493141|24055|10154931|1|127|711.0833|2022-11-04|2024-08-23
1493482|26447|10154965|1|114|39.3496|2023-03-07|2024-12-20
1493566|22457|10155036|1|14|196.7213|2023-05-30|2024-10-10
1493819|26459|10155041|1|14|216.2602|2022-11-22|2024-04-27
1494025|26472|10155159|1|114|28.4000|2022-01-09|2023-11-15
1494322|17343|10155160|1|14|486.8852|2023-05-10|2024-07-25
1494362|20401|10155165|1|114|156.9486|2022-09-09|2024-12-02
1494439|26497|10155174|1|14|193.4959|2022-10-05|2023-08-15
1494613|24073|10155192|1|114|246.7500|2022-01-07|2024-10-23
1494968|20417|10155196|1|131|261.1000|2023-04-16|2024-02-18
1495013|21709|10155207|1|118|569.7540|2022-05-14|2023-08-30
1495015|21709|10155208|1|118|129.0983|2022-05-14|2023-08-30
1495561|16056|10155228|1|115|62.5000|2022-10-07|2023-07-18
1496837|17376|10155274|1|14|540.0000|2022-10-31|2024-08-31
1497138|17381|10155283|1|127|628.2787|2023-05-28|2024-07-16
1497437|26631|10155304|1|115|118.0000|2022-12-31|2024-02-24
1497438|26631|10155309|1|125|146.4000|2022-12-31|2024-02-24
1497571|16799|10155313|1|14|238.1250|2022-03-23|2024-10-06
1497631|23190|10155315|1|131|106.1475|2022-12-03|2024-08-18
1497642|26641|10155316|1|14|902.6896|2023-03-27|2024-09-14
1498043|24640|10155340|1|112|100.0000|2022-04-06|2024-04-05
1498193|22503|10155344|1|114|86.0656|2022-06-17|2024-09-26
1498574|22510|10155361|1|115|791.8032|2022-04-26|2024-06-24
1498575|22510|10155368|1|115|791.8032|2022-04-26|2024-06-24
1498992|26692|10155527|1|14|44.7154|2022-01-22|2024-06-20
1499051|16458|10155533|1|114|282.7869|2022-12-20|2024-09-12
1499463|26704|10155543|1|14|709.7560|2022-08-30|2024-03-28
1499500|26706|10155554|1|118|151.6260|2023-03-16|2024-01-10
1499572|21778|10155559|1|114|86.0656|2023-04-06|2023-09-05
1499673|17409|10155562|1|14|528.6885|2022-08-11|2023-08-11
1499965|26733|10155591|1|114|117.0731|2022-10-14|2023-08-18
1500104|26740|10155595|1|115|164.8780|2022-07-16|2024-02-05
1501169|21801|10155647|1|116|166.9672|2022-09-16|2024-09-02
1501278|22547|10155698|1|114|77.8689|2022-11-08|2024-05-14
1501831|16440|10155731|1|125|244.2623|2022-07-17|2023-08-02
1502218|23221|10155732|1|114|132.7869|2022-10-10|2024-10-18
1502768|26844|10155733|1|114|30.0000|2022-06-30|2024-08-26
1503641|26877|10155760|1|114|14.3089|2023-02-02|2024-10-04
1503790|26882|10155761|1|124|223.0000|2022-08-13|2024-06-07
1503932|22583|10155762|1|114|127.0492|2022-04-19|2024-02-16
1504308|16814|10155801|1|14|495.0000|2022-12-31|2024-09-19
1504830|26910|10155876|1|122|194.3089|2022-03-23|2024-11-22
1504953|24202|10155902|1|14|112.5000|2023-06-15|2023-10-16
1505242|26929|10155923|1|114|9.4308|2022-10-04|2024-12-21
1505243|26929|10155933|1|114|41.4634|2022-10-04|2024-12-21
1505416|24211|10155987|1|14|350.0000|2022-01-23|2024-02-18
1505976|11300|10156079|1|14|639.8000|2022-06-03|2024-03-10
1507480|21877|10156259|1|114|90.1639|2022-01-27|2023-08-29
1507729|13159|10156266|1|114|184.4262|2023-05-08|2023-10-18
1507736|27033|10156269|1|114|77.2358|2022-06-17|2024-07-15
1507737|27033|10156270|1|114|71.5447|2022-06-17|2024-07-15
1508182|16209|10156320|1|114|70.8333|2022-08-01|2024-10-29
1509021|16222|10156383|1|114|125.0000|2023-03-17|2024-06-27
1509159|21902|10156412|1|14|77.8689|2023-03-03|2024-04-20
1509442|16661|10156423|1|114|204.0984|2022-11-25|2023-07-14
1509556|27102|10156477|1|114|256.0976|2022-02-20|2024-11-22
1509974|10608|10156501|1|115|199.1803|2022-04-30|2024-12-30
1510746|27148|10156612|1|14|1620.3252|2022-06-17|2024-04-03
1510775|21920|10156613|1|118|443.9344|2023-05-02|2024-04-11
1510776|21920|10156615|1|114|188.5246|2023-05-02|2024-04-11
1512061|27212|10156776|1|116|247.9675|2022-07-16|2024-08-25
1512065|27212|10156800|1|114|57.7236|2022-07-16|2024-08-25
1512066|27212|10156804|1|114|178.8618|2022-07-16|2024-08-25
1512067|27212|10156806|1|114|39.3496|2022-07-16|2024-08-25
1512173|27217|10156808|1|114|71.5447|2023-06-01|2023-11-14
1512201|27218|10156812|1|114|71.5447|2022-02-06|2023-10-20
1512773|27243|10156857|1|14|410.5691|2022-01-09|2024-01-31
1512935|23298|10156869|1|114|237.7049|2022-06-19|2024-02-06
1513037|20721|10156884|1|125|252.4590|2022-06-17|2024-12-20
1513310|16749|10156901|1|114|122.9508|2022-02-01|2023-12-05
1513455|16755|10156913|1|114|278.6885|2022-04-18|2023-08-25
1513842|27296|10157071|1|14|135.3658|2023-06-18|2024-07-06
1514028|11510|10157082|1|115|64.0000|2022-12-13|2024-08-17
1514060|27307|10157083|1|118|151.6260|2022-06-25|2024-12-03
1514359|13251|10157120|1|14|983.6066|2022-06-13|2023-10-04
1515418|27374|10157173|1|114|239.8374|2022-11-29|2023-09-01
1515428|11441|10157175|1|115|285.1240|2022-04-05|2024-08-06
1515665|10653|10157195|1|14|975.4098|2023-02-25|2023-07-14
1515719|27384|10157200|1|114|46.5040|2022-10-11|2024-08-29
1515798|27391|10157212|1|127|178.5366|2022-11-21|2023-08-24
1516221|22727|10157275|1|14|573.7704|2023-01-11|2024-12-25
1516271|24436|10157280|1|114|194.5020|2022-04-26|2024-12-10
1516450|27427|10157284|1|14|193.4709|2022-12-11|2023-07-15
1516458|22731|10157328|1|118|161.0000|2023-01-20|2024-01-02
1517633|13291|10157410|1|114|127.0492|2023-06-15|2023-07-01
1517848|27488|10157414|1|114|385.3658|2023-03-13|2023-12-03
1518050|11478|10157423|1|14|572.7273|2023-01-21|2023-10-20
1518206|16291|10157435|1|114|70.0000|2022-08-22|2024-08-24
1518309|20786|10157442|1|14|1157.0000|2022-06-12|2023-11-05
1518351|17636|10157444|1|14|266.3934|2022-07-23|2024-01-13
1518592|15715|10157489|1|115|541.8033|2022-12-29|2024-01-08
1518846|17641|10157572|1|114|130.0000|2022-11-03|2024-11-17
1518885|11039|10157594|1|146|90.3000|2023-05-31|2024-05-22
1519572|27552|10157612|1|114|116.2602|2023-01-16|2024-07-14
1519600|20805|10157635|1|14|246.2489|2022-01-05|2023-07-07
1520081|17662|10157706|1|114|166.3934|2023-04-20|2024-08-20
1520194|27582|10157712|1|122|194.3089|2022-12-17|2023-11-03
1521251|14913|10157753|1|126|909.8360|2023-02-15|2024-05-24
1522451|14919|10158056|1|14|700.6844|2022-03-30|2023-11-06
1522727|24560|10158102|1|115|45.8333|2023-04-23|2024-12-13
1522755|24836|10158106|1|114|138.0000|2023-03-25|2024-06-09
1522773|24561|10158143|1|118|260.7817|2022-08-14|2024-03-08
1523076|22108|10158275|1|14|252.0000|2022-05-04|2024-11-03
1523192|16978|10158279|1|115|66.0000|2022-04-13|2024-08-24
1524028|29681|10158352|1|14|55.1965|2022-09-10|2024-08-23
1524037|22126|10158359|1|114|143.4426|2023-04-15|2023-09-18
1524070|22127|10158366|1|14|1106.5574|2022-11-06|2024-11-22
1524652|18408|10158393|1|114|250.0000|2023-02-05|2024-12-16
1524716|24600|10158421|1|126|350.8333|2023-05-01|2023-08-15
1525132|10460|10158462|1|14|466.6667|2022-04-29|2023-11-13
1525152|23381|10158487|1|114|163.1148|2023-02-20|2024-07-08
1525367|27784|10158512|1|114|142.2764|2023-05-12|2023-12-19
1525792|24866|10158529|1|114|122.0000|2023-05-21|2024-03-22
1526662|24633|10158589|1|126|2011.5000|2023-05-25|2024-08-10
1526796|13410|10158650|1|114|303.2787|2023-01-30|2024-11-21
1526797|13410|10158666|1|114|303.2787|2023-01-30|2024-11-21
1526928|22836|10158684|1|114|300.0000|2022-09-09|2024-09-21
1527078|27865|10158691|1|14|87.5886|2022-02-19|2024-04-04
1527149|24874|10158693|1|146|105.0000|2022-08-20|2024-07-06
1527180|27870|10158716|1|114|338.0000|2022-03-22|2024-11-10
1527331|27880|10158746|1|114|392.5000|2022-03-11|2024-07-10
1527744|20939|10158882|1|115|83.6066|2022-04-07|2024-03-13
1527932|27917|10158903|1|114|6.8292|2022-08-04|2024-11-09
1528900|24683|10159072|1|127|131.6666|2023-05-23|2024-07-08
1529523|13451|10159214|1|116|413.3850|2022-07-02|2023-11-16
1529551|15826|10159229|1|114|154.9180|2022-03-01|2024-06-24
1529567|27999|10159240|1|14|115.0000|2022-06-23|2023-11-29
1529655|14944|10159247|1|14|885.2459|2023-01-16|2023-11-18
1530220|24701|10159262|1|14|112.5000|2023-03-10|2023-12-14
1530223|24701|10159274|1|14|112.5000|2023-03-10|2023-12-14
1530224|24701|10159282|1|14|416.6667|2023-03-10|2023-12-14
1531061|16711|10159320|1|114|73.7705|2022-04-15|2024-06-24
1531340|28067|10159325|1|114|365.0407|2022-06-16|2023-07-18
1532067|16722|10159357|1|115|438.5246|2023-03-29|2024-09-01
1532206|22226|10159386|1|115|73.7705|2022-10-17|2024-11-26
1532301|13496|10159389|1|14|98.3607|2023-03-24|2023-10-13
1532302|13496|10159391|1|14|98.3607|2023-03-24|2023-10-13
1532923|28122|10159402|1|114|174.7967|2023-01-29|2024-11-13
1532950|15872|10159406|1|114|97.5410|2022-01-26|2023-08-26
1533180|11706|10159414|1|114|359.0000|2022-05-31|2024-08-18
1533442|17223|10159422|1|114|204.0984|2023-05-11|2024-03-25
1533520|22894|10159441|1|115|183.6065|2022-07-14|2024-01-20
1533691|24925|10159445|1|125|295.0000|2023-02-03|2023-10-27
1533837|23438|10159449|1|116|250.0000|2023-02-07|2023-11-14
1533901|28160|10159457|1|14|15.2000|2023-01-26|2024-02-27
1534069|21041|10159477|1|14|1931.0385|2022-11-28|2024-05-07
1534074|28173|10159514|1|14|135.7724|2023-05-14|2024-05-09
1534542|22258|10159627|1|14|360.0000|2023-05-31|2024-11-13
1534543|22258|10159628|1|115|85.0000|2023-05-31|2024-11-13
1534544|22258|10159632|1|115|85.0000|2023-05-31|2024-11-13
1534663|13533|10159674|1|114|110.0000|2022-03-04|2024-02-22
1534747|6928|10159676|1|114|109.2437|2022-05-15|2023-11-05
1534748|6928|10159678|1|114|109.2437|2022-05-15|2023-11-05
1534935|22268|10159713|1|14|442.6230|2023-04-06|2023-12-14
1534976|28201|10159726|1|114|193.4959|2023-01-24|2024-03-12
1535067|28204|10159744|1|142|48.0000|2022-11-23|2023-10-28
1535251|28213|10159794|1|14|498.3740|2023-03-05|2024-08-07
1536063|16420|10159828|1|114|41.6667|2022-06-17|2024-04-27
1536250|28255|10159864|1|114|152.8455|2023-05-07|2024-12-20
1536264|16422|10159868|1|114|82.5000|2022-03-18|2024-06-29
1537042|28285|10159910|1|114|35.7724|2022-12-02|2024-12-11
1537043|28285|10159915|1|114|30.8943|2022-12-02|2024-12-11
1537056|18568|10159925|1|114|77.8689|2022-05-25|2024-12-23
1537190|22298|10159945|1|14|49.1803|2022-08-05|2024-04-06
1537421|28298|10160020|1|118|180.0000|2022-08-02|2024-10-11
1537975|28318|10160072|1|14|165.0406|2022-04-14|2024-06-19
1538521|24955|10160134|1|114|103.0000|2023-01-02|2024-02-09
1538790|23472|10160219|1|114|154.9180|2022-07-30|2024-12-23
1538876|24847|10160244|1|111|302.9382|2022-05-30|2024-08-20
1539354|21111|10160246|1|118|1645.3034|2023-01-22|2024-05-15
1539638|24860|10160285|1|14|50.0000|2022-05-10|2024-09-25
1539639|24860|10160319|1|14|50.0000|2022-05-10|2024-09-25
1539886|28380|10160353|1|116|335.7724|2022-02-04|2024-07-27
1540078|22964|10160378|1|114|93.0000|2023-04-29|2023-07-26
1540506|11604|10160387|1|114|114.7541|2022-07-19|2023-09-25
1541073|28413|10160425|1|14|327.2357|2023-04-18|2023-09-02
1541910|28444|10160452|1|116|838.0000|2022-07-20|2023-12-24
1541924|28445|10160461|1|122|194.3089|2022-07-13|2024-08-22
1542700|18656|10160519|1|114|309.8360|2022-05-23|2023-11-20
1543456|28545|10160557|1|112|163.0081|2022-07-04|2024-03-22
1544422|17936|10160604|1|118|1120.0000|2022-09-06|2024-04-11
1544487|17448|10160610|1|14|946.7213|2022-09-28|2024-01-06
1544494|28621|10160611|1|112|399.5000|2022-07-24|2023-09-03
1544526|28627|10160612|1|14|1069.6923|2023-03-15|2024-08-15
1544537|22382|10160618|1|114|130.0000|2022-09-05|2024-12-05
1545056|11731|10160652|1|114|127.0492|2023-02-16|2023-07-13
1545057|11731|10160671|1|114|127.0492|2023-02-16|2023-07-13
1545497|22390|10160725|1|114|118.8525|2023-06-19|2023-08-19
1545602|6323|10160797|1|114|356.1364|2023-06-24|2024-05-07
1545624|21199|10160798|1|114|286.8852|2022-11-07|2023-09-13
1545824|28716|10160812|1|111|157.7236|2023-03-04|2024-09-27
1545825|28716|10160817|1|111|157.7236|2023-03-04|2024-09-27
1545980|23016|10160827|1|115|407.9464|2023-02-02|2024-07-19
1546122|28737|10160879|1|14|735.0000|2023-01-21|2024-10-31
1546770|28781|10160919|1|14|250.4065|2023-02-03|2024-04-05
1547855|28831|10160991|1|14|165.8536|2022-06-16|2024-12-25
1548431|13746|10161204|1|114|819.6721|2022-08-05|2024-09-12
1548640|8813|10161246|1|115|290.1918|2022-12-21|2024-07-03
1548813|28868|10161257|1|114|68.0000|2022-01-09|2023-12-31
1548822|28869|10161273|1|14|130.0000|2023-01-10|2024-06-02
1550392|17630|10161378|1|115|122.1311|2023-01-07|2024-07-06
1550393|17630|10161382|1|115|122.1311|2023-01-07|2024-07-06
1550857|28974|10161387|1|133|195.9350|2022-03-09|2023-08-11
1550858|28974|10161417|1|122|194.3089|2022-03-09|2023-08-11
1551235|17653|10161497|1|114|139.3443|2022-01-30|2023-08-31
1551462|23558|10161508|1|114|209.8361|2022-04-11|2024-07-22
1551786|17667|10161523|1|115|122.1311|2022-09-14|2024-05-04
1552580|18033|10161652|1|14|39.3443|2022-06-12|2024-11-04
1552581|18033|10161684|1|115|122.1311|2022-06-12|2024-11-04
1552958|21293|10161714|1|14|309.8036|2022-05-10|2024-08-30
1553020|29067|10161725|1|114|83.7398|2022-06-30|2024-01-24
1553380|17730|10161742|1|14|39.3443|2022-05-26|2024-05-18
1553604|13847|10161783|1|115|243.4426|2022-12-20|2024-01-30
1554220|29114|10161941|1|14|799.3674|2022-03-11|2023-11-02
1554291|17754|10161960|1|115|45.0820|2022-09-12|2024-05-21
1555130|29164|10162030|1|125|231.7073|2023-05-01|2024-11-21
1555573|21317|10162090|1|14|960.6557|2022-08-12|2024-10-02
1555585|29186|10162119|1|114|133.3333|2022-10-13|2024-12-01
1555586|29186|10162125|1|114|98.3740|2022-10-13|2024-12-01
1555851|18828|10162163|1|114|325.0000|2023-01-18|2023-09-25
1556265|16066|10162273|1|114|81.1475|2023-01-13|2023-08-18
1556300|18088|10162274|1|114|195.9016|2022-01-26|2023-12-08
1556479|25067|10162339|1|14|891.0000|2022-11-01|2024-11-30
1556507|16072|10162350|1|114|106.5574|2022-12-13|2024-11-18
1559101|23606|10162444|1|114|73.7705|2023-02-02|2023-12-05
1559828|18138|10162529|1|114|143.4426|2023-01-19|2024-04-03
1560121|11280|10162601|1|127|328.2319|2022-07-21|2024-09-13
1560198|22612|10162608|1|114|188.5246|2023-06-07|2024-09-18
1560203|29365|10162609|1|114|179.6748|2022-03-21|2024-04-11
1560204|29365|10162626|1|114|20.3252|2022-03-21|2024-04-11
1560205|29365|10162631|1|114|20.3252|2022-03-21|2024-04-11
1560206|29365|10162637|1|114|124.3902|2022-03-21|2024-04-11
1560263|25115|10162716|1|114|137.5000|2022-09-08|2024-09-18
1560469|22618|10162735|1|114|94.2623|2022-06-25|2024-06-11
1560747|29390|10162749|1|114|30.8943|2023-03-19|2024-08-29
1560796|16939|10162750|1|115|154.5081|2022-05-31|2023-07-07
1560836|18907|10162763|1|114|77.8689|2022-03-19|2024-12-06
1561122|21386|10162778|1|115|132.7869|2023-05-14|2023-10-09
1562877|13987|10162884|1|116|420.4778|2022-02-12|2023-07-10
1563220|29479|10162896|1|114|44.7154|2022-01-23|2024-08-18
1563238|23213|10162901|1|115|285.1301|2023-04-09|2023-12-29
1563457|13993|10162915|1|114|90.1639|2022-01-09|2023-09-19
1563525|18950|10162919|1|115|73.7705|2022-11-30|2024-11-24
1563822|18074|10162954|1|14|139.3443|2023-01-22|2023-12-09
1563936|18079|10162955|1|116|660.9458|2022-05-31|2024-09-19
1563963|18082|10162962|1|114|131.1475|2023-02-01|2024-06-17
1564020|18085|10162969|1|114|180.3279|2022-03-30|2024-12-27
1564464|18971|10162976|1|115|490.0000|2022-12-10|2023-09-08
1564559|16144|10162995|1|114|81.1475|2022-05-07|2024-10-12
1564797|18114|10163000|1|116|286.8852|2023-01-07|2024-06-08
1564995|11766|10163035|1|118|195.0819|2022-05-08|2024-03-12
1565030|18214|10163045|1|114|219.0000|2023-03-30|2024-09-01
1565230|18989|10163079|1|14|335.3564|2022-03-25|2023-10-10
1565454|11910|10163161|1|111|358.6065|2022-05-01|2024-04-11
1565658|25105|10163270|1|125|308.0000|2022-11-04|2023-11-12
1566476|18154|10163398|1|115|86.0656|2023-02-20|2023-10-29
1566999|18169|10163445|1|14|40.0000|2023-02-26|2024-12-26
1567057|10831|10163457|1|114|136.5000|2023-04-30|2024-12-04
1567986|23284|10163496|1|125|200.8197|2022-08-11|2023-09-10
1568803|18198|10163604|1|115|89.3443|2022-05-19|2024-06-28
1569648|18271|10163641|1|14|39.3443|2022-07-05|2024-01-01
1569834|25256|10163658|1|14|112.5000|2022-07-30|2024-09-20
1569835|25256|10163659|1|14|112.5000|2022-07-30|2024-09-20
1570420|25264|10163713|1|114|81.2500|2022-11-18|2024-02-12
1570748|29765|10163742|1|114|60.9756|2023-05-01|2024-07-29
1570750|29765|10163775|1|114|52.8455|2023-05-01|2024-07-29
1570802|29766|10163784|1|111|276.4228|2023-02-16|2024-01-09
1571031|23315|10163787|1|115|327.8689|2023-05-02|2024-06-27
1572070|29801|10163866|1|14|1750.0000|2023-06-03|2024-11-05
1572165|25289|10163876|1|114|157.0000|2022-12-10|2024-02-04
1572286|18309|10163877|1|114|139.3443|2022-08-14|2024-03-19
1572408|25292|10163880|1|114|170.1447|2022-05-03|2023-10-26
1572409|25292|10163900|1|114|213.7781|2022-05-03|2023-10-26
1572410|25292|10163919|1|114|258.0793|2022-05-03|2023-10-26
1572455|29815|10163932|1|114|32.1951|2023-06-07|2024-04-21
1572891|25302|10163961|1|14|1024.7414|2023-02-20|2023-10-25
1573054|25303|10163973|1|114|160.8333|2022-12-23|2023-09-08
1573574|18326|10164021|1|115|225.4098|2022-03-26|2024-08-22
1574051|17072|10164031|1|115|286.8852|2022-08-19|2024-08-04
1574135|25316|10164040|1|127|821.2500|2022-02-15|2023-11-17
1574192|22794|10164043|1|114|94.2623|2022-10-26|2023-08-30
1574259|25318|10164064|1|14|240.0000|2023-05-06|2024-04-22
1574769|22804|10164066|1|114|54.0000|2023-06-24|2024-03-09
1576161|19261|10164114|1|114|63.1147|2023-04-01|2024-02-19
1576179|18399|10164115|1|115|176.2295|2022-02-21|2024-04-13
1576591|29954|10164145|1|14|260.9756|2022-08-16|2023-10-18
1576707|23380|10164155|1|114|270.0000|2023-06-26|2023-11-09
1577042|21594|10164217|1|114|270.0000|2022-10-04|2024-06-05
1577157|7374|10164234|1|115|168.0328|2022-04-09|2024-04-21
1577292|29970|10164236|1|14|243.9024|2022-10-04|2024-02-12
1577480|14207|10164318|1|14|622.9508|2022-01-29|2024-01-16
1577772|22843|10164346|1|14|1024.5902|2022-11-07|2024-01-03
1577787|25354|10164348|1|14|361.6667|2023-04-25|2023-10-07
1577788|25354|10164375|1|14|434.1667|2023-04-25|2023-10-07
1578278|30013|10164462|1|114|56.9106|2022-04-09|2024-09-06
1578640|13401|10164485|1|114|390.0000|2022-07-30|2023-07-03
1578743|23409|10164488|1|115|188.5246|2023-02-18|2024-11-22
1578864|21628|10164494|1|114|135.0000|2022-07-05|2024-05-15
1578969|30030|10164518|1|114|21.1382|2022-08-17|2024-09-15
1579126|25365|10164536|1|14|112.5000|2022-03-08|2024-09-20
1579694|18406|10164712|1|14|1049.1803|2023-05-21|2023-08-22
1579893|23423|10164754|1|112|152.0491|2022-11-07|2024-12-15
1580176|30070|10164907|1|14|21.1382|2022-08-14|2024-06-09
1580869|30086|10165082|1|14|625.0000|2022-08-11|2023-11-01
1582575|30134|10165199|1|122|194.3089|2023-02-12|2024-05-29
1582780|21686|10165204|1|115|1772.1311|2023-03-30|2024-04-04
1582826|30139|10165228|1|114|21.1382|2023-06-22|2023-07-22
1583037|9205|10165236|1|114|180.3279|2022-03-26|2024-01-09
1583343|18454|10165316|1|116|225.4098|2022-05-05|2024-09-03
1583428|13422|10165319|1|115|200.8197|2023-02-07|2024-04-17
1583798|9218|10165345|1|14|532.7869|2022-09-11|2024-08-28
1584756|23808|10165419|1|114|62.2951|2023-01-18|2023-07-09
1584775|18619|10165422|1|14|225.0000|2022-02-17|2023-08-12
1584819|16778|10165460|1|114|79.1667|2022-02-21|2023-10-06
1585488|12427|10165517|1|14|276.8595|2022-03-02|2024-01-27
1585916|22948|10165561|1|14|315.5738|2022-01-01|2023-07-26
1586014|17177|10165576|1|115|368.8525|2023-05-14|2023-09-20
1587332|22962|10165603|1|114|456.1475|2022-05-09|2023-10-02
1587451|23828|10165629|1|14|54.0984|2022-07-24|2024-11-09
1587452|23828|10165630|1|115|86.0656|2022-07-24|2024-11-09
1588425|17207|10165634|1|114|286.8852|2022-03-11|2024-10-05
1588738|6600|10165647|1|114|130.0000|2022-10-06|2024-04-13
1588906|23836|10165648|1|14|613.9344|2022-02-27|2023-10-25
1588907|23836|10165649|1|14|613.9344|2022-02-27|2023-10-25
1589122|19474|10165652|1|127|166.2500|2023-04-28|2024-10-18
1589252|25493|10165666|1|14|625.0000|2023-06-19|2024-08-18
1589260|19476|10165669|1|115|113.3196|2022-03-27|2024-04-15
1589427|22987|10165690|1|114|81.9672|2023-01-20|2024-11-23
1589497|21758|10165699|1|114|336.8852|2023-06-09|2024-09-12
1590253|22999|10165740|1|14|344.2623|2022-02-03|2024-10-03
1591690|25522|10165884|1|14|112.5000|2022-11-15|2023-12-23
1591726|23853|10165892|1|114|209.8361|2023-06-14|2024-11-20
1592011|18824|10165952|1|14|1331.9672|2022-06-24|2024-06-25
1592612|19533|10165966|1|14|143.4426|2023-06-28|2024-08-26
1592832|25544|10165991|1|115|306.6666|2022-06-08|2024-07-26
1593158|23034|10166022|1|115|73.7705|2022-07-05|2024-12-06
1593273|21809|10166054|1|14|1312.2951|2023-04-02|2023-10-27
1593912|12553|10166113|1|114|481.0000|2023-01-02|2023-08-29
1593958|23580|10166143|1|114|594.2623|2022-09-15|2024-11-29
1594589|23056|10166172|1|114|115.0000|2023-03-14|2024-08-27
1594590|23056|10166189|1|114|525.0000|2023-03-14|2024-08-27
1594756|25277|10166349|1|116|98.0000|2022-03-10|2024-05-16
1596138|21838|10166504|1|118|240.4098|2023-05-07|2024-02-21
1596226|25596|10166516|1|114|1150.0000|2022-06-22|2024-12-09
1596358|18606|10166535|1|14|695.0000|2022-12-02|2023-07-01
1596807|18972|10166610|1|114|89.3443|2022-04-14|2024-04-08
1596808|18972|10166625|1|114|131.1475|2022-04-14|2024-04-08
1597022|9273|10166672|1|14|534.8099|2023-04-28|2024-10-31
1597187|25605|10166687|1|14|1625.0000|2022-02-28|2024-07-18
1597883|23634|10166698|1|116|166.3934|2022-03-27|2023-10-31
1598676|25298|10166772|1|116|264.0000|2023-02-07|2023-11-26
1600353|14669|10166949|1|14|830.0000|2022-05-11|2024-03-23
1600682|19101|10166974|1|114|109.0000|2022-01-16|2023-11-28
1600731|19102|10166985|1|114|237.6267|2022-04-10|2024-01-18
1600928|11223|10166986|1|114|70.8333|2022-01-28|2024-10-06
1601373|23124|10167017|1|114|151.6393|2022-01-07|2023-10-23
1601431|19127|10167022|1|115|65.5738|2023-06-25|2024-07-05
1602333|23682|10167087|1|114|55.7377|2022-08-21|2024-11-11
1602334|23682|10167088|1|114|55.7377|2022-08-21|2024-11-11
1602412|21911|10167095|1|114|91.8033|2023-06-23|2024-11-05
1603502|12678|10167191|1|114|262.8099|2023-03-31|2024-05-22
1603503|12678|10167193|1|114|241.3223|2023-03-31|2024-05-22
1604123|8790|10167269|1|116|112.2951|2022-07-27|2024-08-19
1604124|8790|10167270|1|114|40.9836|2022-07-27|2024-08-19
1606030|19280|10167487|1|114|98.3607|2022-07-22|2024-09-12
1606749|19693|10167524|1|114|155.7377|2023-03-17|2024-04-17
1608077|25340|10167636|1|115|158.0000|2022-10-05|2023-12-20
1608488|23754|10167673|1|114|168.0328|2022-05-07|2024-11-12
1608512|19347|10167677|1|115|187.7049|2022-06-07|2024-02-06
1610390|22009|10167824|1|115|336.8852|2022-12-26|2024-12-12
1610899|18781|10167884|1|114|311.4754|2022-09-11|2024-07-07
1612724|22032|10168028|1|14|404.9180|2023-05-20|2024-05-21
1613119|23270|10168076|1|115|84.0164|2022-12-12|2024-05-08
1613221|7580|10168105|1|114|151.6393|2022-02-15|2024-07-13
1613529|14869|10168155|1|114|163.9344|2022-04-28|2023-10-27
1614611|25806|10168240|1|14|266.0000|2022-04-22|2024-06-28
1614763|19546|10168250|1|125|172.1311|2023-04-05|2024-07-21
1615050|16569|10168263|1|114|151.6393|2023-01-09|2023-08-27
1615052|16569|10168271|1|114|127.0492|2023-01-09|2023-08-27
1616660|22076|10168469|1|114|102.4590|2023-01-19|2024-06-27
1616822|12350|10168473|1|114|180.3279|2022-07-26|2024-12-09
1617093|25833|10168476|1|116|725.0000|2022-12-14|2023-07-02
1617257|23850|10168483|1|114|106.5574|2023-05-05|2024-12-08
1617258|23337|10168495|1|114|98.3607|2022-08-06|2024-03-23
1617259|23337|10168503|1|114|98.3607|2022-08-06|2024-03-23
1617284|7126|10168506|1|114|188.5246|2023-04-05|2024-11-16
1617299|18867|10168507|1|114|98.3607|2022-07-20|2024-10-05
1617382|25835|10168531|1|14|112.5000|2022-03-31|2023-10-20
1617737|22089|10168583|1|115|110.6557|2023-05-20|2024-05-26
1617738|22089|10168593|1|115|110.6557|2023-05-20|2024-05-26
1617739|22089|10168596|1|115|110.6557|2023-05-20|2024-05-26
1617740|22089|10168598|1|115|110.6557|2023-05-20|2024-05-26
1617741|22089|10168601|1|115|110.6557|2023-05-20|2024-05-26
1617742|22089|10168603|1|115|110.6557|2023-05-20|2024-05-26
1617954|22094|10168643|1|14|71.7213|2022-11-25|2023-07-21
1619249|19725|10168724|1|115|114.7541|2022-08-26|2024-05-15
1619980|25866|10168745|1|116|941.6667|2022-05-26|2024-02-11
1620276|19769|10168770|1|115|90.1639|2022-11-11|2024-02-08
1620305|7627|10168776|1|115|92.4370|2022-11-15|2024-05-02
1621473|23407|10168977|1|14|196.7213|2023-02-28|2023-10-26
1623442|15020|10169268|1|115|122.1311|2022-07-03|2024-02-23
1623451|19857|10169277|1|14|170.0000|2022-01-01|2024-12-06
1623674|16634|10169313|1|114|154.9180|2023-05-30|2024-09-15
1623823|24034|10169465|1|115|64.8361|2022-06-12|2023-12-13
1624240|16644|10169546|1|114|136.8852|2023-04-04|2024-12-28
1624256|19868|10169589|1|14|122.9508|2022-03-27|2024-08-24
1624395|19932|10169594|1|14|536.8852|2023-05-19|2024-10-01
1624696|19944|10169605|1|115|73.7705|2023-04-21|2023-10-28
1625739|23460|10169726|1|115|100.8196|2023-02-19|2024-08-23
1625989|11795|10169802|1|111|179.5082|2022-12-23|2024-03-19
1626057|9755|10169857|1|14|569.6721|2022-05-20|2023-08-04
1626748|20013|10169895|1|14|278.6885|2023-02-04|2023-10-27
1627779|16678|10169974|1|114|154.9180|2023-03-17|2023-09-29
1627803|20037|10169991|1|14|404.9180|2022-03-24|2024-12-12
1627848|23484|10170008|1|14|280.3279|2022-12-19|2024-06-15
1629602|22242|10170097|1|14|1386.0000|2023-06-08|2024-10-04
1629801|24009|10170117|1|115|689.6207|2023-06-26|2024-06-05
1629992|22245|10170141|1|14|1136.0656|2022-06-08|2024-11-27
1630270|17104|10170150|1|14|91.6666|2023-05-09|2024-11-02
1630276|23514|10170156|1|114|118.8525|2023-04-13|2024-05-03
1630806|13736|10170193|1|115|200.8197|2023-03-21|2024-01-17
1630826|11831|10170198|1|146|100.1000|2022-08-31|2024-06-07
1630978|25980|10170204|1|115|877.5000|2023-04-21|2024-03-05
1631236|16709|10170228|1|114|149.1803|2022-11-20|2024-06-12
1631571|24032|10170329|1|115|40.9836|2022-02-02|2023-10-31
1632446|25997|10170399|1|129|200.4166|2023-06-28|2023-07-04
1632841|9485|10170425|1|14|1538.3826|2023-06-27|2024-06-05
1633202|15203|10170434|1|115|237.7049|2022-01-24|2024-04-25
1634017|24094|10170502|1|118|315.5737|2023-02-18|2024-01-03
1634046|12502|10170503|1|14|254.0984|2022-11-13|2024-01-02
1634387|11874|10170510|1|118|272.9508|2022-05-11|2024-08-24
1634797|26022|10170550|1|114|356.0000|2022-11-11|2023-08-09
1635078|9872|10170596|1|125|101.4344|2023-06-05|2024-11-04
1635308|22311|10170639|1|118|216.8852|2023-03-02|2024-03-25
1635511|17168|10170644|1|115|191.9500|2022-01-11|2024-05-07
1636387|20257|10170699|1|115|170.0000|2022-09-01|2024-03-27
1636388|20257|10170705|1|115|145.0000|2022-09-01|2024-03-27
1636550|11650|10170707|1|114|70.8333|2022-02-25|2024-04-13
1637194|17155|10170765|1|114|162.5000|2022-10-13|2023-07-30
1637286|17157|10170767|1|114|69.4166|2023-04-10|2024-12-08
1637287|17157|10170774|1|121|145.8333|2023-04-10|2024-12-08
1637365|24104|10170778|1|116|239.3569|2022-05-05|2024-02-24
1637542|22346|10170787|1|118|313.6000|2022-03-07|2024-01-01
1637678|11911|10170794|1|114|150.0000|2022-11-17|2024-04-04
1637775|24109|10170805|1|125|117.0491|2022-06-05|2023-07-01
1638082|17688|10170819|1|14|86.0656|2023-04-03|2024-07-04
1638694|11924|10170834|1|111|149.1803|2023-02-25|2023-12-08
1639965|9699|10170870|1|115|223.5772|2022-09-05|2023-08-08
1640222|29949|10170914|1|14|32.5912|2022-08-24|2023-08-15
1640332|15354|10170952|1|115|217.2131|2023-01-08|2023-12-22
1641492|24156|10171057|1|14|614.7541|2023-06-16|2024-10-09
1642228|20420|10171078|1|14|807.3770|2022-12-19|2024-07-16
1642467|23678|10171195|1|14|225.4098|2022-10-26|2023-11-26
1642966|16791|10171227|1|14|939.3443|2022-08-30|2024-10-08
1643012|9965|10171244|1|14|295.0000|2022-03-26|2024-01-10
1643865|23687|10171380|1|111|290.9836|2023-01-17|2023-08-18
1644546|7770|10171394|1|114|232.7869|2022-05-11|2023-08-21
1645275|11757|10171462|1|114|70.8333|2022-01-24|2023-09-16
1645276|11757|10171463|1|114|70.8333|2022-01-24|2023-09-16
1645277|11757|10171468|1|114|70.8333|2022-01-24|2023-09-16
1645278|11757|10171473|1|114|70.8333|2022-01-24|2023-09-16
1645279|11757|10171560|1|114|70.8333|2022-01-24|2023-09-16
1645280|11757|10171572|1|114|70.8333|2022-01-24|2023-09-16
1645387|20169|10171673|1|14|299.1803|2022-12-24|2024-09-16
1645388|20169|10171699|1|14|299.1803|2022-12-24|2024-09-16
1646522|20563|10171845|1|14|622.9508|2022-08-16|2023-07-31
1646564|7785|10171994|1|114|420.0000|2022-09-25|2024-04-18
1648172|17228|10172111|1|114|175.0000|2022-07-14|2023-07-08
1648570|15486|10172218|1|14|39.3443|2022-09-13|2023-08-22
1648669|24256|10172316|1|114|69.6721|2022-05-02|2024-12-31
1649629|26188|10172496|1|14|95.8333|2022-08-12|2023-10-09
1649920|20220|10172547|1|14|295.0820|2023-03-11|2023-12-27
1650085|24206|10172595|1|14|122.9508|2023-05-25|2024-08-09
1650954|20705|10172688|1|114|114.7541|2023-02-26|2023-11-30
1651605|15845|10172776|1|116|184.4262|2022-08-21|2023-08-26
1652906|5440|10172852|1|14|110.0000|2022-05-23|2024-12-24
1653201|20773|10172878|1|115|68.8524|2023-05-24|2023-08-26
1653395|19319|10172904|1|14|217.2131|2022-07-15|2023-10-06
1653404|20782|10172927|1|114|118.8525|2022-08-04|2024-02-28
1653717|23822|10172931|1|14|95.0000|2023-03-21|2024-04-08
1654519|20809|10172996|1|114|139.3443|2022-05-10|2024-03-21
1655202|20279|10173148|1|115|106.5574|2023-05-18|2024-05-24
1655295|29996|10173286|1|114|33.3333|2023-06-08|2024-03-23
1655395|15618|10173306|1|114|73.7705|2023-05-06|2024-01-29
1656722|30003|10173597|1|14|19.1667|2022-03-08|2023-11-14
1656814|19358|10173607|1|114|77.8689|2022-02-13|2024-12-24
1656838|20878|10173614|1|115|145.0000|2023-05-11|2024-09-10
1657115|22653|10173655|1|14|175.4098|2022-11-03|2024-12-12
1657504|13328|10173682|1|133|206.6116|2022-05-17|2023-11-11
1657541|23875|10173713|1|114|159.5082|2023-04-14|2024-10-11
1658328|24350|10173732|1|14|795.0000|2022-11-17|2024-05-21
1658355|25587|10173741|1|114|185.0000|2023-02-16|2024-12-06
1659073|12686|10173840|1|125|109.0163|2022-07-28|2024-06-19
1660620|20989|10173909|1|115|89.3443|2023-01-31|2024-01-24
1660794|11628|10173911|1|14|651.6393|2023-03-02|2024-09-05
1661744|26345|10173931|1|142|558.3333|2022-03-22|2023-08-24
1661850|22713|10173932|1|114|110.6557|2022-11-28|2024-04-18
1662697|6111|10174005|1|118|241.5418|2022-07-21|2024-04-02
1662999|21062|10174022|1|114|77.8689|2022-05-04|2024-04-27
1663573|26369|10174086|1|14|112.5000|2023-05-09|2023-07-13
1663574|26369|10174097|1|14|112.5000|2023-05-09|2023-07-13
1663575|26369|10174136|1|14|112.5000|2023-05-09|2023-07-13
1664221|11967|10174148|1|114|162.5000|2022-05-30|2024-02-06
1664549|24312|10174196|1|127|370.3000|2022-02-24|2023-10-09
1665206|21135|10174247|1|114|89.3443|2022-04-26|2024-04-02
1665345|20394|10174271|1|115|275.0000|2022-01-15|2023-12-13
1665566|5570|10174341|1|14|295.0000|2022-10-25|2024-09-18
1665763|20397|10174428|1|115|106.5574|2023-06-02|2024-11-10
1665825|24435|10174443|1|125|196.7213|2023-06-29|2024-09-18
1665962|30028|10174461|1|14|57.3246|2022-08-15|2024-09-29
1666835|16942|10174636|1|114|247.5410|2023-04-27|2024-11-13
1667340|23980|10174649|1|14|131.1475|2022-08-12|2024-06-22
1668434|23996|10174738|1|114|122.9508|2023-03-09|2024-08-31
1668482|25635|10174750|1|116|245.0000|2022-04-17|2024-02-20
1668568|15833|10174775|1|14|651.6393|2022-12-04|2024-08-07
1668807|12454|10174796|1|114|135.0000|2022-09-09|2024-11-04
1670525|21286|10175117|1|115|393.4426|2022-11-19|2023-10-26
1670705|26444|10175118|1|116|145.8333|2022-06-23|2023-12-12
1671840|17999|10175184|1|14|368.8525|2023-05-18|2024-10-22
1672204|26471|10175198|1|114|432.1722|2022-06-30|2023-11-07
1672206|26471|10175203|1|114|288.5751|2022-06-30|2023-11-07
1673097|30054|10175267|1|14|18.1062|2022-10-03|2024-04-21